path,agent,task,status,timestamp,copy_path,note
SPEC.md,agent-M0-01,M0-01,locked,2026-10-07T20:39:55Z,,copy spec into repo
SPEC.md,agent-M0-01,M0-01,modified,2026-10-07T20:39:55Z,,copied SPEC v0.3; §3 layout uses crates/sverb and crates/sverb-e2e
Cargo.toml,agent-M0-01,M0-01,locked,2026-10-07T20:40:04Z,,lints pins profile
Cargo.lock,agent-M0-01,M0-01,locked,2026-10-07T20:40:04Z,,new crates and test deps
Cargo.toml,agent-M0-01,M0-01,modified,2026-10-07T20:40:25Z,,workspace lints; internal crates; Appendix A pins; release profile; MSRV
crates/sverb-crypto/Cargo.toml,agent-M0-01,M0-01,locked,2026-10-07T20:40:37Z,,new crate skeleton
crates/sverb-crypto/src/lib.rs,agent-M0-01,M0-01,locked,2026-10-07T20:40:37Z,,new crate skeleton
crates/sverb-proto/Cargo.toml,agent-M0-01,M0-01,locked,2026-10-07T20:40:37Z,,new crate skeleton
crates/sverb-proto/src/lib.rs,agent-M0-01,M0-01,locked,2026-10-07T20:40:37Z,,new crate skeleton
crates/sverb-store/Cargo.toml,agent-M0-01,M0-01,locked,2026-10-07T20:40:37Z,,new crate skeleton
crates/sverb-store/src/lib.rs,agent-M0-01,M0-01,locked,2026-10-07T20:40:37Z,,new crate skeleton
crates/sverb-conn/Cargo.toml,agent-M0-01,M0-01,locked,2026-10-07T20:40:37Z,,new crate skeleton
crates/sverb-conn/src/lib.rs,agent-M0-01,M0-01,locked,2026-10-07T20:40:37Z,,new crate skeleton
crates/sverb-term/Cargo.toml,agent-M0-01,M0-01,locked,2026-10-07T20:40:37Z,,new crate skeleton
crates/sverb-term/src/lib.rs,agent-M0-01,M0-01,locked,2026-10-07T20:40:37Z,,new crate skeleton
crates/sverb-sync/Cargo.toml,agent-M0-01,M0-01,locked,2026-10-07T20:40:37Z,,new crate skeleton
crates/sverb-sync/src/lib.rs,agent-M0-01,M0-01,locked,2026-10-07T20:40:37Z,,new crate skeleton
crates/sverb-tui/Cargo.toml,agent-M0-01,M0-01,locked,2026-10-07T20:40:37Z,,new crate skeleton
crates/sverb-tui/src/lib.rs,agent-M0-01,M0-01,locked,2026-10-07T20:40:37Z,,new crate skeleton
crates/sverb-server/Cargo.toml,agent-M0-01,M0-01,locked,2026-10-07T20:40:37Z,,new crate skeleton
crates/sverb-server/src/lib.rs,agent-M0-01,M0-01,locked,2026-10-07T20:40:37Z,,new crate skeleton
crates/sverb-e2e/Cargo.toml,agent-M0-01,M0-01,locked,2026-10-07T20:40:37Z,,new crate skeleton
crates/sverb-e2e/src/lib.rs,agent-M0-01,M0-01,locked,2026-10-07T20:40:37Z,,new crate skeleton
crates/sverb-server/src/main.rs,agent-M0-01,M0-01,locked,2026-10-07T20:40:37Z,,server bin skeleton
crates/sverb-crypto/Cargo.toml,agent-M0-01,M0-01,modified,2026-10-07T20:40:58Z,,created skeleton
crates/sverb-crypto/src/lib.rs,agent-M0-01,M0-01,modified,2026-10-07T20:40:58Z,,created skeleton
crates/sverb-proto/Cargo.toml,agent-M0-01,M0-01,modified,2026-10-07T20:40:58Z,,created skeleton
crates/sverb-proto/src/lib.rs,agent-M0-01,M0-01,modified,2026-10-07T20:40:58Z,,created skeleton
crates/sverb-store/Cargo.toml,agent-M0-01,M0-01,modified,2026-10-07T20:40:58Z,,created skeleton
crates/sverb-store/src/lib.rs,agent-M0-01,M0-01,modified,2026-10-07T20:40:58Z,,created skeleton
crates/sverb-conn/Cargo.toml,agent-M0-01,M0-01,modified,2026-10-07T20:40:58Z,,created skeleton
crates/sverb-conn/src/lib.rs,agent-M0-01,M0-01,modified,2026-10-07T20:40:58Z,,created skeleton
crates/sverb-term/Cargo.toml,agent-M0-01,M0-01,modified,2026-10-07T20:40:58Z,,created skeleton
crates/sverb-term/src/lib.rs,agent-M0-01,M0-01,modified,2026-10-07T20:40:58Z,,created skeleton
crates/sverb-sync/Cargo.toml,agent-M0-01,M0-01,modified,2026-10-07T20:40:58Z,,created skeleton
crates/sverb-sync/src/lib.rs,agent-M0-01,M0-01,modified,2026-10-07T20:40:58Z,,created skeleton
crates/sverb-tui/Cargo.toml,agent-M0-01,M0-01,modified,2026-10-07T20:40:58Z,,created skeleton
crates/sverb-tui/src/lib.rs,agent-M0-01,M0-01,modified,2026-10-07T20:40:58Z,,created skeleton
crates/sverb-server/Cargo.toml,agent-M0-01,M0-01,modified,2026-10-07T20:40:58Z,,created skeleton
crates/sverb-server/src/lib.rs,agent-M0-01,M0-01,modified,2026-10-07T20:40:58Z,,created skeleton
crates/sverb-e2e/Cargo.toml,agent-M0-01,M0-01,modified,2026-10-07T20:40:59Z,,created skeleton
crates/sverb-e2e/src/lib.rs,agent-M0-01,M0-01,modified,2026-10-07T20:40:59Z,,created skeleton
crates/sverb-server/src/main.rs,agent-M0-01,M0-01,modified,2026-10-07T20:40:59Z,,created skeleton
crates/sverb/Cargo.toml,agent-M0-01,M0-01,locked,2026-10-07T20:40:59Z,,features lints
crates/sverb-core/Cargo.toml,agent-M0-01,M0-01,locked,2026-10-07T20:40:59Z,,lints internal deps
crates/sverb/Cargo.toml,agent-M0-01,M0-01,modified,2026-10-07T20:41:07Z,,lints; sync feature; internal deps
crates/sverb-core/Cargo.toml,agent-M0-01,M0-01,modified,2026-10-07T20:41:07Z,,lints; deps on crypto/proto; trybuild
crates/sverb/src/action.rs,agent-M0-01,M0-01,locked,2026-10-07T20:41:23Z,,workspace lint fallout
crates/sverb/src/app.rs,agent-M0-01,M0-01,locked,2026-10-07T20:41:23Z,,workspace lint fallout
crates/sverb/src/cli.rs,agent-M0-01,M0-01,locked,2026-10-07T20:41:23Z,,workspace lint fallout
crates/sverb/src/components.rs,agent-M0-01,M0-01,locked,2026-10-07T20:41:23Z,,workspace lint fallout
crates/sverb/src/components/home.rs,agent-M0-01,M0-01,locked,2026-10-07T20:41:23Z,,workspace lint fallout
crates/sverb/src/config.rs,agent-M0-01,M0-01,locked,2026-10-07T20:41:23Z,,workspace lint fallout
crates/sverb/src/errors.rs,agent-M0-01,M0-01,locked,2026-10-07T20:41:23Z,,workspace lint fallout
crates/sverb/src/logging.rs,agent-M0-01,M0-01,locked,2026-10-07T20:41:23Z,,workspace lint fallout
crates/sverb/src/tui.rs,agent-M0-01,M0-01,locked,2026-10-07T20:41:23Z,,workspace lint fallout
crates/sverb/src/main.rs,agent-M0-01,M0-01,locked,2026-10-07T20:41:23Z,,workspace lint fallout
crates/sverb/src/action.rs,agent-M0-01,M0-01,modified,2026-10-07T20:42:45Z,,pub -> pub(crate) for unreachable_pub lint
crates/sverb/src/app.rs,agent-M0-01,M0-01,modified,2026-10-07T20:42:45Z,,pub -> pub(crate) for unreachable_pub lint
crates/sverb/src/cli.rs,agent-M0-01,M0-01,modified,2026-10-07T20:42:45Z,,pub -> pub(crate) for unreachable_pub lint
crates/sverb/src/components.rs,agent-M0-01,M0-01,modified,2026-10-07T20:42:45Z,,pub -> pub(crate) for unreachable_pub lint
crates/sverb/src/components/home.rs,agent-M0-01,M0-01,modified,2026-10-07T20:42:45Z,,pub -> pub(crate) for unreachable_pub lint
crates/sverb/src/logging.rs,agent-M0-01,M0-01,modified,2026-10-07T20:42:45Z,,pub -> pub(crate) for unreachable_pub lint
crates/sverb/src/config.rs,agent-M0-01,M0-01,modified,2026-10-07T20:42:45Z,,removed blanket dead_code allow; pub(crate); unwraps replaced; item-level allows
crates/sverb/src/tui.rs,agent-M0-01,M0-01,modified,2026-10-07T20:42:45Z,,removed blanket dead_code allow; pub(crate); no panics in Drop/init; item-level allows
crates/sverb/src/errors.rs,agent-M0-01,M0-01,modified,2026-10-07T20:42:45Z,,pub(crate); collapsed if-let; no expect in panic hook
crates/sverb/src/main.rs,agent-M0-01,M0-01,released,2026-10-07T20:42:48Z,,no change needed
crates/sverb-core/tests/forbid_unsafe.rs,agent-M0-01,M0-01,locked,2026-10-07T20:42:56Z,,T-03/T-04/T-05 tests
crates/sverb-core/tests/compile_fail/unsafe_block.rs,agent-M0-01,M0-01,locked,2026-10-07T20:42:56Z,,T-03/T-04/T-05 tests
crates/sverb-core/tests/compile_fail/unsafe_block.stderr,agent-M0-01,M0-01,locked,2026-10-07T20:42:56Z,,T-03/T-04/T-05 tests
crates/sverb-crypto/tests/forbid_unsafe.rs,agent-M0-01,M0-01,locked,2026-10-07T20:42:56Z,,T-03/T-04/T-05 tests
crates/sverb-crypto/tests/compile_fail/unsafe_block.rs,agent-M0-01,M0-01,locked,2026-10-07T20:42:56Z,,T-03/T-04/T-05 tests
crates/sverb-crypto/tests/compile_fail/unsafe_block.stderr,agent-M0-01,M0-01,locked,2026-10-07T20:42:56Z,,T-03/T-04/T-05 tests
crates/sverb-e2e/tests/workspace_metadata.rs,agent-M0-01,M0-01,locked,2026-10-07T20:42:56Z,,T-03/T-04/T-05 tests
.github/workflows/ci.yml,agent-M0-02,M0-02,locked,2026-10-07T20:43:13Z,,rewrite CI jobs
.github/workflows/ci.yml,agent-M0-02,M0-02,modified,2026-10-07T20:43:59Z,,rewrote CI: OS matrix; local-only; e2e; server-db; deny; vet; msrv; layering
scripts/check-layering.py,agent-M0-02,M0-02,locked,2026-10-07T20:43:59Z,,layering check script
crates/sverb-core/tests/forbid_unsafe.rs,agent-M0-01,M0-01,released,2026-10-07T20:44:03Z,,not needed: trybuild ignores [lints]
crates/sverb-core/tests/compile_fail/unsafe_block.stderr,agent-M0-01,M0-01,released,2026-10-07T20:44:03Z,,not needed: trybuild ignores [lints]
crates/sverb-crypto/tests/forbid_unsafe.rs,agent-M0-01,M0-01,released,2026-10-07T20:44:03Z,,not needed: trybuild ignores [lints]
crates/sverb-crypto/tests/compile_fail/unsafe_block.rs,agent-M0-01,M0-01,released,2026-10-07T20:44:03Z,,not needed: trybuild ignores [lints]
crates/sverb-crypto/tests/compile_fail/unsafe_block.stderr,agent-M0-01,M0-01,released,2026-10-07T20:44:03Z,,not needed: trybuild ignores [lints]
crates/sverb-core/tests/compile_fail/unsafe_block.rs,agent-M0-01,M0-01,modified,2026-10-07T20:44:03Z,,T-03 fixture
crates/sverb-e2e/tests/forbid_unsafe.rs,agent-M0-01,M0-01,locked,2026-10-07T20:44:03Z,,T-03 probe
crates/sverb-core/src/paths.rs,agent-M0-03,M0-03,locked,2026-10-07T20:44:28Z,,new Paths module
crates/sverb-core/tests/paths.rs,agent-M0-03,M0-03,locked,2026-10-07T20:44:28Z,,integration tests T-09 T-10
crates/sverb-e2e/tests/forbid_unsafe.rs,agent-M0-01,M0-01,modified,2026-10-07T20:44:28Z,,T-03 lint inheritance probe
crates/sverb-e2e/Cargo.toml,agent-M0-01,M0-01,modified,2026-10-07T20:44:28Z,,dev-deps cargo_metadata toml
scripts/check-layering.py,agent-M0-02,M0-02,modified,2026-10-07T20:44:51Z,,new crate layering check over cargo metadata
deny.toml,agent-M0-02,M0-02,locked,2026-10-07T20:45:09Z,,cargo-deny policy
crates/sverb-e2e/tests/workspace_metadata.rs,agent-M0-01,M0-01,modified,2026-10-07T20:45:17Z,,T-04 T-05 metadata tests
rustfmt.toml,agent-M0-01,M0-01,locked,2026-10-07T20:45:23Z,,repo files
rust-toolchain.toml,agent-M0-01,M0-01,locked,2026-10-07T20:45:23Z,,repo files
.gitignore,agent-M0-01,M0-01,locked,2026-10-07T20:45:23Z,,repo files
README.md,agent-M0-01,M0-01,locked,2026-10-07T20:45:23Z,,repo files
deny.toml,agent-M0-02,M0-02,modified,2026-10-07T20:45:27Z,,created cargo-deny policy: licenses; bans; advisories; sources
rustfmt.toml,agent-M0-01,M0-01,modified,2026-10-07T20:45:33Z,,M0-01 repo file
rust-toolchain.toml,agent-M0-01,M0-01,modified,2026-10-07T20:45:33Z,,M0-01 repo file
.gitignore,agent-M0-01,M0-01,modified,2026-10-07T20:45:33Z,,M0-01 repo file
deploy/.gitkeep,agent-M0-01,M0-01,locked,2026-10-07T20:45:33Z,,placeholder
docs/keybindings.md,agent-M0-01,M0-01,locked,2026-10-07T20:45:33Z,,placeholder
docs/threat-model.md,agent-M0-01,M0-01,locked,2026-10-07T20:45:33Z,,placeholder
docs/self-hosting.md,agent-M0-01,M0-01,locked,2026-10-07T20:45:33Z,,placeholder
migrations/client/.gitkeep,agent-M0-01,M0-01,locked,2026-10-07T20:45:33Z,,placeholder
migrations/server/.gitkeep,agent-M0-01,M0-01,locked,2026-10-07T20:45:33Z,,placeholder
tests/fixtures/.gitkeep,agent-M0-01,M0-01,locked,2026-10-07T20:45:34Z,,placeholder
deploy/.gitkeep,agent-M0-01,M0-01,modified,2026-10-07T20:45:38Z,,placeholder
docs/keybindings.md,agent-M0-01,M0-01,modified,2026-10-07T20:45:38Z,,placeholder
docs/threat-model.md,agent-M0-01,M0-01,modified,2026-10-07T20:45:38Z,,placeholder
docs/self-hosting.md,agent-M0-01,M0-01,modified,2026-10-07T20:45:38Z,,placeholder
migrations/client/.gitkeep,agent-M0-01,M0-01,modified,2026-10-07T20:45:38Z,,placeholder
migrations/server/.gitkeep,agent-M0-01,M0-01,modified,2026-10-07T20:45:38Z,,placeholder
tests/fixtures/.gitkeep,agent-M0-01,M0-01,modified,2026-10-07T20:45:38Z,,placeholder
Cargo.lock,agent-M0-01,M0-01,modified,2026-10-07T20:46:05Z,,new crates; cargo_metadata/toml dev-deps; vergen* 10.0.1 for MSRV 1.95
crates/sverb-term/src/emulator.rs,agent-M1-09,M1-09,locked,2026-10-07T20:46:12Z,,new module for emulator wrapper
crates/sverb-term/src/modes.rs,agent-M1-09,M1-09,locked,2026-10-07T20:46:12Z,,new module for emulator wrapper
crates/sverb-term/src/charset.rs,agent-M1-09,M1-09,locked,2026-10-07T20:46:12Z,,new module for emulator wrapper
crates/sverb-term/src/policy.rs,agent-M1-09,M1-09,locked,2026-10-07T20:46:12Z,,new module for emulator wrapper
crates/sverb-term/src/alacritty/mod.rs,agent-M1-09,M1-09,locked,2026-10-07T20:46:12Z,,new module for emulator wrapper
crates/sverb-term/src/alacritty/listener.rs,agent-M1-09,M1-09,locked,2026-10-07T20:46:12Z,,new module for emulator wrapper
crates/sverb-term/src/alacritty/snapshot.rs,agent-M1-09,M1-09,locked,2026-10-07T20:46:12Z,,new module for emulator wrapper
crates/sverb-term/src/alacritty/sidechannel.rs,agent-M1-09,M1-09,locked,2026-10-07T20:46:12Z,,new module for emulator wrapper
crates/sverb-core/src/paths.rs,agent-M0-03,M0-03,modified,2026-10-07T20:46:14Z,,new Paths module with EnvSource injection and tests
crates/sverb-tui/src/app/mod.rs,agent-M0-08,M0-08,locked,2026-10-07T20:46:17Z,,new reducer architecture module
crates/sverb-tui/src/app/event.rs,agent-M0-08,M0-08,locked,2026-10-07T20:46:17Z,,new reducer architecture module
crates/sverb-tui/src/app/effect.rs,agent-M0-08,M0-08,locked,2026-10-07T20:46:17Z,,new reducer architecture module
crates/sverb-tui/src/app/state.rs,agent-M0-08,M0-08,locked,2026-10-07T20:46:17Z,,new reducer architecture module
crates/sverb-tui/src/app/config.rs,agent-M0-08,M0-08,locked,2026-10-07T20:46:17Z,,new reducer architecture module
crates/sverb-tui/src/views/mod.rs,agent-M0-08,M0-08,locked,2026-10-07T20:46:17Z,,new reducer architecture module
crates/sverb-tui/src/views/hosts.rs,agent-M0-08,M0-08,locked,2026-10-07T20:46:17Z,,new reducer architecture module
crates/sverb-tui/src/views/dialogs.rs,agent-M0-08,M0-08,locked,2026-10-07T20:46:17Z,,new reducer architecture module
crates/sverb-tui/src/keymap/mod.rs,agent-M0-08,M0-08,locked,2026-10-07T20:46:17Z,,new reducer architecture module
crates/sverb-tui/src/keymap/action.rs,agent-M0-08,M0-08,locked,2026-10-07T20:46:17Z,,new reducer architecture module
crates/sverb-tui/src/keymap/chord.rs,agent-M0-08,M0-08,locked,2026-10-07T20:46:17Z,,new reducer architecture module
crates/sverb-tui/src/services/mod.rs,agent-M0-08,M0-08,locked,2026-10-07T20:46:17Z,,new reducer architecture module
crates/sverb-tui/src/runtime/mod.rs,agent-M0-08,M0-08,locked,2026-10-07T20:46:17Z,,new reducer architecture module
crates/sverb-tui/src/testing.rs,agent-M0-08,M0-08,locked,2026-10-07T20:46:17Z,,new reducer architecture module
crates/sverb-core/src/error_report.rs,agent-M0-08,M0-08,locked,2026-10-07T20:46:17Z,,ErrorReport for effect results
README.md,agent-M0-01,M0-01,modified,2026-10-07T20:46:21Z,,rewritten for sverb
deny.toml,agent-M0-01,M0-01,released,2026-10-07T20:46:21Z,,owned by M0-02; no M0-01 changes needed
crates/sverb-core/src/error_report.rs,agent-M0-08,M0-08,modified,2026-10-07T20:46:29Z,,new ErrorReport {short; chain}
crates/sverb-core/tests/paths.rs,agent-M0-03,M0-03,modified,2026-10-07T20:46:38Z,,ensure() integration tests T-09 T-10
supply-chain/config.toml,agent-M0-02,M0-02,locked,2026-10-07T20:47:17Z,,cargo-vet init
supply-chain/audits.toml,agent-M0-02,M0-02,locked,2026-10-07T20:47:17Z,,cargo-vet init
supply-chain/imports.lock,agent-M0-02,M0-02,locked,2026-10-07T20:47:17Z,,cargo-vet init
crates/sverb-core/tests/paths.rs,agent-M0-03,M0-03,copy,2026-10-07T20:47:19Z,.merge/agent-M0-03/crates/sverb-core/tests/paths.rs,new integration test moved to copy dir: would break sverb-core test build until lib.rs/Cargo.toml copies are merged
supply-chain/config.toml,agent-M0-02,M0-02,modified,2026-10-07T20:47:54Z,,cargo vet init + imports (mozilla; google; bytecode-alliance; zcash; zcashfoundation)
supply-chain/audits.toml,agent-M0-02,M0-02,modified,2026-10-07T20:47:54Z,,cargo vet init + imports (mozilla; google; bytecode-alliance; zcash; zcashfoundation)
supply-chain/imports.lock,agent-M0-02,M0-02,modified,2026-10-07T20:47:54Z,,cargo vet init + imports (mozilla; google; bytecode-alliance; zcash; zcashfoundation)
crates/sverb-term/src/alacritty/sidechannel.rs,agent-M1-09,M1-09,modified,2026-10-07T20:48:33Z,,new side scanner for OSC 7/133 and modifyOtherKeys
crates/sverb-term/src/emulator.rs,agent-M1-09,M1-09,modified,2026-10-07T20:48:33Z,,new module
crates/sverb-term/src/modes.rs,agent-M1-09,M1-09,modified,2026-10-07T20:48:33Z,,new module
crates/sverb-term/src/charset.rs,agent-M1-09,M1-09,modified,2026-10-07T20:48:33Z,,new module
crates/sverb-term/src/policy.rs,agent-M1-09,M1-09,modified,2026-10-07T20:48:33Z,,new module
crates/sverb-term/src/alacritty/listener.rs,agent-M1-09,M1-09,modified,2026-10-07T20:48:33Z,,new module
scripts/check-vet-crypto.py,agent-M0-02,M0-02,locked,2026-10-07T20:48:43Z,,crypto crates must not be exempted
scripts/check-vet-crypto.py,agent-M0-02,M0-02,modified,2026-10-07T20:48:43Z,,new: fail if Appendix A crypto crates are vet-exempted
.github/dependabot.yml,agent-M0-02,M0-02,locked,2026-10-07T20:48:57Z,,weekly dependabot
.github/dependabot.yml,agent-M0-02,M0-02,modified,2026-10-07T20:48:57Z,,new: weekly cargo + github-actions updates
crates/sverb-crypto/src/aead.rs,agent-M1-01,M1-01,locked,2026-10-07T20:49:00Z,,new module
crates/sverb-crypto/src/canon.rs,agent-M1-01,M1-01,locked,2026-10-07T20:49:00Z,,new module
crates/sverb-crypto/src/envelope.rs,agent-M1-01,M1-01,locked,2026-10-07T20:49:00Z,,new module
crates/sverb-crypto/src/error.rs,agent-M1-01,M1-01,locked,2026-10-07T20:49:00Z,,new module
crates/sverb-crypto/src/kdf.rs,agent-M1-01,M1-01,locked,2026-10-07T20:49:00Z,,new module
crates/sverb-crypto/src/keys.rs,agent-M1-01,M1-01,locked,2026-10-07T20:49:00Z,,new module
crates/sverb-crypto/src/pad.rs,agent-M1-01,M1-01,locked,2026-10-07T20:49:00Z,,new module
crates/sverb-crypto/src/random.rs,agent-M1-01,M1-01,locked,2026-10-07T20:49:00Z,,new module
crates/sverb-crypto/src/recording.rs,agent-M1-01,M1-01,locked,2026-10-07T20:49:00Z,,new module
crates/sverb-crypto/src/wrap.rs,agent-M1-01,M1-01,locked,2026-10-07T20:49:00Z,,new module
crates/sverb/tests/no_cwd_writes.rs,agent-M0-03,M0-03,locked,2026-10-07T20:49:15Z,,T-12 regression test
crates/sverb/tests/no_cwd_writes.rs,agent-M0-03,M0-03,copy,2026-10-07T20:49:15Z,.merge/agent-M0-03/crates/sverb/tests/no_cwd_writes.rs,new T-12 test; kept in copy dir because it fails until main.rs wiring is merged
crates/sverb-crypto/src/aead.rs,agent-M1-01,M1-01,modified,2026-10-07T20:49:25Z,,created module
crates/sverb-crypto/src/error.rs,agent-M1-01,M1-01,modified,2026-10-07T20:49:25Z,,created module
crates/sverb-crypto/src/keys.rs,agent-M1-01,M1-01,modified,2026-10-07T20:49:25Z,,created module
crates/sverb-crypto/src/random.rs,agent-M1-01,M1-01,modified,2026-10-07T20:49:25Z,,created module
crates/sverb-crypto/src/canon.rs,agent-M1-01,M1-01,modified,2026-10-07T20:49:57Z,,created module
crates/sverb-crypto/src/pad.rs,agent-M1-01,M1-01,modified,2026-10-07T20:49:57Z,,created module
.envrc,agent-M0-03,M0-03,locked,2026-10-07T20:50:00Z,,SVERB_HOME dev workflow
.envrc,agent-M0-03,M0-03,modified,2026-10-07T20:50:00Z,,SVERB_CONFIG/SVERB_DATA/SVERB_LOG_LEVEL replaced by SVERB_HOME and SVERB_LOG
Cargo.lock,agent-M0-01,M0-01,released,2026-10-07T20:50:01Z,,orchestrator: M0-01 complete; no copies
Cargo.toml,agent-M0-01,M0-01,released,2026-10-07T20:50:01Z,,orchestrator: M0-01 complete; no copies
crates/sverb/Cargo.toml,agent-M0-01,M0-01,released,2026-10-07T20:50:01Z,,orchestrator: M0-01 complete; no copies
crates/sverb-conn/Cargo.toml,agent-M0-01,M0-01,released,2026-10-07T20:50:01Z,,orchestrator: M0-01 complete; no copies
crates/sverb-conn/src/lib.rs,agent-M0-01,M0-01,released,2026-10-07T20:50:01Z,,orchestrator: M0-01 complete; no copies
crates/sverb-core/Cargo.toml,agent-M0-01,M0-01,released,2026-10-07T20:50:01Z,,orchestrator: M0-01 complete; no copies
crates/sverb-core/tests/compile_fail/unsafe_block.rs,agent-M0-01,M0-01,released,2026-10-07T20:50:01Z,,orchestrator: M0-01 complete; no copies
crates/sverb-crypto/Cargo.toml,agent-M0-01,M0-01,released,2026-10-07T20:50:01Z,,orchestrator: M0-01 complete; no copies
crates/sverb-crypto/src/lib.rs,agent-M0-01,M0-01,released,2026-10-07T20:50:01Z,,orchestrator: M0-01 complete; no copies
crates/sverb-e2e/Cargo.toml,agent-M0-01,M0-01,released,2026-10-07T20:50:01Z,,orchestrator: M0-01 complete; no copies
crates/sverb-e2e/src/lib.rs,agent-M0-01,M0-01,released,2026-10-07T20:50:01Z,,orchestrator: M0-01 complete; no copies
crates/sverb-e2e/tests/forbid_unsafe.rs,agent-M0-01,M0-01,released,2026-10-07T20:50:01Z,,orchestrator: M0-01 complete; no copies
crates/sverb-e2e/tests/workspace_metadata.rs,agent-M0-01,M0-01,released,2026-10-07T20:50:01Z,,orchestrator: M0-01 complete; no copies
crates/sverb-proto/Cargo.toml,agent-M0-01,M0-01,released,2026-10-07T20:50:01Z,,orchestrator: M0-01 complete; no copies
crates/sverb-proto/src/lib.rs,agent-M0-01,M0-01,released,2026-10-07T20:50:01Z,,orchestrator: M0-01 complete; no copies
crates/sverb-server/Cargo.toml,agent-M0-01,M0-01,released,2026-10-07T20:50:01Z,,orchestrator: M0-01 complete; no copies
crates/sverb-server/src/lib.rs,agent-M0-01,M0-01,released,2026-10-07T20:50:01Z,,orchestrator: M0-01 complete; no copies
crates/sverb-server/src/main.rs,agent-M0-01,M0-01,released,2026-10-07T20:50:01Z,,orchestrator: M0-01 complete; no copies
crates/sverb/src/action.rs,agent-M0-01,M0-01,released,2026-10-07T20:50:01Z,,orchestrator: M0-01 complete; no copies
crates/sverb/src/app.rs,agent-M0-01,M0-01,released,2026-10-07T20:50:01Z,,orchestrator: M0-01 complete; no copies
crates/sverb/src/cli.rs,agent-M0-01,M0-01,released,2026-10-07T20:50:01Z,,orchestrator: M0-01 complete; no copies
crates/sverb/src/components/home.rs,agent-M0-01,M0-01,released,2026-10-07T20:50:01Z,,orchestrator: M0-01 complete; no copies
crates/sverb/src/components.rs,agent-M0-01,M0-01,released,2026-10-07T20:50:01Z,,orchestrator: M0-01 complete; no copies
crates/sverb/src/config.rs,agent-M0-01,M0-01,released,2026-10-07T20:50:01Z,,orchestrator: M0-01 complete; no copies
crates/sverb/src/errors.rs,agent-M0-01,M0-01,released,2026-10-07T20:50:01Z,,orchestrator: M0-01 complete; no copies
crates/sverb/src/logging.rs,agent-M0-01,M0-01,released,2026-10-07T20:50:01Z,,orchestrator: M0-01 complete; no copies
crates/sverb/src/tui.rs,agent-M0-01,M0-01,released,2026-10-07T20:50:01Z,,orchestrator: M0-01 complete; no copies
crates/sverb-store/Cargo.toml,agent-M0-01,M0-01,released,2026-10-07T20:50:01Z,,orchestrator: M0-01 complete; no copies
crates/sverb-store/src/lib.rs,agent-M0-01,M0-01,released,2026-10-07T20:50:01Z,,orchestrator: M0-01 complete; no copies
crates/sverb-sync/Cargo.toml,agent-M0-01,M0-01,released,2026-10-07T20:50:01Z,,orchestrator: M0-01 complete; no copies
crates/sverb-sync/src/lib.rs,agent-M0-01,M0-01,released,2026-10-07T20:50:01Z,,orchestrator: M0-01 complete; no copies
crates/sverb-term/Cargo.toml,agent-M0-01,M0-01,released,2026-10-07T20:50:01Z,,orchestrator: M0-01 complete; no copies
crates/sverb-term/src/lib.rs,agent-M0-01,M0-01,released,2026-10-07T20:50:01Z,,orchestrator: M0-01 complete; no copies
crates/sverb-tui/Cargo.toml,agent-M0-01,M0-01,released,2026-10-07T20:50:01Z,,orchestrator: M0-01 complete; no copies
crates/sverb-tui/src/lib.rs,agent-M0-01,M0-01,released,2026-10-07T20:50:01Z,,orchestrator: M0-01 complete; no copies
deploy/.gitkeep,agent-M0-01,M0-01,released,2026-10-07T20:50:01Z,,orchestrator: M0-01 complete; no copies
docs/keybindings.md,agent-M0-01,M0-01,released,2026-10-07T20:50:01Z,,orchestrator: M0-01 complete; no copies
docs/self-hosting.md,agent-M0-01,M0-01,released,2026-10-07T20:50:01Z,,orchestrator: M0-01 complete; no copies
docs/threat-model.md,agent-M0-01,M0-01,released,2026-10-07T20:50:01Z,,orchestrator: M0-01 complete; no copies
.gitignore,agent-M0-01,M0-01,released,2026-10-07T20:50:01Z,,orchestrator: M0-01 complete; no copies
migrations/client/.gitkeep,agent-M0-01,M0-01,released,2026-10-07T20:50:01Z,,orchestrator: M0-01 complete; no copies
migrations/server/.gitkeep,agent-M0-01,M0-01,released,2026-10-07T20:50:01Z,,orchestrator: M0-01 complete; no copies
README.md,agent-M0-01,M0-01,released,2026-10-07T20:50:01Z,,orchestrator: M0-01 complete; no copies
rustfmt.toml,agent-M0-01,M0-01,released,2026-10-07T20:50:01Z,,orchestrator: M0-01 complete; no copies
rust-toolchain.toml,agent-M0-01,M0-01,released,2026-10-07T20:50:01Z,,orchestrator: M0-01 complete; no copies
SPEC.md,agent-M0-01,M0-01,released,2026-10-07T20:50:01Z,,orchestrator: M0-01 complete; no copies
tests/fixtures/.gitkeep,agent-M0-01,M0-01,released,2026-10-07T20:50:01Z,,orchestrator: M0-01 complete; no copies
SPEC.md,orchestrator,KEYBINDINGS,locked,2026-10-07T20:50:01Z,,apply 03-KEYBINDINGS §7
crates/sverb-core/Cargo.toml,agent-M0-03,M0-03,copy,2026-10-07T20:50:20Z,.merge/agent-M0-03/crates/sverb-core/Cargo.toml,add directories and sha2 deps
crates/sverb-core/src/lib.rs,agent-M0-03,M0-03,copy,2026-10-07T20:50:20Z,.merge/agent-M0-03/crates/sverb-core/src/lib.rs,pub mod paths (copy because in place breaks sverb-core build until Cargo.toml copy merges)
crates/sverb/Cargo.toml,agent-M0-03,M0-03,copy,2026-10-07T20:50:20Z,.merge/agent-M0-03/crates/sverb/Cargo.toml,remove unused directories dep
crates/sverb/src/config.rs,agent-M0-03,M0-03,copy,2026-10-07T20:50:20Z,.merge/agent-M0-03/crates/sverb/src/config.rs,remove path globals/fns and AppConfig; Config::new takes &Paths; test uses MapEnv
crates/sverb/src/logging.rs,agent-M0-03,M0-03,copy,2026-10-07T20:50:20Z,.merge/agent-M0-03/crates/sverb/src/logging.rs,init takes &Paths; logs to state dir; LOG_ENV=SVERB_LOG
crates/sverb/src/cli.rs,agent-M0-03,M0-03,copy,2026-10-07T20:50:20Z,.merge/agent-M0-03/crates/sverb/src/cli.rs,version(&Paths) via Paths::describe; Cli::parse_with
crates/sverb/src/main.rs,agent-M0-03,M0-03,copy,2026-10-07T20:50:20Z,.merge/agent-M0-03/crates/sverb/src/main.rs,resolve Paths first; pass to logging/cli/app; log path warnings
crates/sverb/src/app.rs,agent-M0-03,M0-03,copy,2026-10-07T20:50:20Z,.merge/agent-M0-03/crates/sverb/src/app.rs,App::new takes &Paths for Config::new
README.md,agent-M0-03,M0-03,copy,2026-10-07T20:50:20Z,.merge/agent-M0-03/README.md,envrc section and Files and directories section
.gitignore,agent-M0-03,M0-03,copy,2026-10-07T20:50:20Z,.merge/agent-M0-03/.gitignore,remove /.data
SPEC.md,orchestrator,KEYBINDINGS,modified,2026-10-07T20:50:23Z,,8.1 8.2 8.3 15 decisions log: leader ctrl-backslash
SPEC.md,orchestrator,KEYBINDINGS,released,2026-10-07T20:50:23Z,,done
crates/sverb-term/src/alacritty/mod.rs,agent-M1-09,M1-09,modified,2026-10-07T20:51:03Z,,AlacrittyEmulator
crates/sverb-term/src/alacritty/snapshot.rs,agent-M1-09,M1-09,modified,2026-10-07T20:51:03Z,,snapshot_vt
crates/sverb-term/Cargo.toml,agent-M1-09,M1-09,locked,2026-10-07T20:51:03Z,,wiring for M1-09
crates/sverb-term/src/lib.rs,agent-M1-09,M1-09,locked,2026-10-07T20:51:03Z,,wiring for M1-09
Cargo.toml,agent-M1-09,M1-09,locked,2026-10-07T20:51:03Z,,wiring for M1-09
crates/sverb-crypto/src/kdf.rs,agent-M1-01,M1-01,modified,2026-10-07T20:51:08Z,,created module
crates/sverb-crypto/src/envelope.rs,agent-M1-01,M1-01,modified,2026-10-07T20:51:08Z,,created module
crates/sverb-crypto/src/wrap.rs,agent-M1-01,M1-01,modified,2026-10-07T20:51:08Z,,created module
crates/sverb-crypto/src/recording.rs,agent-M1-01,M1-01,modified,2026-10-07T20:51:08Z,,created module
Cargo.lock,agent-M1-09,M1-09,locked,2026-10-07T20:51:09Z,,new deps alacritty_terminal/encoding_rs/criterion for sverb-term
Cargo.toml,agent-M1-09,M1-09,modified,2026-10-07T20:51:19Z,,workspace deps: encoding_rs; bytes; parking_lot; regex; criterion
crates/sverb-term/Cargo.toml,agent-M1-09,M1-09,modified,2026-10-07T20:51:19Z,,emulator deps; dev-deps; throughput bench
crates/sverb-term/src/lib.rs,agent-M1-09,M1-09,modified,2026-10-07T20:51:19Z,,mod declarations and re-exports
crates/sverb-term/benches/emulator_throughput.rs,agent-M1-09,M1-09,locked,2026-10-07T20:51:29Z,,T-19 bench
crates/sverb-term/benches/emulator_throughput.rs,agent-M1-09,M1-09,modified,2026-10-07T20:51:29Z,,criterion throughput bench
crates/sverb-crypto/Cargo.toml,agent-M1-01,M1-01,locked,2026-10-07T20:51:37Z,,crypto deps
crates/sverb-crypto/src/lib.rs,agent-M1-01,M1-01,locked,2026-10-07T20:51:37Z,,mod wiring
deny.toml,agent-M0-02,M0-02,released,2026-10-07T20:51:45Z,,orchestrator: M0-02 complete
.github/dependabot.yml,agent-M0-02,M0-02,released,2026-10-07T20:51:45Z,,orchestrator: M0-02 complete
.github/workflows/ci.yml,agent-M0-02,M0-02,released,2026-10-07T20:51:45Z,,orchestrator: M0-02 complete
scripts/check-layering.py,agent-M0-02,M0-02,released,2026-10-07T20:51:45Z,,orchestrator: M0-02 complete
scripts/check-vet-crypto.py,agent-M0-02,M0-02,released,2026-10-07T20:51:45Z,,orchestrator: M0-02 complete
supply-chain/audits.toml,agent-M0-02,M0-02,released,2026-10-07T20:51:45Z,,orchestrator: M0-02 complete
supply-chain/config.toml,agent-M0-02,M0-02,released,2026-10-07T20:51:45Z,,orchestrator: M0-02 complete
supply-chain/imports.lock,agent-M0-02,M0-02,released,2026-10-07T20:51:45Z,,orchestrator: M0-02 complete
Cargo.lock,agent-M1-09,M1-09,modified,2026-10-07T20:51:47Z,,resolved alacritty_terminal; vte 0.15; criterion 0.8 etc for sverb-term
crates/sverb-term/tests/emulator.rs,agent-M1-09,M1-09,locked,2026-10-07T20:51:47Z,,unit-level emulator tests
crates/sverb-tui/src/app/mod.rs,agent-M0-08,M0-08,modified,2026-10-07T20:51:48Z,,new M0-08 module
crates/sverb-tui/src/app/event.rs,agent-M0-08,M0-08,modified,2026-10-07T20:51:48Z,,new M0-08 module
crates/sverb-tui/src/app/effect.rs,agent-M0-08,M0-08,modified,2026-10-07T20:51:48Z,,new M0-08 module
crates/sverb-tui/src/app/state.rs,agent-M0-08,M0-08,modified,2026-10-07T20:51:48Z,,new M0-08 module
crates/sverb-tui/src/app/config.rs,agent-M0-08,M0-08,modified,2026-10-07T20:51:48Z,,new M0-08 module
crates/sverb-tui/src/views/mod.rs,agent-M0-08,M0-08,modified,2026-10-07T20:51:48Z,,new M0-08 module
crates/sverb-tui/src/views/hosts.rs,agent-M0-08,M0-08,modified,2026-10-07T20:51:48Z,,new M0-08 module
crates/sverb-tui/src/views/dialogs.rs,agent-M0-08,M0-08,modified,2026-10-07T20:51:48Z,,new M0-08 module
crates/sverb-tui/src/keymap/mod.rs,agent-M0-08,M0-08,modified,2026-10-07T20:51:48Z,,new M0-08 module
crates/sverb-tui/src/keymap/action.rs,agent-M0-08,M0-08,modified,2026-10-07T20:51:48Z,,new M0-08 module
crates/sverb-tui/src/keymap/chord.rs,agent-M0-08,M0-08,modified,2026-10-07T20:51:48Z,,new M0-08 module
crates/sverb-tui/src/services/mod.rs,agent-M0-08,M0-08,modified,2026-10-07T20:51:48Z,,new M0-08 module
crates/sverb-tui/src/runtime/mod.rs,agent-M0-08,M0-08,modified,2026-10-07T20:51:48Z,,new M0-08 module
crates/sverb-tui/src/testing.rs,agent-M0-08,M0-08,modified,2026-10-07T20:51:48Z,,new M0-08 module
crates/sverb-tui/src/lib.rs,agent-M0-08,M0-08,locked,2026-10-07T20:51:56Z,,module declarations + run
crates/sverb-tui/Cargo.toml,agent-M0-08,M0-08,locked,2026-10-07T20:51:56Z,,deps for reducer/views/runtime
crates/sverb-crypto/tests/kat.rs,agent-M1-01,M1-01,locked,2026-10-07T20:52:11Z,,new test/bench/data file
crates/sverb-crypto/tests/envelope.rs,agent-M1-01,M1-01,locked,2026-10-07T20:52:11Z,,new test/bench/data file
crates/sverb-crypto/tests/primitives.rs,agent-M1-01,M1-01,locked,2026-10-07T20:52:11Z,,new test/bench/data file
crates/sverb-crypto/tests/fixtures.rs,agent-M1-01,M1-01,locked,2026-10-07T20:52:11Z,,new test/bench/data file
crates/sverb-crypto/benches/envelope.rs,agent-M1-01,M1-01,locked,2026-10-07T20:52:11Z,,new test/bench/data file
crates/sverb-crypto/tests/kat/hkdf.json,agent-M1-01,M1-01,locked,2026-10-07T20:52:11Z,,new test/bench/data file
crates/sverb-crypto/tests/kat/canon.json,agent-M1-01,M1-01,locked,2026-10-07T20:52:11Z,,new test/bench/data file
crates/sverb-crypto/tests/kat/pad.json,agent-M1-01,M1-01,locked,2026-10-07T20:52:11Z,,new test/bench/data file
crates/sverb-crypto/tests/kat/envelope.json,agent-M1-01,M1-01,locked,2026-10-07T20:52:12Z,,new test/bench/data file
crates/sverb-crypto/tests/kat/wrap.json,agent-M1-01,M1-01,locked,2026-10-07T20:52:12Z,,new test/bench/data file
crates/sverb-crypto/tests/kat/recording.json,agent-M1-01,M1-01,locked,2026-10-07T20:52:12Z,,new test/bench/data file
crates/sverb-crypto/tests/kat/argon2id.json,agent-M1-01,M1-01,locked,2026-10-07T20:52:12Z,,new test/bench/data file
crates/sverb-crypto/tests/fixtures/envelopes/v1/manifest.json,agent-M1-01,M1-01,locked,2026-10-07T20:52:12Z,,new test/bench/data file
crates/sverb-tui/src/lib.rs,agent-M0-08,M0-08,modified,2026-10-07T20:52:20Z,,declare app/views/keymap/services/runtime/testing; re-export run
crates/sverb-tui/Cargo.toml,agent-M0-08,M0-08,modified,2026-10-07T20:52:21Z,,deps crossterm/ratatui/tokio/etc; test-util feature; dev-deps insta/proptest
README.md,agent-M0-03,M0-03,released,2026-10-07T20:52:24Z,,orchestrator merging copy
README.md,orchestrator,MERGE-M0-03,locked,2026-10-07T20:52:24Z,,apply M0-03 copy
.gitignore,agent-M0-03,M0-03,released,2026-10-07T20:52:24Z,,orchestrator merging copy
.gitignore,orchestrator,MERGE-M0-03,locked,2026-10-07T20:52:24Z,,apply M0-03 copy
crates/sverb-core/Cargo.toml,agent-M0-03,M0-03,released,2026-10-07T20:52:24Z,,orchestrator merging copy
crates/sverb-core/Cargo.toml,orchestrator,MERGE-M0-03,locked,2026-10-07T20:52:24Z,,apply M0-03 copy
crates/sverb/Cargo.toml,agent-M0-03,M0-03,released,2026-10-07T20:52:24Z,,orchestrator merging copy
crates/sverb/Cargo.toml,orchestrator,MERGE-M0-03,locked,2026-10-07T20:52:24Z,,apply M0-03 copy
crates/sverb-core/tests/paths.rs,agent-M0-03,M0-03,released,2026-10-07T20:52:24Z,,orchestrator merging copy
crates/sverb-core/tests/paths.rs,orchestrator,MERGE-M0-03,locked,2026-10-07T20:52:24Z,,apply M0-03 copy
crates/sverb-core/src/lib.rs,agent-M0-03,M0-03,released,2026-10-07T20:52:24Z,,orchestrator merging copy
crates/sverb-core/src/lib.rs,orchestrator,MERGE-M0-03,locked,2026-10-07T20:52:24Z,,apply M0-03 copy
crates/sverb/src/config.rs,agent-M0-03,M0-03,released,2026-10-07T20:52:24Z,,orchestrator merging copy
crates/sverb/src/config.rs,orchestrator,MERGE-M0-03,locked,2026-10-07T20:52:24Z,,apply M0-03 copy
crates/sverb/src/logging.rs,agent-M0-03,M0-03,released,2026-10-07T20:52:24Z,,orchestrator merging copy
crates/sverb/src/logging.rs,orchestrator,MERGE-M0-03,locked,2026-10-07T20:52:24Z,,apply M0-03 copy
crates/sverb/src/cli.rs,agent-M0-03,M0-03,released,2026-10-07T20:52:24Z,,orchestrator merging copy
crates/sverb/src/cli.rs,orchestrator,MERGE-M0-03,locked,2026-10-07T20:52:24Z,,apply M0-03 copy
crates/sverb/src/main.rs,agent-M0-03,M0-03,released,2026-10-07T20:52:24Z,,orchestrator merging copy
crates/sverb/src/main.rs,orchestrator,MERGE-M0-03,locked,2026-10-07T20:52:24Z,,apply M0-03 copy
crates/sverb/src/app.rs,agent-M0-03,M0-03,released,2026-10-07T20:52:24Z,,orchestrator merging copy
crates/sverb/src/app.rs,orchestrator,MERGE-M0-03,locked,2026-10-07T20:52:24Z,,apply M0-03 copy
crates/sverb/tests/no_cwd_writes.rs,agent-M0-03,M0-03,released,2026-10-07T20:52:24Z,,orchestrator merging copy
crates/sverb/tests/no_cwd_writes.rs,orchestrator,MERGE-M0-03,locked,2026-10-07T20:52:24Z,,apply M0-03 copy
crates/sverb-core/src/paths.rs,agent-M0-03,M0-03,released,2026-10-07T20:52:24Z,,orchestrator: M0-03 complete
.envrc,agent-M0-03,M0-03,released,2026-10-07T20:52:24Z,,orchestrator: M0-03 complete
crates/sverb-tui/src/error_report.rs,agent-M0-08,M0-08,locked,2026-10-07T20:52:37Z,,ErrorReport (moved from core: core lib.rs held)
crates/sverb-core/src/error_report.rs,agent-M0-08,M0-08,released,2026-10-07T20:52:37Z,,moved to sverb-tui/src/error_report.rs; core lib.rs held by M0-03
crates/sverb-tui/src/error_report.rs,agent-M0-08,M0-08,modified,2026-10-07T20:52:37Z,,ErrorReport {short; chain}
crates/sverb-term/tests/emulator.rs,agent-M1-09,M1-09,modified,2026-10-07T20:53:04Z,,emulator unit tests
crates/sverb/Cargo.toml,orchestrator,MERGE-M0-03,released,2026-10-07T20:53:58Z,,merged; build+tests green
crates/sverb-core/Cargo.toml,orchestrator,MERGE-M0-03,released,2026-10-07T20:53:58Z,,merged; build+tests green
crates/sverb-core/src/lib.rs,orchestrator,MERGE-M0-03,released,2026-10-07T20:53:58Z,,merged; build+tests green
crates/sverb-core/tests/paths.rs,orchestrator,MERGE-M0-03,released,2026-10-07T20:53:58Z,,merged; build+tests green
crates/sverb/src/app.rs,orchestrator,MERGE-M0-03,released,2026-10-07T20:53:58Z,,merged; build+tests green
crates/sverb/src/cli.rs,orchestrator,MERGE-M0-03,released,2026-10-07T20:53:58Z,,merged; build+tests green
crates/sverb/src/config.rs,orchestrator,MERGE-M0-03,released,2026-10-07T20:53:58Z,,merged; build+tests green
crates/sverb/src/logging.rs,orchestrator,MERGE-M0-03,released,2026-10-07T20:53:58Z,,merged; build+tests green
crates/sverb/src/main.rs,orchestrator,MERGE-M0-03,released,2026-10-07T20:53:58Z,,merged; build+tests green
crates/sverb/tests/no_cwd_writes.rs,orchestrator,MERGE-M0-03,released,2026-10-07T20:53:58Z,,merged; build+tests green
.gitignore,orchestrator,MERGE-M0-03,released,2026-10-07T20:53:58Z,,merged; build+tests green
README.md,orchestrator,MERGE-M0-03,released,2026-10-07T20:53:58Z,,merged; build+tests green
crates/sverb/src/main.rs,agent-M0-08,M0-08,locked,2026-10-07T20:54:11Z,,M0-08 switch-over
crates/sverb/src/app.rs,agent-M0-08,M0-08,locked,2026-10-07T20:54:12Z,,M0-08 switch-over
crates/sverb/src/action.rs,agent-M0-08,M0-08,locked,2026-10-07T20:54:12Z,,M0-08 switch-over
crates/sverb/src/components.rs,agent-M0-08,M0-08,locked,2026-10-07T20:54:12Z,,M0-08 switch-over
crates/sverb/src/components/home.rs,agent-M0-08,M0-08,locked,2026-10-07T20:54:12Z,,M0-08 switch-over
crates/sverb/src/config.rs,agent-M0-08,M0-08,locked,2026-10-07T20:54:12Z,,M0-08 switch-over
crates/sverb-core/src/lib.rs,agent-M0-08,M0-08,locked,2026-10-07T20:54:12Z,,M0-08 switch-over
crates/sverb-core/src/error_report.rs,agent-M0-08,M0-08,locked,2026-10-07T20:54:12Z,,M0-08 switch-over
README.md,agent-M0-08,M0-08,locked,2026-10-07T20:54:12Z,,M0-08 switch-over
docs/architecture.md,agent-M0-08,M0-08,locked,2026-10-07T20:54:12Z,,M0-08 switch-over
crates/sverb-tui/src/snapshots/sverb_tui__testing__tests__confirm_quit_80x24.snap,agent-M0-08,M0-08,locked,2026-10-07T20:54:12Z,,M0-08 switch-over
crates/sverb-tui/src/snapshots/sverb_tui__testing__tests__initial_80x24.snap,agent-M0-08,M0-08,locked,2026-10-07T20:54:12Z,,M0-08 switch-over
crates/sverb-tui/src/snapshots/sverb_tui__testing__tests__initial_160x48.snap,agent-M0-08,M0-08,locked,2026-10-07T20:54:12Z,,M0-08 switch-over
crates/sverb-crypto/tests/kat/hkdf.json,agent-M1-01,M1-01,modified,2026-10-07T20:54:19Z,,frozen KAT vectors
crates/sverb-crypto/tests/kat/canon.json,agent-M1-01,M1-01,modified,2026-10-07T20:54:19Z,,frozen KAT vectors
crates/sverb-crypto/tests/kat/pad.json,agent-M1-01,M1-01,modified,2026-10-07T20:54:19Z,,frozen KAT vectors
crates/sverb-crypto/tests/kat/envelope.json,agent-M1-01,M1-01,modified,2026-10-07T20:54:19Z,,frozen KAT vectors
crates/sverb-crypto/tests/kat/wrap.json,agent-M1-01,M1-01,modified,2026-10-07T20:54:19Z,,frozen KAT vectors
crates/sverb-crypto/tests/kat/recording.json,agent-M1-01,M1-01,modified,2026-10-07T20:54:19Z,,frozen KAT vectors
crates/sverb-crypto/tests/kat/argon2id.json,agent-M1-01,M1-01,modified,2026-10-07T20:54:19Z,,frozen KAT vectors
crates/sverb-core/src/lib.rs,agent-M0-08,M0-08,modified,2026-10-07T20:54:23Z,,removed Core placeholder and its tests; pub mod error_report
crates/sverb-core/src/error_report.rs,agent-M0-08,M0-08,modified,2026-10-07T20:54:23Z,,ErrorReport {short; chain}
crates/sverb-tui/src/error_report.rs,agent-M0-08,M0-08,released,2026-10-07T20:54:23Z,,moved back to sverb-core/src/error_report.rs (deleted)
crates/sverb-term/tests/streams/record.sh,agent-M1-09,M1-09,locked,2026-10-07T20:54:42Z,,T-01 fixture
crates/sverb-term/tests/streams/src/sample.txt,agent-M1-09,M1-09,locked,2026-10-07T20:54:42Z,,T-01 fixture
crates/sverb-term/tests/streams/src/sverb-demo.1,agent-M1-09,M1-09,locked,2026-10-07T20:54:42Z,,T-01 fixture
crates/sverb-term/tests/streams/src/tmux.conf,agent-M1-09,M1-09,locked,2026-10-07T20:54:42Z,,T-01 fixture
crates/sverb-term/tests/streams/vim.bin,agent-M1-09,M1-09,locked,2026-10-07T20:54:42Z,,T-01 fixture
crates/sverb-term/tests/streams/htop.bin,agent-M1-09,M1-09,locked,2026-10-07T20:54:42Z,,T-01 fixture
crates/sverb-term/tests/streams/tmux_split.bin,agent-M1-09,M1-09,locked,2026-10-07T20:54:42Z,,T-01 fixture
crates/sverb-term/tests/streams/less_man.bin,agent-M1-09,M1-09,locked,2026-10-07T20:54:42Z,,T-01 fixture
crates/sverb-term/tests/streams/color_test.bin,agent-M1-09,M1-09,locked,2026-10-07T20:54:42Z,,T-01 fixture
crates/sverb-term/tests/streams/utf8_test.bin,agent-M1-09,M1-09,locked,2026-10-07T20:54:42Z,,T-01 fixture
crates/sverb-term/tests/streams/decstbm.bin,agent-M1-09,M1-09,locked,2026-10-07T20:54:42Z,,T-01 fixture
crates/sverb-term/tests/streams/README.md,agent-M1-09,M1-09,locked,2026-10-07T20:54:42Z,,T-01 fixture
crates/sverb/src/app.rs,agent-M0-08,M0-08,modified,2026-10-07T20:55:00Z,,deleted: replaced by sverb-tui app/views/keymap (M0-08)
crates/sverb/src/action.rs,agent-M0-08,M0-08,modified,2026-10-07T20:55:00Z,,deleted: replaced by sverb-tui app/views/keymap (M0-08)
crates/sverb/src/components.rs,agent-M0-08,M0-08,modified,2026-10-07T20:55:00Z,,deleted: replaced by sverb-tui app/views/keymap (M0-08)
crates/sverb/src/components/home.rs,agent-M0-08,M0-08,modified,2026-10-07T20:55:00Z,,deleted: replaced by sverb-tui app/views/keymap (M0-08)
crates/sverb/src/main.rs,agent-M0-08,M0-08,modified,2026-10-07T20:55:00Z,,run sverb_tui::run; drop mod app/action/components; keymap from template config
crates/sverb/src/config.rs,agent-M0-08,M0-08,modified,2026-10-07T20:55:00Z,,import ActionName/Mode from sverb-tui
crates/sverb-term/tests/streams/gen.sh,agent-M1-09,M1-09,locked,2026-10-07T20:55:13Z,,fixture generator
crates/sverb-term/tests/streams/README.md,agent-M1-09,M1-09,released,2026-10-07T20:55:13Z,,not needed; docs in record.sh and docs/emulator.md
crates/sverb-crypto/tests/fixtures/envelopes/v1/empty.bin,agent-M1-01,M1-01,locked,2026-10-07T20:55:30Z,,v1 fixture
crates/sverb-crypto/tests/fixtures/envelopes/v1/small.bin,agent-M1-01,M1-01,locked,2026-10-07T20:55:30Z,,v1 fixture
crates/sverb-crypto/tests/fixtures/envelopes/v1/large.bin,agent-M1-01,M1-01,locked,2026-10-07T20:55:30Z,,v1 fixture
crates/sverb-crypto/tests/fixtures/envelopes/v1/empty.bin,agent-M1-01,M1-01,modified,2026-10-07T20:55:39Z,,frozen v1 envelope fixture
crates/sverb-crypto/tests/fixtures/envelopes/v1/small.bin,agent-M1-01,M1-01,modified,2026-10-07T20:55:39Z,,frozen v1 envelope fixture
crates/sverb-crypto/tests/fixtures/envelopes/v1/large.bin,agent-M1-01,M1-01,modified,2026-10-07T20:55:39Z,,frozen v1 envelope fixture
crates/sverb-crypto/tests/fixtures/envelopes/v1/manifest.json,agent-M1-01,M1-01,modified,2026-10-07T20:55:39Z,,frozen v1 envelope fixture
crates/sverb-tui/src/snapshots/sverb_tui__testing__tests__confirm_quit_80x24.snap,agent-M0-08,M0-08,modified,2026-10-07T20:56:03Z,,T-09 insta snapshot
crates/sverb-tui/src/snapshots/sverb_tui__testing__tests__initial_160x48.snap,agent-M0-08,M0-08,modified,2026-10-07T20:56:03Z,,T-09 insta snapshot
crates/sverb-tui/src/snapshots/sverb_tui__testing__tests__initial_80x24.snap,agent-M0-08,M0-08,modified,2026-10-07T20:56:03Z,,T-09 insta snapshot
crates/sverb-term/tests/replay.rs,agent-M1-09,M1-09,locked,2026-10-07T20:56:27Z,,T-01
crates/sverb-term/tests/snapshots/replay__vim.snap,agent-M1-09,M1-09,locked,2026-10-07T20:56:27Z,,T-01 snapshot
crates/sverb-term/tests/snapshots/replay__htop.snap,agent-M1-09,M1-09,locked,2026-10-07T20:56:27Z,,T-01 snapshot
crates/sverb-term/tests/snapshots/replay__tmux_split.snap,agent-M1-09,M1-09,locked,2026-10-07T20:56:27Z,,T-01 snapshot
crates/sverb-term/tests/snapshots/replay__less_man.snap,agent-M1-09,M1-09,locked,2026-10-07T20:56:27Z,,T-01 snapshot
crates/sverb-term/tests/snapshots/replay__color_test.snap,agent-M1-09,M1-09,locked,2026-10-07T20:56:27Z,,T-01 snapshot
crates/sverb-term/tests/snapshots/replay__utf8_test.snap,agent-M1-09,M1-09,locked,2026-10-07T20:56:27Z,,T-01 snapshot
crates/sverb-term/tests/snapshots/replay__decstbm.snap,agent-M1-09,M1-09,locked,2026-10-07T20:56:27Z,,T-01 snapshot
crates/sverb-term/tests/replay.rs,agent-M1-09,M1-09,modified,2026-10-07T20:56:27Z,,fixture replay test
crates/sverb-core/Cargo.toml,agent-M0-06,M0-06,locked,2026-10-07T20:56:36Z,,config.toml model
crates/sverb-core/src/config/mod.rs,agent-M0-06,M0-06,locked,2026-10-07T20:56:36Z,,config.toml model
crates/sverb-core/src/config/model.rs,agent-M0-06,M0-06,locked,2026-10-07T20:56:36Z,,config.toml model
crates/sverb-core/src/config/validate.rs,agent-M0-06,M0-06,locked,2026-10-07T20:56:36Z,,config.toml model
crates/sverb-core/src/config/watch.rs,agent-M0-06,M0-06,locked,2026-10-07T20:56:36Z,,config.toml model
crates/sverb-core/src/config/schema.rs,agent-M0-06,M0-06,locked,2026-10-07T20:56:36Z,,config.toml model
crates/sverb-core/src/config/diff.rs,agent-M0-06,M0-06,locked,2026-10-07T20:56:36Z,,config.toml model
crates/sverb-core/src/config/default_config.toml,agent-M0-06,M0-06,locked,2026-10-07T20:56:36Z,,config.toml model
crates/sverb-core/tests/config_watch.rs,agent-M0-06,M0-06,locked,2026-10-07T20:56:36Z,,config.toml model
docs/config.schema.json,agent-M0-06,M0-06,locked,2026-10-07T20:56:36Z,,config.toml model
crates/sverb-core/tests/config_watch.rs,agent-M0-06,M0-06,released,2026-10-07T20:56:41Z,,watcher tests live in config/watch.rs instead
crates/sverb-core/src/config/default_config.toml,agent-M0-06,M0-06,modified,2026-10-07T20:56:41Z,,verbatim SPEC 15 defaults
fuzz/fuzz_targets/envelope_open.rs,agent-M1-01,M1-01,locked,2026-10-07T20:56:55Z,,fuzz target stub
fuzz/fuzz_targets/envelope_open.rs,agent-M1-01,M1-01,modified,2026-10-07T20:56:55Z,,fuzz target stub (workspace in M7-05)
README.md,agent-M0-08,M0-08,modified,2026-10-07T20:57:17Z,,status line points to docs/architecture.md
Cargo.toml,agent-M1-01,M1-01,copy,2026-10-07T20:57:28Z,.merge/agent-M1-01/Cargo.toml,workspace deps getrandom/rand_core/subtle + dev chacha20/hex/serde_json
crates/sverb-crypto/Cargo.toml,agent-M1-01,M1-01,copy,2026-10-07T20:57:28Z,.merge/agent-M1-01/crates/sverb-crypto/Cargo.toml,crypto deps; dev-deps; [[bench]] envelope (copy so the shared build stays green until Cargo.toml/lock merge)
crates/sverb-crypto/src/lib.rs,agent-M1-01,M1-01,copy,2026-10-07T20:57:28Z,.merge/agent-M1-01/crates/sverb-crypto/src/lib.rs,pub mod lines + re-exports (copy: needs the Cargo.toml deps)
crates/sverb-crypto/tests/kat.rs,agent-M1-01,M1-01,copy,2026-10-07T20:57:28Z,.merge/agent-M1-01/crates/sverb-crypto/tests/kat.rs,NEW test file staged until Cargo.toml merge
crates/sverb-crypto/tests/envelope.rs,agent-M1-01,M1-01,copy,2026-10-07T20:57:28Z,.merge/agent-M1-01/crates/sverb-crypto/tests/envelope.rs,NEW test file staged until Cargo.toml merge
crates/sverb-crypto/tests/primitives.rs,agent-M1-01,M1-01,copy,2026-10-07T20:57:28Z,.merge/agent-M1-01/crates/sverb-crypto/tests/primitives.rs,NEW test file staged until Cargo.toml merge
crates/sverb-crypto/tests/fixtures.rs,agent-M1-01,M1-01,copy,2026-10-07T20:57:28Z,.merge/agent-M1-01/crates/sverb-crypto/tests/fixtures.rs,NEW test file staged until Cargo.toml merge
crates/sverb-crypto/benches/envelope.rs,agent-M1-01,M1-01,copy,2026-10-07T20:57:28Z,.merge/agent-M1-01/crates/sverb-crypto/benches/envelope.rs,NEW criterion bench staged until Cargo.toml merge
crates/sverb-core/src/secret.rs,agent-M0-04,M0-04,locked,2026-10-07T20:57:41Z,,M0-04 logging and secret types
crates/sverb-core/src/logging/mod.rs,agent-M0-04,M0-04,locked,2026-10-07T20:57:41Z,,M0-04 logging and secret types
crates/sverb-core/src/logging/ring.rs,agent-M0-04,M0-04,locked,2026-10-07T20:57:41Z,,M0-04 logging and secret types
docs/architecture.md,agent-M0-08,M0-08,modified,2026-10-07T20:57:46Z,,new: event->reducer->effect flow; how to add a view
crates/sverb-core/src/config/model.rs,agent-M0-06,M0-06,modified,2026-10-07T20:58:34Z,,typed config model + APPLY_SCOPES
crates/sverb-core/src/error_report.rs,agent-M0-08,M0-08,released,2026-10-07T20:58:40Z,,orchestrator: M0-08 complete
crates/sverb-core/src/lib.rs,agent-M0-08,M0-08,released,2026-10-07T20:58:40Z,,orchestrator: M0-08 complete
crates/sverb/src/action.rs,agent-M0-08,M0-08,released,2026-10-07T20:58:40Z,,orchestrator: M0-08 complete
crates/sverb/src/app.rs,agent-M0-08,M0-08,released,2026-10-07T20:58:40Z,,orchestrator: M0-08 complete
crates/sverb/src/components/home.rs,agent-M0-08,M0-08,released,2026-10-07T20:58:40Z,,orchestrator: M0-08 complete
crates/sverb/src/components.rs,agent-M0-08,M0-08,released,2026-10-07T20:58:40Z,,orchestrator: M0-08 complete
crates/sverb/src/config.rs,agent-M0-08,M0-08,released,2026-10-07T20:58:40Z,,orchestrator: M0-08 complete
crates/sverb/src/main.rs,agent-M0-08,M0-08,released,2026-10-07T20:58:40Z,,orchestrator: M0-08 complete
crates/sverb-tui/Cargo.toml,agent-M0-08,M0-08,released,2026-10-07T20:58:40Z,,orchestrator: M0-08 complete
crates/sverb-tui/src/app/config.rs,agent-M0-08,M0-08,released,2026-10-07T20:58:40Z,,orchestrator: M0-08 complete
crates/sverb-tui/src/app/effect.rs,agent-M0-08,M0-08,released,2026-10-07T20:58:40Z,,orchestrator: M0-08 complete
crates/sverb-tui/src/app/event.rs,agent-M0-08,M0-08,released,2026-10-07T20:58:40Z,,orchestrator: M0-08 complete
crates/sverb-tui/src/app/mod.rs,agent-M0-08,M0-08,released,2026-10-07T20:58:41Z,,orchestrator: M0-08 complete
crates/sverb-tui/src/app/state.rs,agent-M0-08,M0-08,released,2026-10-07T20:58:41Z,,orchestrator: M0-08 complete
crates/sverb-tui/src/keymap/action.rs,agent-M0-08,M0-08,released,2026-10-07T20:58:41Z,,orchestrator: M0-08 complete
crates/sverb-tui/src/keymap/chord.rs,agent-M0-08,M0-08,released,2026-10-07T20:58:41Z,,orchestrator: M0-08 complete
crates/sverb-tui/src/keymap/mod.rs,agent-M0-08,M0-08,released,2026-10-07T20:58:41Z,,orchestrator: M0-08 complete
crates/sverb-tui/src/lib.rs,agent-M0-08,M0-08,released,2026-10-07T20:58:41Z,,orchestrator: M0-08 complete
crates/sverb-tui/src/runtime/mod.rs,agent-M0-08,M0-08,released,2026-10-07T20:58:41Z,,orchestrator: M0-08 complete
crates/sverb-tui/src/services/mod.rs,agent-M0-08,M0-08,released,2026-10-07T20:58:41Z,,orchestrator: M0-08 complete
crates/sverb-tui/src/snapshots/sverb_tui__testing__tests__confirm_quit_80x24.snap,agent-M0-08,M0-08,released,2026-10-07T20:58:41Z,,orchestrator: M0-08 complete
crates/sverb-tui/src/snapshots/sverb_tui__testing__tests__initial_160x48.snap,agent-M0-08,M0-08,released,2026-10-07T20:58:41Z,,orchestrator: M0-08 complete
crates/sverb-tui/src/snapshots/sverb_tui__testing__tests__initial_80x24.snap,agent-M0-08,M0-08,released,2026-10-07T20:58:41Z,,orchestrator: M0-08 complete
crates/sverb-tui/src/testing.rs,agent-M0-08,M0-08,released,2026-10-07T20:58:41Z,,orchestrator: M0-08 complete
crates/sverb-tui/src/views/dialogs.rs,agent-M0-08,M0-08,released,2026-10-07T20:58:41Z,,orchestrator: M0-08 complete
crates/sverb-tui/src/views/hosts.rs,agent-M0-08,M0-08,released,2026-10-07T20:58:41Z,,orchestrator: M0-08 complete
crates/sverb-tui/src/views/mod.rs,agent-M0-08,M0-08,released,2026-10-07T20:58:41Z,,orchestrator: M0-08 complete
docs/architecture.md,agent-M0-08,M0-08,released,2026-10-07T20:58:41Z,,orchestrator: M0-08 complete
README.md,agent-M0-08,M0-08,released,2026-10-07T20:58:41Z,,orchestrator: M0-08 complete
Cargo.toml,agent-M1-09,M1-09,modified,2026-10-07T20:59:14Z,,applied M1-01 additive deps on orchestrator request
Cargo.lock,agent-M1-09,M1-09,released,2026-10-07T20:59:18Z,,Cargo.lock is now derived per protocol
crates/sverb-core/src/config/tests.rs,agent-M0-06,M0-06,locked,2026-10-07T20:59:28Z,,config unit tests
crates/sverb-core/src/config/mod.rs,agent-M0-06,M0-06,modified,2026-10-07T20:59:28Z,,config module: errors; LoadOutcome; validator traits; stubs
crates/sverb-term/tests/streams/vim.bin,agent-M1-09,M1-09,modified,2026-10-07T21:00:06Z,,recorded fixture
crates/sverb-term/tests/snapshots/replay__vim.snap,agent-M1-09,M1-09,modified,2026-10-07T21:00:06Z,,insta snapshot
crates/sverb-term/tests/streams/htop.bin,agent-M1-09,M1-09,modified,2026-10-07T21:00:06Z,,recorded fixture
crates/sverb-term/tests/snapshots/replay__htop.snap,agent-M1-09,M1-09,modified,2026-10-07T21:00:06Z,,insta snapshot
crates/sverb-term/tests/streams/tmux_split.bin,agent-M1-09,M1-09,modified,2026-10-07T21:00:06Z,,recorded fixture
crates/sverb-term/tests/snapshots/replay__tmux_split.snap,agent-M1-09,M1-09,modified,2026-10-07T21:00:06Z,,insta snapshot
crates/sverb-term/tests/streams/less_man.bin,agent-M1-09,M1-09,modified,2026-10-07T21:00:06Z,,recorded fixture
crates/sverb-term/tests/snapshots/replay__less_man.snap,agent-M1-09,M1-09,modified,2026-10-07T21:00:06Z,,insta snapshot
crates/sverb-term/tests/streams/color_test.bin,agent-M1-09,M1-09,modified,2026-10-07T21:00:06Z,,recorded fixture
crates/sverb-term/tests/snapshots/replay__color_test.snap,agent-M1-09,M1-09,modified,2026-10-07T21:00:06Z,,insta snapshot
crates/sverb-term/tests/streams/utf8_test.bin,agent-M1-09,M1-09,modified,2026-10-07T21:00:06Z,,recorded fixture
crates/sverb-term/tests/snapshots/replay__utf8_test.snap,agent-M1-09,M1-09,modified,2026-10-07T21:00:06Z,,insta snapshot
crates/sverb-term/tests/streams/decstbm.bin,agent-M1-09,M1-09,modified,2026-10-07T21:00:06Z,,recorded fixture
crates/sverb-term/tests/snapshots/replay__decstbm.snap,agent-M1-09,M1-09,modified,2026-10-07T21:00:06Z,,insta snapshot
crates/sverb-term/tests/streams/record.sh,agent-M1-09,M1-09,modified,2026-10-07T21:00:06Z,,fixture tooling
crates/sverb-term/tests/streams/gen.sh,agent-M1-09,M1-09,modified,2026-10-07T21:00:06Z,,fixture tooling
crates/sverb-term/tests/streams/src/sample.txt,agent-M1-09,M1-09,modified,2026-10-07T21:00:06Z,,fixture tooling
crates/sverb-term/tests/streams/src/sverb-demo.1,agent-M1-09,M1-09,modified,2026-10-07T21:00:06Z,,fixture tooling
crates/sverb-term/tests/streams/src/tmux.conf,agent-M1-09,M1-09,modified,2026-10-07T21:00:06Z,,fixture tooling
crates/sverb-term/fuzz/Cargo.toml,agent-M1-09,M1-09,locked,2026-10-07T21:00:27Z,,T-18 fuzz / docs
crates/sverb-term/fuzz/fuzz_targets/emulator_feed.rs,agent-M1-09,M1-09,locked,2026-10-07T21:00:27Z,,T-18 fuzz / docs
crates/sverb-term/fuzz/.gitignore,agent-M1-09,M1-09,locked,2026-10-07T21:00:27Z,,T-18 fuzz / docs
docs/emulator.md,agent-M1-09,M1-09,locked,2026-10-07T21:00:27Z,,T-18 fuzz / docs
crates/sverb-term/fuzz/Cargo.toml,agent-M1-09,M1-09,modified,2026-10-07T21:00:27Z,,fuzz target
crates/sverb-term/fuzz/fuzz_targets/emulator_feed.rs,agent-M1-09,M1-09,modified,2026-10-07T21:00:27Z,,fuzz target
crates/sverb-term/fuzz/.gitignore,agent-M1-09,M1-09,modified,2026-10-07T21:00:27Z,,fuzz target
crates/sverb-core/src/logging/tests.rs,agent-M0-04,M0-04,locked,2026-10-07T21:00:57Z,,M0-04 logging unit tests
crates/sverb-core/src/secret.rs,agent-M0-04,M0-04,modified,2026-10-07T21:00:57Z,,new file (not compiled until lib.rs copy is merged)
crates/sverb-core/src/logging/mod.rs,agent-M0-04,M0-04,modified,2026-10-07T21:00:57Z,,new file (not compiled until lib.rs copy is merged)
crates/sverb-core/src/logging/ring.rs,agent-M0-04,M0-04,modified,2026-10-07T21:00:57Z,,new file (not compiled until lib.rs copy is merged)
crates/sverb-core/src/logging/tests.rs,agent-M0-04,M0-04,modified,2026-10-07T21:00:57Z,,new file (not compiled until lib.rs copy is merged)
crates/sverb-core/src/lib.rs,agent-M0-04,M0-04,locked,2026-10-07T21:01:00Z,,pub mod secret/logging; trace_dbg
crates/sverb-core/src/config/diff.rs,agent-M0-06,M0-06,modified,2026-10-07T21:01:21Z,,new diff module
crates/sverb-core/src/config/watch.rs,agent-M0-06,M0-06,modified,2026-10-07T21:01:21Z,,new watch module
crates/sverb-core/src/config/validate.rs,agent-M0-06,M0-06,modified,2026-10-07T21:01:21Z,,new validate module
crates/sverb-core/src/lib.rs,agent-M0-04,M0-04,modified,2026-10-07T21:01:32Z,,trace_dbg! macro moved here + __tracing re-export
crates/sverb/src/errors.rs,agent-M0-04,M0-04,locked,2026-10-07T21:01:37Z,,move trace_dbg to sverb-core
crates/sverb/src/errors.rs,agent-M0-04,M0-04,modified,2026-10-07T21:01:37Z,,removed trace_dbg (moved to sverb-core)
Cargo.toml,agent-M0-04,M0-04,copy,2026-10-07T21:01:53Z,.merge/agent-M0-04/Cargo.toml,workspace deps: subtle; tracing-appender; serde_json; trybuild
crates/sverb-core/Cargo.toml,agent-M0-04,M0-04,copy,2026-10-07T21:01:53Z,.merge/agent-M0-04/crates/sverb-core/Cargo.toml,deps for secret+logging; dev trybuild/serde_json; [[test]] logging harness=false
crates/sverb-core/src/lib.rs,agent-M0-04,M0-04,copy,2026-10-07T21:01:53Z,.merge/agent-M0-04/crates/sverb-core/src/lib.rs,in place: trace_dbg; copy adds pub mod secret/logging (need deps from held Cargo.toml)
docs/emulator.md,agent-M1-09,M1-09,modified,2026-10-07T21:02:41Z,,emulator docs
crates/sverb-core/src/config/tests.rs,agent-M0-06,M0-06,modified,2026-10-07T21:02:48Z,,unit tests
crates/sverb-core/src/config/schema.rs,agent-M0-06,M0-06,modified,2026-10-07T21:02:48Z,,schema generation + T-21/T-22
crates/sverb-core/Cargo.toml,agent-M0-06,M0-06,modified,2026-10-07T21:02:54Z,,deps toml schemars notify strsim serde_json; dev proptest
crates/sverb-core/src/lib.rs,agent-M0-06,M0-06,copy,2026-10-07T21:03:09Z,.merge/agent-M0-06/crates/sverb-core/src/lib.rs,adds pub mod config
Cargo.toml,agent-M1-09,M1-09,released,2026-10-07T21:03:38Z,,orchestrator: M1-09 complete
crates/sverb-term/benches/emulator_throughput.rs,agent-M1-09,M1-09,released,2026-10-07T21:03:38Z,,orchestrator: M1-09 complete
crates/sverb-term/Cargo.toml,agent-M1-09,M1-09,released,2026-10-07T21:03:38Z,,orchestrator: M1-09 complete
crates/sverb-term/fuzz/Cargo.toml,agent-M1-09,M1-09,released,2026-10-07T21:03:38Z,,orchestrator: M1-09 complete
crates/sverb-term/fuzz/fuzz_targets/emulator_feed.rs,agent-M1-09,M1-09,released,2026-10-07T21:03:39Z,,orchestrator: M1-09 complete
crates/sverb-term/fuzz/.gitignore,agent-M1-09,M1-09,released,2026-10-07T21:03:39Z,,orchestrator: M1-09 complete
crates/sverb-term/src/alacritty/listener.rs,agent-M1-09,M1-09,released,2026-10-07T21:03:39Z,,orchestrator: M1-09 complete
crates/sverb-term/src/alacritty/mod.rs,agent-M1-09,M1-09,released,2026-10-07T21:03:39Z,,orchestrator: M1-09 complete
crates/sverb-term/src/alacritty/sidechannel.rs,agent-M1-09,M1-09,released,2026-10-07T21:03:39Z,,orchestrator: M1-09 complete
crates/sverb-term/src/alacritty/snapshot.rs,agent-M1-09,M1-09,released,2026-10-07T21:03:39Z,,orchestrator: M1-09 complete
crates/sverb-term/src/charset.rs,agent-M1-09,M1-09,released,2026-10-07T21:03:39Z,,orchestrator: M1-09 complete
crates/sverb-term/src/emulator.rs,agent-M1-09,M1-09,released,2026-10-07T21:03:39Z,,orchestrator: M1-09 complete
crates/sverb-term/src/lib.rs,agent-M1-09,M1-09,released,2026-10-07T21:03:39Z,,orchestrator: M1-09 complete
crates/sverb-term/src/modes.rs,agent-M1-09,M1-09,released,2026-10-07T21:03:39Z,,orchestrator: M1-09 complete
crates/sverb-term/src/policy.rs,agent-M1-09,M1-09,released,2026-10-07T21:03:39Z,,orchestrator: M1-09 complete
crates/sverb-term/tests/emulator.rs,agent-M1-09,M1-09,released,2026-10-07T21:03:39Z,,orchestrator: M1-09 complete
crates/sverb-term/tests/replay.rs,agent-M1-09,M1-09,released,2026-10-07T21:03:39Z,,orchestrator: M1-09 complete
crates/sverb-term/tests/snapshots/replay__color_test.snap,agent-M1-09,M1-09,released,2026-10-07T21:03:39Z,,orchestrator: M1-09 complete
crates/sverb-term/tests/snapshots/replay__decstbm.snap,agent-M1-09,M1-09,released,2026-10-07T21:03:39Z,,orchestrator: M1-09 complete
crates/sverb-term/tests/snapshots/replay__htop.snap,agent-M1-09,M1-09,released,2026-10-07T21:03:39Z,,orchestrator: M1-09 complete
crates/sverb-term/tests/snapshots/replay__less_man.snap,agent-M1-09,M1-09,released,2026-10-07T21:03:39Z,,orchestrator: M1-09 complete
crates/sverb-term/tests/snapshots/replay__tmux_split.snap,agent-M1-09,M1-09,released,2026-10-07T21:03:39Z,,orchestrator: M1-09 complete
crates/sverb-term/tests/snapshots/replay__utf8_test.snap,agent-M1-09,M1-09,released,2026-10-07T21:03:39Z,,orchestrator: M1-09 complete
crates/sverb-term/tests/snapshots/replay__vim.snap,agent-M1-09,M1-09,released,2026-10-07T21:03:39Z,,orchestrator: M1-09 complete
crates/sverb-term/tests/streams/color_test.bin,agent-M1-09,M1-09,released,2026-10-07T21:03:39Z,,orchestrator: M1-09 complete
crates/sverb-term/tests/streams/decstbm.bin,agent-M1-09,M1-09,released,2026-10-07T21:03:39Z,,orchestrator: M1-09 complete
crates/sverb-term/tests/streams/gen.sh,agent-M1-09,M1-09,released,2026-10-07T21:03:39Z,,orchestrator: M1-09 complete
crates/sverb-term/tests/streams/htop.bin,agent-M1-09,M1-09,released,2026-10-07T21:03:39Z,,orchestrator: M1-09 complete
crates/sverb-term/tests/streams/less_man.bin,agent-M1-09,M1-09,released,2026-10-07T21:03:39Z,,orchestrator: M1-09 complete
crates/sverb-term/tests/streams/record.sh,agent-M1-09,M1-09,released,2026-10-07T21:03:39Z,,orchestrator: M1-09 complete
crates/sverb-term/tests/streams/src/sample.txt,agent-M1-09,M1-09,released,2026-10-07T21:03:39Z,,orchestrator: M1-09 complete
crates/sverb-term/tests/streams/src/sverb-demo.1,agent-M1-09,M1-09,released,2026-10-07T21:03:39Z,,orchestrator: M1-09 complete
crates/sverb-term/tests/streams/src/tmux.conf,agent-M1-09,M1-09,released,2026-10-07T21:03:39Z,,orchestrator: M1-09 complete
crates/sverb-term/tests/streams/tmux_split.bin,agent-M1-09,M1-09,released,2026-10-07T21:03:39Z,,orchestrator: M1-09 complete
crates/sverb-term/tests/streams/utf8_test.bin,agent-M1-09,M1-09,released,2026-10-07T21:03:39Z,,orchestrator: M1-09 complete
crates/sverb-term/tests/streams/vim.bin,agent-M1-09,M1-09,released,2026-10-07T21:03:39Z,,orchestrator: M1-09 complete
docs/emulator.md,agent-M1-09,M1-09,released,2026-10-07T21:03:39Z,,orchestrator: M1-09 complete
crates/sverb-crypto/Cargo.toml,agent-M1-01,M1-01,released,2026-10-07T21:03:39Z,,orchestrator merging
crates/sverb-crypto/src/lib.rs,agent-M1-01,M1-01,released,2026-10-07T21:03:39Z,,orchestrator merging
crates/sverb-crypto/tests/kat.rs,agent-M1-01,M1-01,released,2026-10-07T21:03:39Z,,orchestrator merging
crates/sverb-crypto/tests/envelope.rs,agent-M1-01,M1-01,released,2026-10-07T21:03:39Z,,orchestrator merging
crates/sverb-crypto/tests/primitives.rs,agent-M1-01,M1-01,released,2026-10-07T21:03:39Z,,orchestrator merging
crates/sverb-crypto/tests/fixtures.rs,agent-M1-01,M1-01,released,2026-10-07T21:03:39Z,,orchestrator merging
crates/sverb-crypto/benches/envelope.rs,agent-M1-01,M1-01,released,2026-10-07T21:03:39Z,,orchestrator merging
Cargo.toml,agent-M1-01,M1-01,released,2026-10-07T21:03:39Z,,orchestrator merging
crates/sverb-crypto/Cargo.toml,orchestrator,MERGE-M1-01,locked,2026-10-07T21:03:39Z,,merge
crates/sverb-crypto/src/lib.rs,orchestrator,MERGE-M1-01,locked,2026-10-07T21:03:39Z,,merge
crates/sverb-crypto/tests/kat.rs,orchestrator,MERGE-M1-01,locked,2026-10-07T21:03:39Z,,merge
crates/sverb-crypto/tests/envelope.rs,orchestrator,MERGE-M1-01,locked,2026-10-07T21:03:39Z,,merge
crates/sverb-crypto/tests/primitives.rs,orchestrator,MERGE-M1-01,locked,2026-10-07T21:03:39Z,,merge
crates/sverb-crypto/tests/fixtures.rs,orchestrator,MERGE-M1-01,locked,2026-10-07T21:03:39Z,,merge
crates/sverb-crypto/benches/envelope.rs,orchestrator,MERGE-M1-01,locked,2026-10-07T21:03:39Z,,merge
crates/sverb-crypto/src/aead.rs,agent-M1-01,M1-01,released,2026-10-07T21:03:40Z,,orchestrator: M1-01 complete
crates/sverb-crypto/src/canon.rs,agent-M1-01,M1-01,released,2026-10-07T21:03:40Z,,orchestrator: M1-01 complete
crates/sverb-crypto/src/envelope.rs,agent-M1-01,M1-01,released,2026-10-07T21:03:40Z,,orchestrator: M1-01 complete
crates/sverb-crypto/src/error.rs,agent-M1-01,M1-01,released,2026-10-07T21:03:40Z,,orchestrator: M1-01 complete
crates/sverb-crypto/src/kdf.rs,agent-M1-01,M1-01,released,2026-10-07T21:03:40Z,,orchestrator: M1-01 complete
crates/sverb-crypto/src/keys.rs,agent-M1-01,M1-01,released,2026-10-07T21:03:40Z,,orchestrator: M1-01 complete
crates/sverb-crypto/src/pad.rs,agent-M1-01,M1-01,released,2026-10-07T21:03:40Z,,orchestrator: M1-01 complete
crates/sverb-crypto/src/random.rs,agent-M1-01,M1-01,released,2026-10-07T21:03:40Z,,orchestrator: M1-01 complete
crates/sverb-crypto/src/recording.rs,agent-M1-01,M1-01,released,2026-10-07T21:03:40Z,,orchestrator: M1-01 complete
crates/sverb-crypto/src/wrap.rs,agent-M1-01,M1-01,released,2026-10-07T21:03:40Z,,orchestrator: M1-01 complete
crates/sverb-crypto/tests/fixtures/envelopes/v1/empty.bin,agent-M1-01,M1-01,released,2026-10-07T21:03:40Z,,orchestrator: M1-01 complete
crates/sverb-crypto/tests/fixtures/envelopes/v1/large.bin,agent-M1-01,M1-01,released,2026-10-07T21:03:40Z,,orchestrator: M1-01 complete
crates/sverb-crypto/tests/fixtures/envelopes/v1/manifest.json,agent-M1-01,M1-01,released,2026-10-07T21:03:40Z,,orchestrator: M1-01 complete
crates/sverb-crypto/tests/fixtures/envelopes/v1/small.bin,agent-M1-01,M1-01,released,2026-10-07T21:03:40Z,,orchestrator: M1-01 complete
crates/sverb-crypto/tests/kat/argon2id.json,agent-M1-01,M1-01,released,2026-10-07T21:03:40Z,,orchestrator: M1-01 complete
crates/sverb-crypto/tests/kat/canon.json,agent-M1-01,M1-01,released,2026-10-07T21:03:40Z,,orchestrator: M1-01 complete
crates/sverb-crypto/tests/kat/envelope.json,agent-M1-01,M1-01,released,2026-10-07T21:03:40Z,,orchestrator: M1-01 complete
crates/sverb-crypto/tests/kat/hkdf.json,agent-M1-01,M1-01,released,2026-10-07T21:03:40Z,,orchestrator: M1-01 complete
crates/sverb-crypto/tests/kat/pad.json,agent-M1-01,M1-01,released,2026-10-07T21:03:40Z,,orchestrator: M1-01 complete
crates/sverb-crypto/tests/kat/recording.json,agent-M1-01,M1-01,released,2026-10-07T21:03:40Z,,orchestrator: M1-01 complete
crates/sverb-crypto/tests/kat/wrap.json,agent-M1-01,M1-01,released,2026-10-07T21:03:40Z,,orchestrator: M1-01 complete
fuzz/fuzz_targets/envelope_open.rs,agent-M1-01,M1-01,released,2026-10-07T21:03:40Z,,orchestrator: M1-01 complete
docs/config.schema.json,agent-M0-06,M0-06,modified,2026-10-07T21:03:55Z,,generated JSON schema
crates/sverb-crypto/benches/envelope.rs,orchestrator,MERGE-M1-01,released,2026-10-07T21:04:27Z,,merged
crates/sverb-crypto/Cargo.toml,orchestrator,MERGE-M1-01,released,2026-10-07T21:04:27Z,,merged
crates/sverb-crypto/src/lib.rs,orchestrator,MERGE-M1-01,released,2026-10-07T21:04:27Z,,merged
crates/sverb-crypto/tests/envelope.rs,orchestrator,MERGE-M1-01,released,2026-10-07T21:04:27Z,,merged
crates/sverb-crypto/tests/fixtures.rs,orchestrator,MERGE-M1-01,released,2026-10-07T21:04:27Z,,merged
crates/sverb-crypto/tests/kat.rs,orchestrator,MERGE-M1-01,released,2026-10-07T21:04:27Z,,merged
crates/sverb-crypto/tests/primitives.rs,orchestrator,MERGE-M1-01,released,2026-10-07T21:04:27Z,,merged
crates/sverb-core/tests/logging.rs,agent-M0-04,M0-04,locked,2026-10-07T21:04:34Z,,M0-04 test
crates/sverb-core/tests/logging.rs,agent-M0-04,M0-04,copy,2026-10-07T21:04:34Z,.merge/agent-M0-04/crates/sverb-core/tests/logging.rs,new test file; kept in copy folder (needs core Cargo.toml/lib.rs copies)
crates/sverb-core/tests/secret_compile_fail.rs,agent-M0-04,M0-04,locked,2026-10-07T21:04:34Z,,M0-04 test
crates/sverb-core/tests/secret_compile_fail.rs,agent-M0-04,M0-04,copy,2026-10-07T21:04:34Z,.merge/agent-M0-04/crates/sverb-core/tests/secret_compile_fail.rs,new test file; kept in copy folder (needs core Cargo.toml/lib.rs copies)
crates/sverb-core/tests/ui/secret_not_clone.rs,agent-M0-04,M0-04,locked,2026-10-07T21:04:34Z,,M0-04 test
crates/sverb-core/tests/ui/secret_not_clone.rs,agent-M0-04,M0-04,copy,2026-10-07T21:04:34Z,.merge/agent-M0-04/crates/sverb-core/tests/ui/secret_not_clone.rs,new test file; kept in copy folder (needs core Cargo.toml/lib.rs copies)
crates/sverb-core/tests/ui/secret_not_clone.stderr,agent-M0-04,M0-04,locked,2026-10-07T21:04:34Z,,M0-04 test
crates/sverb-core/tests/ui/secret_not_clone.stderr,agent-M0-04,M0-04,copy,2026-10-07T21:04:34Z,.merge/agent-M0-04/crates/sverb-core/tests/ui/secret_not_clone.stderr,new test file; kept in copy folder (needs core Cargo.toml/lib.rs copies)
crates/sverb-core/tests/ui/secret_not_serialize.rs,agent-M0-04,M0-04,locked,2026-10-07T21:04:34Z,,M0-04 test
crates/sverb-core/tests/ui/secret_not_serialize.rs,agent-M0-04,M0-04,copy,2026-10-07T21:04:34Z,.merge/agent-M0-04/crates/sverb-core/tests/ui/secret_not_serialize.rs,new test file; kept in copy folder (needs core Cargo.toml/lib.rs copies)
crates/sverb-core/tests/ui/secret_not_serialize.stderr,agent-M0-04,M0-04,locked,2026-10-07T21:04:34Z,,M0-04 test
crates/sverb-core/tests/ui/secret_not_serialize.stderr,agent-M0-04,M0-04,copy,2026-10-07T21:04:34Z,.merge/agent-M0-04/crates/sverb-core/tests/ui/secret_not_serialize.stderr,new test file; kept in copy folder (needs core Cargo.toml/lib.rs copies)
crates/sverb-core/tests/ui/secret_not_partial_eq.rs,agent-M0-04,M0-04,locked,2026-10-07T21:04:34Z,,M0-04 test
crates/sverb-core/tests/ui/secret_not_partial_eq.rs,agent-M0-04,M0-04,copy,2026-10-07T21:04:34Z,.merge/agent-M0-04/crates/sverb-core/tests/ui/secret_not_partial_eq.rs,new test file; kept in copy folder (needs core Cargo.toml/lib.rs copies)
crates/sverb-core/tests/ui/secret_not_partial_eq.stderr,agent-M0-04,M0-04,locked,2026-10-07T21:04:34Z,,M0-04 test
crates/sverb-core/tests/ui/secret_not_partial_eq.stderr,agent-M0-04,M0-04,copy,2026-10-07T21:04:34Z,.merge/agent-M0-04/crates/sverb-core/tests/ui/secret_not_partial_eq.stderr,new test file; kept in copy folder (needs core Cargo.toml/lib.rs copies)
crates/sverb/src/main.rs,agent-M0-04,M0-04,locked,2026-10-07T21:04:43Z,,M0-04 wiring (copy: depends on core copies)
crates/sverb/src/cli.rs,agent-M0-04,M0-04,locked,2026-10-07T21:04:43Z,,M0-04 wiring (copy: depends on core copies)
crates/sverb/src/logging.rs,agent-M0-04,M0-04,locked,2026-10-07T21:04:43Z,,M0-04 wiring (copy: depends on core copies)
crates/sverb/src/main.rs,agent-M0-04,M0-04,copy,2026-10-07T21:05:05Z,.merge/agent-M0-04/crates/sverb/src/main.rs,parse CLI before logging; init(paths; LogOptions) guard; drop guard before process::exit
crates/sverb/src/cli.rs,agent-M0-04,M0-04,copy,2026-10-07T21:05:05Z,.merge/agent-M0-04/crates/sverb/src/cli.rs,adds --debug flag
crates/sverb/src/logging.rs,agent-M0-04,M0-04,copy,2026-10-07T21:05:05Z,.merge/agent-M0-04/crates/sverb/src/logging.rs,rewritten as thin wrapper over sverb_core::logging
crates/sverb/Cargo.toml,agent-M0-06,M0-06,locked,2026-10-07T21:05:36Z,,M0-06 wiring
crates/sverb/src/config.rs,agent-M0-06,M0-06,locked,2026-10-07T21:05:36Z,,M0-06 wiring
crates/sverb-tui/src/app/config.rs,agent-M0-06,M0-06,locked,2026-10-07T21:05:36Z,,M0-06 wiring
crates/sverb-tui/src/app/event.rs,agent-M0-06,M0-06,locked,2026-10-07T21:05:36Z,,M0-06 wiring
crates/sverb-tui/src/app/mod.rs,agent-M0-06,M0-06,locked,2026-10-07T21:05:36Z,,M0-06 wiring
Cargo.toml,agent-M0-06,M0-06,copy,2026-10-07T21:05:50Z,.merge/agent-M0-06/Cargo.toml,workspace deps: +notify +serde_json +strsim; -config -json5
crates/sverb/Cargo.toml,agent-M0-06,M0-06,copy,2026-10-07T21:05:50Z,.merge/agent-M0-06/crates/sverb/Cargo.toml,drop config and json5 deps (in place would break config.rs until merged)
docs/logging.md,agent-M0-04,M0-04,locked,2026-10-07T21:06:40Z,,M0-04 logging policy docs
CONTRIBUTING.md,agent-M0-04,M0-04,locked,2026-10-07T21:06:40Z,,M0-04 logging policy docs
README.md,agent-M0-04,M0-04,locked,2026-10-07T21:06:40Z,,M0-04 logging policy docs
docs/logging.md,agent-M0-04,M0-04,modified,2026-10-07T21:07:09Z,,M0-04 logging docs/policy
CONTRIBUTING.md,agent-M0-04,M0-04,modified,2026-10-07T21:07:09Z,,M0-04 logging docs/policy
README.md,agent-M0-04,M0-04,modified,2026-10-07T21:07:09Z,,M0-04 logging docs/policy
crates/sverb-crypto/Cargo.toml,agent-M4-03,M4-03,locked,2026-10-07T21:07:18Z,,add hpke/x25519/ed25519/bip39 deps
crates/sverb-crypto/Cargo.toml,agent-M4-03,M4-03,modified,2026-10-07T21:07:37Z,,add ed25519-dalek; hpke; x25519-dalek; bip39 deps
Cargo.toml,agent-M4-03,M4-03,copy,2026-10-07T21:07:37Z,.merge/agent-M4-03/Cargo.toml,add bip39 workspace dep
crates/sverb-crypto/src/lib.rs,agent-M4-03,M4-03,locked,2026-10-07T21:07:43Z,,M4-03 wiring/labels
crates/sverb-crypto/src/canon.rs,agent-M4-03,M4-03,locked,2026-10-07T21:07:43Z,,M4-03 wiring/labels
crates/sverb-crypto/src/error.rs,agent-M4-03,M4-03,locked,2026-10-07T21:07:43Z,,M4-03 wiring/labels
crates/sverb-core/src/model/mod.rs,agent-M1-02,M1-02,locked,2026-10-07T21:07:47Z,,new item model module
crates/sverb-core/src/model/ids.rs,agent-M1-02,M1-02,locked,2026-10-07T21:07:47Z,,new item model module
crates/sverb-core/src/model/hlc.rs,agent-M1-02,M1-02,locked,2026-10-07T21:07:47Z,,new item model module
crates/sverb-core/src/model/kinds.rs,agent-M1-02,M1-02,locked,2026-10-07T21:07:47Z,,new item model module
crates/sverb-core/src/model/body.rs,agent-M1-02,M1-02,locked,2026-10-07T21:07:47Z,,new item model module
crates/sverb-core/src/model/fields.rs,agent-M1-02,M1-02,locked,2026-10-07T21:07:47Z,,new item model module
crates/sverb-core/src/model/host.rs,agent-M1-02,M1-02,locked,2026-10-07T21:07:47Z,,new item model module
crates/sverb-core/src/model/items.rs,agent-M1-02,M1-02,locked,2026-10-07T21:07:47Z,,new item model module
crates/sverb-core/src/model/validate.rs,agent-M1-02,M1-02,locked,2026-10-07T21:07:47Z,,new item model module
crates/sverb-core/src/model/migrate.rs,agent-M1-02,M1-02,locked,2026-10-07T21:07:47Z,,new item model module
crates/sverb-core/src/model/tests.rs,agent-M1-02,M1-02,locked,2026-10-07T21:07:47Z,,new item model module
docs/data-model.md,agent-M1-02,M1-02,locked,2026-10-07T21:07:48Z,,new data model doc
crates/sverb-server/Cargo.toml,agent-M4-01,M4-01,locked,2026-10-07T21:08:29Z,,server skeleton
crates/sverb-proto/Cargo.toml,agent-M4-01,M4-01,locked,2026-10-07T21:08:30Z,,server skeleton
crates/sverb-proto/src/lib.rs,agent-M4-01,M4-01,locked,2026-10-07T21:08:30Z,,server skeleton
crates/sverb-proto/src/error.rs,agent-M4-01,M4-01,locked,2026-10-07T21:08:30Z,,server skeleton
crates/sverb-proto/src/version.rs,agent-M4-01,M4-01,locked,2026-10-07T21:08:30Z,,server skeleton
crates/sverb-server/src/lib.rs,agent-M4-01,M4-01,locked,2026-10-07T21:08:30Z,,server skeleton
crates/sverb-server/src/main.rs,agent-M4-01,M4-01,locked,2026-10-07T21:08:30Z,,server skeleton
crates/sverb-server/build.rs,agent-M4-01,M4-01,locked,2026-10-07T21:08:30Z,,server skeleton
migrations/server/0001_init.sql,agent-M4-01,M4-01,locked,2026-10-07T21:08:30Z,,server skeleton
migrations/server/.gitkeep,agent-M4-01,M4-01,locked,2026-10-07T21:08:30Z,,server skeleton
crates/sverb-crypto/src/error.rs,agent-M4-03,M4-03,modified,2026-10-07T21:08:34Z,,add CryptoError::BadSignature
crates/sverb-crypto/src/canon.rs,agent-M4-03,M4-03,modified,2026-10-07T21:08:34Z,,labels + builders for bundle/recovery/grant/fpr; Canon::fixed
crates/sverb-core/src/model/ids.rs,agent-M1-02,M1-02,modified,2026-10-07T21:08:35Z,,new: id newtypes + IdGen
crates/sverb-crypto/src/account.rs,agent-M4-03,M4-03,locked,2026-10-07T21:08:41Z,,new M4-03 module
crates/sverb-crypto/src/recovery.rs,agent-M4-03,M4-03,locked,2026-10-07T21:08:41Z,,new M4-03 module
crates/sverb-crypto/src/grant.rs,agent-M4-03,M4-03,locked,2026-10-07T21:08:41Z,,new M4-03 module
crates/sverb-crypto/src/hpke.rs,agent-M4-03,M4-03,locked,2026-10-07T21:08:41Z,,new M4-03 module
crates/sverb-crypto/src/sign.rs,agent-M4-03,M4-03,locked,2026-10-07T21:08:41Z,,new M4-03 module
crates/sverb-crypto/src/fingerprint.rs,agent-M4-03,M4-03,locked,2026-10-07T21:08:41Z,,new M4-03 module
crates/sverb-crypto/tests/account.rs,agent-M4-03,M4-03,locked,2026-10-07T21:08:41Z,,new M4-03 test
crates/sverb-crypto/tests/account_kat.rs,agent-M4-03,M4-03,locked,2026-10-07T21:08:41Z,,new M4-03 test
crates/sverb-crypto/tests/kat/account.json,agent-M4-03,M4-03,locked,2026-10-07T21:08:41Z,,new M4-03 test
fuzz/fuzz_targets/grant_open.rs,agent-M4-03,M4-03,locked,2026-10-07T21:08:41Z,,M4-03 fuzz stub
fuzz/fuzz_targets/bundle_open.rs,agent-M4-03,M4-03,locked,2026-10-07T21:08:41Z,,M4-03 fuzz stub
crates/sverb/src/config.rs,agent-M0-06,M0-06,copy,2026-10-07T21:08:44Z,.merge/agent-M0-06/crates/sverb/src/config.rs,strip to key-sequence parser; Config loading/Styles/parse_color and their tests removed
crates/sverb/src/main.rs,agent-M0-06,M0-06,copy,2026-10-07T21:08:44Z,.merge/agent-M0-06/crates/sverb/src/main.rs,load sverb_core::config::Config; pass to sverb_tui::run; drop keymap_from_config
crates/sverb-tui/src/app/config.rs,agent-M0-06,M0-06,copy,2026-10-07T21:08:44Z,.merge/agent-M0-06/crates/sverb-tui/src/app/config.rs,placeholder replaced by re-export of sverb_core::config::Config
crates/sverb-tui/src/app/event.rs,agent-M0-06,M0-06,copy,2026-10-07T21:08:44Z,.merge/agent-M0-06/crates/sverb-tui/src/app/event.rs,UiEvent::Config(ConfigEvent) variant
crates/sverb-tui/src/app/mod.rs,agent-M0-06,M0-06,copy,2026-10-07T21:08:44Z,.merge/agent-M0-06/crates/sverb-tui/src/app/mod.rs,UiEvent::Config reducer arm on_config
README.md,agent-M0-06,M0-06,copy,2026-10-07T21:08:53Z,.merge/agent-M0-06/README.md,new Configuration section before Toolchain
crates/sverb-proto/Cargo.toml,agent-M4-01,M4-01,modified,2026-10-07T21:08:55Z,,M4-01 error envelope + version consts
crates/sverb-proto/src/lib.rs,agent-M4-01,M4-01,modified,2026-10-07T21:08:55Z,,M4-01 error envelope + version consts
crates/sverb-proto/src/error.rs,agent-M4-01,M4-01,modified,2026-10-07T21:08:55Z,,M4-01 error envelope + version consts
crates/sverb-proto/src/version.rs,agent-M4-01,M4-01,modified,2026-10-07T21:08:55Z,,M4-01 error envelope + version consts
Cargo.toml,agent-M0-04,M0-04,copy,2026-10-07T21:09:07Z,.merge/agent-M0-04/Cargo.toml,workspace deps: tracing-appender 0.2.5; trybuild 1.0.121 (subtle/serde_json already present)
crates/sverb-core/Cargo.toml,agent-M0-04,M0-04,copy,2026-10-07T21:09:07Z,.merge/agent-M0-04/crates/sverb-core/Cargo.toml,rebased on M0-06 in-place version; adds logging/secret deps; dev trybuild+serde_json; [[test]] logging harness=false
crates/sverb-core/src/model/hlc.rs,agent-M1-02,M1-02,modified,2026-10-07T21:09:12Z,,new: Hlc + HlcClock with skew clamp
crates/sverb-server/Cargo.toml,agent-M4-01,M4-01,modified,2026-10-07T21:09:14Z,,server deps
crates/sverb-core/src/model/kinds.rs,agent-M1-02,M1-02,modified,2026-10-07T21:09:23Z,,new: ItemKind
Cargo.toml,agent-M0-06,M0-06,copy,2026-10-07T21:09:23Z,.merge/agent-M0-06/Cargo.toml,workspace deps: +notify +strsim; -config -json5 (serde_json already present)
crates/sverb-core/Cargo.toml,agent-M0-06,M0-06,modified,2026-10-07T21:09:23Z,,deps toml schemars serde_json (workspace) + notify strsim (direct); dev proptest
Cargo.toml,agent-M0-04,M0-04,released,2026-10-07T21:10:07Z,,orchestrator merging
crates/sverb-core/Cargo.toml,agent-M0-04,M0-04,released,2026-10-07T21:10:07Z,,orchestrator merging
crates/sverb-core/src/lib.rs,agent-M0-04,M0-04,released,2026-10-07T21:10:07Z,,orchestrator merging
crates/sverb-core/tests/logging.rs,agent-M0-04,M0-04,released,2026-10-07T21:10:07Z,,orchestrator merging
crates/sverb-core/tests/secret_compile_fail.rs,agent-M0-04,M0-04,released,2026-10-07T21:10:07Z,,orchestrator merging
crates/sverb-core/tests/ui/secret_not_clone.rs,agent-M0-04,M0-04,released,2026-10-07T21:10:07Z,,orchestrator merging
crates/sverb-core/tests/ui/secret_not_clone.stderr,agent-M0-04,M0-04,released,2026-10-07T21:10:07Z,,orchestrator merging
crates/sverb-core/tests/ui/secret_not_partial_eq.rs,agent-M0-04,M0-04,released,2026-10-07T21:10:07Z,,orchestrator merging
crates/sverb-core/tests/ui/secret_not_partial_eq.stderr,agent-M0-04,M0-04,released,2026-10-07T21:10:07Z,,orchestrator merging
crates/sverb-core/tests/ui/secret_not_serialize.rs,agent-M0-04,M0-04,released,2026-10-07T21:10:07Z,,orchestrator merging
crates/sverb-core/tests/ui/secret_not_serialize.stderr,agent-M0-04,M0-04,released,2026-10-07T21:10:07Z,,orchestrator merging
crates/sverb/src/cli.rs,agent-M0-04,M0-04,released,2026-10-07T21:10:07Z,,orchestrator merging
crates/sverb/src/logging.rs,agent-M0-04,M0-04,released,2026-10-07T21:10:07Z,,orchestrator merging
crates/sverb/src/main.rs,agent-M0-04,M0-04,released,2026-10-07T21:10:07Z,,orchestrator merging
Cargo.toml,agent-M0-06,M0-06,released,2026-10-07T21:10:07Z,,orchestrator merging
crates/sverb/Cargo.toml,agent-M0-06,M0-06,released,2026-10-07T21:10:07Z,,orchestrator merging
crates/sverb-core/src/lib.rs,agent-M0-06,M0-06,released,2026-10-07T21:10:07Z,,orchestrator merging
crates/sverb/src/config.rs,agent-M0-06,M0-06,released,2026-10-07T21:10:07Z,,orchestrator merging
crates/sverb/src/main.rs,agent-M0-06,M0-06,released,2026-10-07T21:10:07Z,,orchestrator merging
crates/sverb-tui/src/app/config.rs,agent-M0-06,M0-06,released,2026-10-07T21:10:08Z,,orchestrator merging
crates/sverb-tui/src/app/event.rs,agent-M0-06,M0-06,released,2026-10-07T21:10:08Z,,orchestrator merging
crates/sverb-tui/src/app/mod.rs,agent-M0-06,M0-06,released,2026-10-07T21:10:08Z,,orchestrator merging
README.md,agent-M0-06,M0-06,released,2026-10-07T21:10:08Z,,orchestrator merging
crates/sverb-core/Cargo.toml,agent-M0-06,M0-06,released,2026-10-07T21:10:08Z,,orchestrator merging
crates/sverb-core/Cargo.toml,agent-M0-04,M0-04,released,2026-10-07T21:10:08Z,,orchestrator merging
crates/sverb-core/Cargo.toml,orchestrator,MERGE-M0-04-06,locked,2026-10-07T21:10:08Z,,merge
crates/sverb-core/src/lib.rs,agent-M0-06,M0-06,released,2026-10-07T21:10:08Z,,orchestrator merging
crates/sverb-core/src/lib.rs,agent-M0-04,M0-04,released,2026-10-07T21:10:08Z,,orchestrator merging
crates/sverb-core/src/lib.rs,orchestrator,MERGE-M0-04-06,locked,2026-10-07T21:10:08Z,,merge
crates/sverb/src/main.rs,agent-M0-06,M0-06,released,2026-10-07T21:10:08Z,,orchestrator merging
crates/sverb/src/main.rs,agent-M0-04,M0-04,released,2026-10-07T21:10:08Z,,orchestrator merging
crates/sverb/src/main.rs,orchestrator,MERGE-M0-04-06,locked,2026-10-07T21:10:08Z,,merge
crates/sverb/Cargo.toml,agent-M0-06,M0-06,released,2026-10-07T21:10:08Z,,orchestrator merging
crates/sverb/Cargo.toml,agent-M0-04,M0-04,released,2026-10-07T21:10:08Z,,orchestrator merging
crates/sverb/Cargo.toml,orchestrator,MERGE-M0-04-06,locked,2026-10-07T21:10:08Z,,merge
crates/sverb/src/config.rs,agent-M0-06,M0-06,released,2026-10-07T21:10:08Z,,orchestrator merging
crates/sverb/src/config.rs,agent-M0-04,M0-04,released,2026-10-07T21:10:08Z,,orchestrator merging
crates/sverb/src/config.rs,orchestrator,MERGE-M0-04-06,locked,2026-10-07T21:10:08Z,,merge
crates/sverb-tui/src/app/mod.rs,agent-M0-06,M0-06,released,2026-10-07T21:10:08Z,,orchestrator merging
crates/sverb-tui/src/app/mod.rs,agent-M0-04,M0-04,released,2026-10-07T21:10:08Z,,orchestrator merging
crates/sverb-tui/src/app/mod.rs,orchestrator,MERGE-M0-04-06,locked,2026-10-07T21:10:08Z,,merge
crates/sverb-tui/src/app/event.rs,agent-M0-06,M0-06,released,2026-10-07T21:10:08Z,,orchestrator merging
crates/sverb-tui/src/app/event.rs,agent-M0-04,M0-04,released,2026-10-07T21:10:08Z,,orchestrator merging
crates/sverb-tui/src/app/event.rs,orchestrator,MERGE-M0-04-06,locked,2026-10-07T21:10:08Z,,merge
crates/sverb-tui/src/app/config.rs,agent-M0-06,M0-06,released,2026-10-07T21:10:08Z,,orchestrator merging
crates/sverb-tui/src/app/config.rs,agent-M0-04,M0-04,released,2026-10-07T21:10:08Z,,orchestrator merging
crates/sverb-tui/src/app/config.rs,orchestrator,MERGE-M0-04-06,locked,2026-10-07T21:10:08Z,,merge
README.md,agent-M0-06,M0-06,released,2026-10-07T21:10:08Z,,orchestrator merging
README.md,agent-M0-04,M0-04,released,2026-10-07T21:10:08Z,,orchestrator merging
README.md,orchestrator,MERGE-M0-04-06,locked,2026-10-07T21:10:08Z,,merge
crates/sverb/src/cli.rs,agent-M0-06,M0-06,released,2026-10-07T21:10:08Z,,orchestrator merging
crates/sverb/src/cli.rs,agent-M0-04,M0-04,released,2026-10-07T21:10:08Z,,orchestrator merging
crates/sverb/src/cli.rs,orchestrator,MERGE-M0-04-06,locked,2026-10-07T21:10:08Z,,merge
crates/sverb/src/logging.rs,agent-M0-06,M0-06,released,2026-10-07T21:10:08Z,,orchestrator merging
crates/sverb/src/logging.rs,agent-M0-04,M0-04,released,2026-10-07T21:10:08Z,,orchestrator merging
crates/sverb/src/logging.rs,orchestrator,MERGE-M0-04-06,locked,2026-10-07T21:10:08Z,,merge
crates/sverb-core/src/model/body.rs,agent-M1-02,M1-02,modified,2026-10-07T21:10:16Z,,new: ItemBody + Stamped
crates/sverb-server/build.rs,agent-M4-01,M4-01,released,2026-10-07T21:10:39Z,,not needed
crates/sverb-core/src/model/fields.rs,agent-M1-02,M1-02,modified,2026-10-07T21:10:59Z,,new: typed field read/write helpers
crates/sverb-crypto/src/lib.rs,agent-M4-03,M4-03,modified,2026-10-07T21:11:27Z,,add M4-03 modules
crates/sverb-crypto/src/account.rs,agent-M4-03,M4-03,modified,2026-10-07T21:11:27Z,,new module
crates/sverb-crypto/src/recovery.rs,agent-M4-03,M4-03,modified,2026-10-07T21:11:27Z,,new module
crates/sverb-crypto/src/grant.rs,agent-M4-03,M4-03,modified,2026-10-07T21:11:27Z,,new module
crates/sverb-crypto/src/hpke.rs,agent-M4-03,M4-03,modified,2026-10-07T21:11:27Z,,new module
crates/sverb-crypto/src/sign.rs,agent-M4-03,M4-03,modified,2026-10-07T21:11:27Z,,new module
crates/sverb-crypto/src/fingerprint.rs,agent-M4-03,M4-03,modified,2026-10-07T21:11:27Z,,new module
crates/sverb-core/src/model/host.rs,agent-M1-02,M1-02,modified,2026-10-07T21:12:01Z,,new: Host/Group/HostDefaults views
crates/sverb/Cargo.toml,orchestrator,MERGE-M0-04-06,released,2026-10-07T21:12:07Z,,merged; tests green
crates/sverb-core/Cargo.toml,orchestrator,MERGE-M0-04-06,released,2026-10-07T21:12:07Z,,merged; tests green
crates/sverb-core/src/lib.rs,orchestrator,MERGE-M0-04-06,released,2026-10-07T21:12:07Z,,merged; tests green
crates/sverb/src/cli.rs,orchestrator,MERGE-M0-04-06,released,2026-10-07T21:12:07Z,,merged; tests green
crates/sverb/src/config.rs,orchestrator,MERGE-M0-04-06,released,2026-10-07T21:12:07Z,,merged; tests green
crates/sverb/src/logging.rs,orchestrator,MERGE-M0-04-06,released,2026-10-07T21:12:07Z,,merged; tests green
crates/sverb/src/main.rs,orchestrator,MERGE-M0-04-06,released,2026-10-07T21:12:07Z,,merged; tests green
crates/sverb-tui/src/app/config.rs,orchestrator,MERGE-M0-04-06,released,2026-10-07T21:12:07Z,,merged; tests green
crates/sverb-tui/src/app/event.rs,orchestrator,MERGE-M0-04-06,released,2026-10-07T21:12:07Z,,merged; tests green
crates/sverb-tui/src/app/mod.rs,orchestrator,MERGE-M0-04-06,released,2026-10-07T21:12:07Z,,merged; tests green
README.md,orchestrator,MERGE-M0-04-06,released,2026-10-07T21:12:07Z,,merged; tests green
CONTRIBUTING.md,agent-M0-04,M0-04,released,2026-10-07T21:12:07Z,,orchestrator: complete
crates/sverb-core/src/logging/mod.rs,agent-M0-04,M0-04,released,2026-10-07T21:12:07Z,,orchestrator: complete
crates/sverb-core/src/logging/ring.rs,agent-M0-04,M0-04,released,2026-10-07T21:12:07Z,,orchestrator: complete
crates/sverb-core/src/logging/tests.rs,agent-M0-04,M0-04,released,2026-10-07T21:12:07Z,,orchestrator: complete
crates/sverb-core/src/secret.rs,agent-M0-04,M0-04,released,2026-10-07T21:12:07Z,,orchestrator: complete
crates/sverb/src/errors.rs,agent-M0-04,M0-04,released,2026-10-07T21:12:07Z,,orchestrator: complete
docs/logging.md,agent-M0-04,M0-04,released,2026-10-07T21:12:07Z,,orchestrator: complete
crates/sverb-core/src/config/default_config.toml,agent-M0-06,M0-06,released,2026-10-07T21:12:07Z,,orchestrator: complete
crates/sverb-core/src/config/diff.rs,agent-M0-06,M0-06,released,2026-10-07T21:12:07Z,,orchestrator: complete
crates/sverb-core/src/config/model.rs,agent-M0-06,M0-06,released,2026-10-07T21:12:07Z,,orchestrator: complete
crates/sverb-core/src/config/mod.rs,agent-M0-06,M0-06,released,2026-10-07T21:12:07Z,,orchestrator: complete
crates/sverb-core/src/config/schema.rs,agent-M0-06,M0-06,released,2026-10-07T21:12:07Z,,orchestrator: complete
crates/sverb-core/src/config/tests.rs,agent-M0-06,M0-06,released,2026-10-07T21:12:07Z,,orchestrator: complete
crates/sverb-core/src/config/validate.rs,agent-M0-06,M0-06,released,2026-10-07T21:12:07Z,,orchestrator: complete
crates/sverb-core/src/config/watch.rs,agent-M0-06,M0-06,released,2026-10-07T21:12:07Z,,orchestrator: complete
docs/config.schema.json,agent-M0-06,M0-06,released,2026-10-07T21:12:07Z,,orchestrator: complete
crates/sverb-crypto/tests/account.rs,agent-M4-03,M4-03,modified,2026-10-07T21:12:53Z,,T-02..T-09 + two-derivations test
crates/sverb-core/src/model/items.rs,agent-M1-02,M1-02,modified,2026-10-07T21:13:07Z,,new: Identity/Key/.../ConnLog views
crates/sverb-server/src/cli.rs,agent-M4-01,M4-01,locked,2026-10-07T21:13:21Z,,new server module
crates/sverb-server/src/config.rs,agent-M4-01,M4-01,locked,2026-10-07T21:13:21Z,,new server module
crates/sverb-server/src/db.rs,agent-M4-01,M4-01,locked,2026-10-07T21:13:21Z,,new server module
crates/sverb-server/src/error.rs,agent-M4-01,M4-01,locked,2026-10-07T21:13:21Z,,new server module
crates/sverb-server/src/state.rs,agent-M4-01,M4-01,locked,2026-10-07T21:13:21Z,,new server module
crates/sverb-server/src/app.rs,agent-M4-01,M4-01,locked,2026-10-07T21:13:21Z,,new server module
crates/sverb-server/src/logging.rs,agent-M4-01,M4-01,locked,2026-10-07T21:13:21Z,,new server module
crates/sverb-server/src/metrics.rs,agent-M4-01,M4-01,locked,2026-10-07T21:13:21Z,,new server module
crates/sverb-server/src/secrets.rs,agent-M4-01,M4-01,locked,2026-10-07T21:13:21Z,,new server module
crates/sverb-server/src/settings.rs,agent-M4-01,M4-01,locked,2026-10-07T21:13:21Z,,new server module
crates/sverb-server/src/registration.rs,agent-M4-01,M4-01,locked,2026-10-07T21:13:21Z,,new server module
crates/sverb-server/src/mail.rs,agent-M4-01,M4-01,locked,2026-10-07T21:13:21Z,,new server module
crates/sverb-server/src/serve.rs,agent-M4-01,M4-01,locked,2026-10-07T21:13:21Z,,new server module
crates/sverb-server/src/healthcheck.rs,agent-M4-01,M4-01,locked,2026-10-07T21:13:21Z,,new server module
crates/sverb-server/src/middleware/mod.rs,agent-M4-01,M4-01,locked,2026-10-07T21:13:21Z,,new server module
crates/sverb-server/src/middleware/request_id.rs,agent-M4-01,M4-01,locked,2026-10-07T21:13:21Z,,new server module
crates/sverb-server/src/middleware/rate_limit.rs,agent-M4-01,M4-01,locked,2026-10-07T21:13:21Z,,new server module
crates/sverb-server/src/middleware/proto_version.rs,agent-M4-01,M4-01,locked,2026-10-07T21:13:21Z,,new server module
crates/sverb-server/src/middleware/client_ip.rs,agent-M4-01,M4-01,locked,2026-10-07T21:13:21Z,,new server module
crates/sverb-server/src/middleware/errors.rs,agent-M4-01,M4-01,locked,2026-10-07T21:13:21Z,,new server module
crates/sverb-server/src/routes/mod.rs,agent-M4-01,M4-01,locked,2026-10-07T21:13:21Z,,new server module
crates/sverb-server/src/routes/ops.rs,agent-M4-01,M4-01,locked,2026-10-07T21:13:21Z,,new server module
crates/sverb-server/src/admin/mod.rs,agent-M4-01,M4-01,locked,2026-10-07T21:13:21Z,,new server module
crates/sverb-server/src/admin/user.rs,agent-M4-01,M4-01,locked,2026-10-07T21:13:21Z,,new server module
crates/sverb-server/src/admin/invite.rs,agent-M4-01,M4-01,locked,2026-10-07T21:13:21Z,,new server module
crates/sverb-server/src/admin/gc.rs,agent-M4-01,M4-01,locked,2026-10-07T21:13:21Z,,new server module
crates/sverb-server/tests/common/mod.rs,agent-M4-01,M4-01,locked,2026-10-07T21:13:21Z,,server tests
crates/sverb-server/tests/config.rs,agent-M4-01,M4-01,locked,2026-10-07T21:13:21Z,,server tests
crates/sverb-server/tests/http.rs,agent-M4-01,M4-01,locked,2026-10-07T21:13:21Z,,server tests
crates/sverb-server/tests/db.rs,agent-M4-01,M4-01,locked,2026-10-07T21:13:21Z,,server tests
crates/sverb-core/src/model/migrate.rs,agent-M1-02,M1-02,modified,2026-10-07T21:13:24Z,,new: schema versions + migrate
migrations/server/0001_init.sql,agent-M4-01,M4-01,modified,2026-10-07T21:13:42Z,,SPEC 10.3 schema + citext + settings
migrations/server/.gitkeep,agent-M4-01,M4-01,modified,2026-10-07T21:13:42Z,,deleted (dir now has 0001_init.sql)
crates/sverb-crypto/tests/account_kat.rs,agent-M4-03,M4-03,modified,2026-10-07T21:13:51Z,,T-01 KAT checker + generator
crates/sverb-crypto/tests/kat/account.json,agent-M4-03,M4-03,modified,2026-10-07T21:13:52Z,,frozen M4-03 KAT vectors
crates/sverb-core/src/model/validate.rs,agent-M1-02,M1-02,modified,2026-10-07T21:14:33Z,,new: validation functions
crates/sverb-tui/src/app/event.rs,agent-M0-07,M0-07,locked,2026-10-07T21:14:34Z,,LaunchIntent + run(intent ctx)
crates/sverb-tui/src/app/mod.rs,agent-M0-07,M0-07,locked,2026-10-07T21:14:34Z,,LaunchIntent + run(intent ctx)
crates/sverb-tui/src/runtime/mod.rs,agent-M0-07,M0-07,locked,2026-10-07T21:14:34Z,,LaunchIntent + run(intent ctx)
crates/sverb-tui/src/lib.rs,agent-M0-07,M0-07,locked,2026-10-07T21:14:34Z,,LaunchIntent + run(intent ctx)
fuzz/fuzz_targets/grant_open.rs,agent-M4-03,M4-03,modified,2026-10-07T21:14:38Z,,T-09 fuzz stub
fuzz/fuzz_targets/bundle_open.rs,agent-M4-03,M4-03,modified,2026-10-07T21:14:38Z,,T-09 fuzz stub
crates/sverb-tui/src/app/event.rs,agent-M0-07,M0-07,modified,2026-10-07T21:14:40Z,,UiEvent::Launch + LaunchIntent
crates/sverb-tui/src/app/mod.rs,agent-M0-07,M0-07,modified,2026-10-07T21:14:47Z,,handle UiEvent::Launch (on_launch)
crates/sverb-core/src/model/mod.rs,agent-M1-02,M1-02,modified,2026-10-07T21:14:48Z,,new: model module root
crates/sverb-tui/src/runtime/terminal.rs,agent-M0-05,M0-05,locked,2026-10-07T21:14:52Z,,new terminal guard
crates/sverb-tui/src/runtime/mod.rs,agent-M0-07,M0-07,modified,2026-10-07T21:15:07Z,,run(intent; LaunchCtx) + ConfigWatcher
crates/sverb-tui/src/lib.rs,agent-M0-07,M0-07,modified,2026-10-07T21:15:07Z,,re-export LaunchIntent and LaunchCtx
crates/sverb-core/src/lib.rs,agent-M0-07,M0-07,locked,2026-10-07T21:15:27Z,,resolve_host_arg
crates/sverb-core/src/host_arg.rs,agent-M0-07,M0-07,locked,2026-10-07T21:15:27Z,,resolve_host_arg
crates/sverb-core/src/lib.rs,agent-M0-07,M0-07,modified,2026-10-07T21:15:49Z,,mod host_arg + re-export resolve_host_arg
crates/sverb-core/src/host_arg.rs,agent-M0-07,M0-07,modified,2026-10-07T21:15:49Z,,new: resolve_host_arg (T-07)
Cargo.toml,agent-M4-03,M4-03,released,2026-10-07T21:15:51Z,,orchestrator: M4-03 complete
crates/sverb-crypto/Cargo.toml,agent-M4-03,M4-03,released,2026-10-07T21:15:51Z,,orchestrator: M4-03 complete
crates/sverb-crypto/src/account.rs,agent-M4-03,M4-03,released,2026-10-07T21:15:51Z,,orchestrator: M4-03 complete
crates/sverb-crypto/src/canon.rs,agent-M4-03,M4-03,released,2026-10-07T21:15:51Z,,orchestrator: M4-03 complete
crates/sverb-crypto/src/error.rs,agent-M4-03,M4-03,released,2026-10-07T21:15:51Z,,orchestrator: M4-03 complete
crates/sverb-crypto/src/fingerprint.rs,agent-M4-03,M4-03,released,2026-10-07T21:15:51Z,,orchestrator: M4-03 complete
crates/sverb-crypto/src/grant.rs,agent-M4-03,M4-03,released,2026-10-07T21:15:51Z,,orchestrator: M4-03 complete
crates/sverb-crypto/src/hpke.rs,agent-M4-03,M4-03,released,2026-10-07T21:15:51Z,,orchestrator: M4-03 complete
crates/sverb-crypto/src/lib.rs,agent-M4-03,M4-03,released,2026-10-07T21:15:51Z,,orchestrator: M4-03 complete
crates/sverb-crypto/src/recovery.rs,agent-M4-03,M4-03,released,2026-10-07T21:15:51Z,,orchestrator: M4-03 complete
crates/sverb-crypto/src/sign.rs,agent-M4-03,M4-03,released,2026-10-07T21:15:51Z,,orchestrator: M4-03 complete
crates/sverb-crypto/tests/account_kat.rs,agent-M4-03,M4-03,released,2026-10-07T21:15:51Z,,orchestrator: M4-03 complete
crates/sverb-crypto/tests/account.rs,agent-M4-03,M4-03,released,2026-10-07T21:15:51Z,,orchestrator: M4-03 complete
crates/sverb-crypto/tests/kat/account.json,agent-M4-03,M4-03,released,2026-10-07T21:15:51Z,,orchestrator: M4-03 complete
fuzz/fuzz_targets/bundle_open.rs,agent-M4-03,M4-03,released,2026-10-07T21:15:51Z,,orchestrator: M4-03 complete
fuzz/fuzz_targets/grant_open.rs,agent-M4-03,M4-03,released,2026-10-07T21:15:51Z,,orchestrator: M4-03 complete
Cargo.toml,orchestrator,MERGE-M4-03,locked,2026-10-07T21:15:51Z,,bip39
crates/sverb-crypto/Cargo.toml,orchestrator,MERGE-M4-03,locked,2026-10-07T21:15:51Z,,bip39
crates/sverb-core/src/model/tests.rs,agent-M1-02,M1-02,modified,2026-10-07T21:15:54Z,,new: model tests
crates/sverb-core/Cargo.toml,agent-M1-02,M1-02,locked,2026-10-07T21:16:00Z,,add model deps
crates/sverb/src/main.rs,agent-M0-07,M0-07,locked,2026-10-07T21:16:00Z,,CLI surface
crates/sverb/src/cli.rs,agent-M0-07,M0-07,locked,2026-10-07T21:16:00Z,,CLI surface
crates/sverb/Cargo.toml,agent-M0-07,M0-07,locked,2026-10-07T21:16:00Z,,CLI surface
crates/sverb/src/cli/mod.rs,agent-M0-07,M0-07,locked,2026-10-07T21:16:00Z,,CLI surface
crates/sverb/src/cli/exit.rs,agent-M0-07,M0-07,locked,2026-10-07T21:16:00Z,,CLI surface
crates/sverb/src/cli/output.rs,agent-M0-07,M0-07,locked,2026-10-07T21:16:01Z,,CLI surface
crates/sverb/src/cli/hosts.rs,agent-M0-07,M0-07,locked,2026-10-07T21:16:01Z,,CLI surface
crates/sverb/src/cli/keys.rs,agent-M0-07,M0-07,locked,2026-10-07T21:16:01Z,,CLI surface
crates/sverb/src/cli/forward.rs,agent-M0-07,M0-07,locked,2026-10-07T21:16:01Z,,CLI surface
crates/sverb/src/cli/snippet.rs,agent-M0-07,M0-07,locked,2026-10-07T21:16:01Z,,CLI surface
crates/sverb/src/cli/import.rs,agent-M0-07,M0-07,locked,2026-10-07T21:16:01Z,,CLI surface
crates/sverb/src/cli/export.rs,agent-M0-07,M0-07,locked,2026-10-07T21:16:01Z,,CLI surface
crates/sverb/src/cli/approve.rs,agent-M0-07,M0-07,locked,2026-10-07T21:16:01Z,,CLI surface
crates/sverb/src/cli/agent.rs,agent-M0-07,M0-07,locked,2026-10-07T21:16:01Z,,CLI surface
crates/sverb/src/cli/vault.rs,agent-M0-07,M0-07,locked,2026-10-07T21:16:01Z,,CLI surface
crates/sverb/src/cli/account.rs,agent-M0-07,M0-07,locked,2026-10-07T21:16:01Z,,CLI surface
crates/sverb/src/cli/devices.rs,agent-M0-07,M0-07,locked,2026-10-07T21:16:01Z,,CLI surface
crates/sverb/src/cli/team.rs,agent-M0-07,M0-07,locked,2026-10-07T21:16:01Z,,CLI surface
crates/sverb/src/cli/config.rs,agent-M0-07,M0-07,locked,2026-10-07T21:16:01Z,,CLI surface
crates/sverb/src/cli/doctor.rs,agent-M0-07,M0-07,locked,2026-10-07T21:16:01Z,,CLI surface
crates/sverb/src/cli/tests.rs,agent-M0-07,M0-07,locked,2026-10-07T21:16:01Z,,CLI surface
crates/sverb/tests/cli.rs,agent-M0-07,M0-07,locked,2026-10-07T21:16:01Z,,CLI surface
crates/sverb-core/Cargo.toml,agent-M1-02,M1-02,modified,2026-10-07T21:16:05Z,,adds ciborium/idna/uhlc/uuid deps
Cargo.toml,orchestrator,MERGE-M4-03,released,2026-10-07T21:16:07Z,,merged
crates/sverb-crypto/Cargo.toml,orchestrator,MERGE-M4-03,released,2026-10-07T21:16:07Z,,merged
crates/sverb-core/src/lib.rs,agent-M1-02,M1-02,copy,2026-10-07T21:16:12Z,.merge/agent-M1-02/crates/sverb-core/src/lib.rs,adds pub mod model after pub mod logging
crates/sverb-tui/src/runtime/terminal.rs,agent-M0-05,M0-05,modified,2026-10-07T21:16:58Z,,new: TerminalModes restore_terminal TerminalGuard
crates/sverb-tui/src/keymap/mod.rs,agent-M0-10,M0-10,locked,2026-10-07T21:17:03Z,,keymap/leader/modes
crates/sverb-tui/src/keymap/chord.rs,agent-M0-10,M0-10,locked,2026-10-07T21:17:03Z,,keymap/leader/modes
crates/sverb-tui/src/keymap/action.rs,agent-M0-10,M0-10,locked,2026-10-07T21:17:03Z,,keymap/leader/modes
crates/sverb-tui/src/keymap/keymap.rs,agent-M0-10,M0-10,locked,2026-10-07T21:17:03Z,,keymap/leader/modes
crates/sverb-tui/src/keymap/leader.rs,agent-M0-10,M0-10,locked,2026-10-07T21:17:03Z,,keymap/leader/modes
crates/sverb-tui/src/keymap/whichkey.rs,agent-M0-10,M0-10,locked,2026-10-07T21:17:03Z,,keymap/leader/modes
crates/sverb-tui/src/keymap/dump.rs,agent-M0-10,M0-10,locked,2026-10-07T21:17:03Z,,keymap/leader/modes
crates/sverb-tui/src/keymap/validate.rs,agent-M0-10,M0-10,locked,2026-10-07T21:17:03Z,,keymap/leader/modes
crates/sverb-tui/src/keymap/tests.rs,agent-M0-10,M0-10,locked,2026-10-07T21:17:03Z,,keymap/leader/modes
crates/sverb-tui/src/keymap/docs_intro.md,agent-M0-10,M0-10,locked,2026-10-07T21:17:03Z,,keymap/leader/modes
crates/sverb-tui/src/app/state.rs,agent-M0-10,M0-10,locked,2026-10-07T21:17:03Z,,keymap/leader/modes
crates/sverb-tui/src/app/effect.rs,agent-M0-10,M0-10,locked,2026-10-07T21:17:03Z,,keymap/leader/modes
crates/sverb-tui/src/app/input.rs,agent-M0-10,M0-10,locked,2026-10-07T21:17:03Z,,keymap/leader/modes
crates/sverb-tui/src/views/mod.rs,agent-M0-10,M0-10,locked,2026-10-07T21:17:03Z,,keymap/leader/modes
crates/sverb-tui/src/views/dialogs.rs,agent-M0-10,M0-10,locked,2026-10-07T21:17:03Z,,keymap/leader/modes
crates/sverb-tui/src/services/mod.rs,agent-M0-10,M0-10,locked,2026-10-07T21:17:03Z,,keymap/leader/modes
crates/sverb-tui/src/testing.rs,agent-M0-10,M0-10,locked,2026-10-07T21:17:03Z,,keymap/leader/modes
crates/sverb-tui/Cargo.toml,agent-M0-10,M0-10,locked,2026-10-07T21:17:03Z,,keymap/leader/modes
crates/sverb-tui/tests/keybindings_doc.rs,agent-M0-10,M0-10,locked,2026-10-07T21:17:03Z,,keymap/leader/modes
docs/keybindings.md,agent-M0-10,M0-10,locked,2026-10-07T21:17:03Z,,keymap/leader/modes
crates/sverb/src/config.rs,agent-M0-10,M0-10,locked,2026-10-07T21:17:03Z,,keymap/leader/modes
crates/sverb-tui/src/snapshots/sverb_tui__testing__tests__initial_80x24.snap,agent-M0-10,M0-10,locked,2026-10-07T21:17:12Z,,status bar shows mode + leader hint
crates/sverb-tui/src/snapshots/sverb_tui__testing__tests__initial_160x48.snap,agent-M0-10,M0-10,locked,2026-10-07T21:17:12Z,,status bar shows mode + leader hint
crates/sverb-tui/src/snapshots/sverb_tui__testing__tests__confirm_quit_80x24.snap,agent-M0-10,M0-10,locked,2026-10-07T21:17:12Z,,status bar shows mode + leader hint
crates/sverb-crypto/src/share.rs,agent-M6-02,M6-02,locked,2026-10-07T21:17:58Z,,M6-02 share crypto
crates/sverb-crypto/src/lib.rs,agent-M6-02,M6-02,locked,2026-10-07T21:17:58Z,,M6-02 share crypto
crates/sverb-crypto/src/canon.rs,agent-M6-02,M6-02,locked,2026-10-07T21:17:58Z,,M6-02 share crypto
crates/sverb-crypto/tests/share.rs,agent-M6-02,M6-02,locked,2026-10-07T21:17:59Z,,M6-02 share crypto
crates/sverb-core/src/error_report.rs,agent-M0-05,M0-05,locked,2026-10-07T21:18:03Z,,ErrorReport: from_chain + CLI formatting + T-09
crates/sverb-crypto/src/canon.rs,agent-M6-02,M6-02,modified,2026-10-07T21:18:16Z,,share builders: info_share_join/chan; mac_share_hello/welcome; aad_share_frame; SHARE_WELCOME label
crates/sverb-core/src/error_report.rs,agent-M0-05,M0-05,modified,2026-10-07T21:18:21Z,,from_chain/from_messages; dedup; cli_lines; T-09
docs/data-model.md,agent-M1-02,M1-02,modified,2026-10-07T21:19:29Z,,new: field tables and enum encodings
crates/sverb/src/cli.rs,agent-M0-07,M0-07,modified,2026-10-07T21:19:42Z,,deleted: replaced by cli/ directory
crates/sverb/src/main.rs,agent-M0-07,M0-07,modified,2026-10-07T21:19:42Z,,manual tokio runtime; dispatch; headless logging
crates/sverb/Cargo.toml,agent-M0-07,M0-07,modified,2026-10-07T21:19:48Z,,serde_json dep; insta dev-dep
crates/sverb/src/cli/mod.rs,agent-M0-07,M0-07,modified,2026-10-07T21:19:48Z,,new CLI module
crates/sverb/src/cli/exit.rs,agent-M0-07,M0-07,modified,2026-10-07T21:19:48Z,,new CLI module
crates/sverb/src/cli/output.rs,agent-M0-07,M0-07,modified,2026-10-07T21:19:48Z,,new CLI module
crates/sverb/src/cli/hosts.rs,agent-M0-07,M0-07,modified,2026-10-07T21:19:48Z,,new CLI module
crates/sverb/src/cli/keys.rs,agent-M0-07,M0-07,modified,2026-10-07T21:19:48Z,,new CLI module
crates/sverb/src/cli/forward.rs,agent-M0-07,M0-07,modified,2026-10-07T21:19:48Z,,new CLI module
crates/sverb/src/cli/snippet.rs,agent-M0-07,M0-07,modified,2026-10-07T21:19:48Z,,new CLI module
crates/sverb/src/cli/import.rs,agent-M0-07,M0-07,modified,2026-10-07T21:19:48Z,,new CLI module
crates/sverb/src/cli/export.rs,agent-M0-07,M0-07,modified,2026-10-07T21:19:48Z,,new CLI module
crates/sverb/src/cli/approve.rs,agent-M0-07,M0-07,modified,2026-10-07T21:19:48Z,,new CLI module
crates/sverb/src/cli/agent.rs,agent-M0-07,M0-07,modified,2026-10-07T21:19:48Z,,new CLI module
crates/sverb/src/cli/vault.rs,agent-M0-07,M0-07,modified,2026-10-07T21:19:48Z,,new CLI module
crates/sverb/src/cli/account.rs,agent-M0-07,M0-07,modified,2026-10-07T21:19:48Z,,new CLI module
crates/sverb/src/cli/devices.rs,agent-M0-07,M0-07,modified,2026-10-07T21:19:48Z,,new CLI module
crates/sverb/src/cli/team.rs,agent-M0-07,M0-07,modified,2026-10-07T21:19:48Z,,new CLI module
crates/sverb/src/cli/config.rs,agent-M0-07,M0-07,modified,2026-10-07T21:19:48Z,,new CLI module
crates/sverb/src/cli/doctor.rs,agent-M0-07,M0-07,modified,2026-10-07T21:19:48Z,,new CLI module
crates/sverb-crypto/src/lib.rs,agent-M6-02,M6-02,modified,2026-10-07T21:20:17Z,,pub mod share
crates/sverb-crypto/src/share.rs,agent-M6-02,M6-02,modified,2026-10-07T21:20:17Z,,new share crypto module
crates/sverb-core/Cargo.toml,agent-M1-02,M1-02,released,2026-10-07T21:20:23Z,,orchestrator: M1-02 complete
crates/sverb-core/src/model/body.rs,agent-M1-02,M1-02,released,2026-10-07T21:20:23Z,,orchestrator: M1-02 complete
crates/sverb-core/src/model/fields.rs,agent-M1-02,M1-02,released,2026-10-07T21:20:23Z,,orchestrator: M1-02 complete
crates/sverb-core/src/model/hlc.rs,agent-M1-02,M1-02,released,2026-10-07T21:20:23Z,,orchestrator: M1-02 complete
crates/sverb-core/src/model/host.rs,agent-M1-02,M1-02,released,2026-10-07T21:20:23Z,,orchestrator: M1-02 complete
crates/sverb-core/src/model/ids.rs,agent-M1-02,M1-02,released,2026-10-07T21:20:23Z,,orchestrator: M1-02 complete
crates/sverb-core/src/model/items.rs,agent-M1-02,M1-02,released,2026-10-07T21:20:23Z,,orchestrator: M1-02 complete
crates/sverb-core/src/model/kinds.rs,agent-M1-02,M1-02,released,2026-10-07T21:20:23Z,,orchestrator: M1-02 complete
crates/sverb-core/src/model/migrate.rs,agent-M1-02,M1-02,released,2026-10-07T21:20:23Z,,orchestrator: M1-02 complete
crates/sverb-core/src/model/mod.rs,agent-M1-02,M1-02,released,2026-10-07T21:20:23Z,,orchestrator: M1-02 complete
crates/sverb-core/src/model/tests.rs,agent-M1-02,M1-02,released,2026-10-07T21:20:23Z,,orchestrator: M1-02 complete
crates/sverb-core/src/model/validate.rs,agent-M1-02,M1-02,released,2026-10-07T21:20:23Z,,orchestrator: M1-02 complete
docs/data-model.md,agent-M1-02,M1-02,released,2026-10-07T21:20:23Z,,orchestrator: M1-02 complete
crates/sverb/src/cli/tests.rs,agent-M0-07,M0-07,modified,2026-10-07T21:21:05Z,,unit tests T-01..T-06 T-11 T-12
crates/sverb-core/src/lib.rs,agent-M0-07,M0-07,modified,2026-10-07T21:21:37Z,,also added M1-02 pub mod model at orchestrator request
crates/sverb/src/cli/snapshots/help@sync.snap,agent-M0-07,M0-07,locked,2026-10-07T21:21:53Z,,T-05 snapshot
crates/sverb/src/cli/snapshots/help@local.snap,agent-M0-07,M0-07,locked,2026-10-07T21:21:53Z,,T-05 snapshot
crates/sverb/src/cli/snapshots/help@sync.snap,agent-M0-07,M0-07,modified,2026-10-07T21:21:53Z,,T-05 snapshot
crates/sverb/src/cli/snapshots/help@local.snap,agent-M0-07,M0-07,modified,2026-10-07T21:22:00Z,,T-05 snapshot
crates/sverb-core/src/model/merge.rs,agent-M4-06,M4-06,locked,2026-10-07T21:22:06Z,,new merge module
crates/sverb-core/tests/merge_props.rs,agent-M4-06,M4-06,locked,2026-10-07T21:22:06Z,,merge property tests
crates/sverb-crypto/tests/share.rs,agent-M6-02,M6-02,modified,2026-10-07T21:22:28Z,,share T-01..T-07
crates/sverb/tests/cli.rs,agent-M0-07,M0-07,modified,2026-10-07T21:22:29Z,,integration T-09 T-10
crates/sverb-store/Cargo.toml,agent-M1-03,M1-03,locked,2026-10-07T21:22:35Z,,M1-03 sqlite store
crates/sverb-store/src/lib.rs,agent-M1-03,M1-03,locked,2026-10-07T21:22:35Z,,M1-03 sqlite store
crates/sverb-store/src/db.rs,agent-M1-03,M1-03,locked,2026-10-07T21:22:35Z,,M1-03 sqlite store
crates/sverb-store/src/schema.rs,agent-M1-03,M1-03,locked,2026-10-07T21:22:35Z,,M1-03 sqlite store
crates/sverb-store/src/items.rs,agent-M1-03,M1-03,locked,2026-10-07T21:22:35Z,,M1-03 sqlite store
crates/sverb-store/src/vaults.rs,agent-M1-03,M1-03,locked,2026-10-07T21:22:35Z,,M1-03 sqlite store
crates/sverb-store/src/outbox.rs,agent-M1-03,M1-03,locked,2026-10-07T21:22:35Z,,M1-03 sqlite store
crates/sverb-store/src/device_local.rs,agent-M1-03,M1-03,locked,2026-10-07T21:22:35Z,,M1-03 sqlite store
crates/sverb-store/src/meta.rs,agent-M1-03,M1-03,locked,2026-10-07T21:22:35Z,,M1-03 sqlite store
crates/sverb-store/src/sync_state.rs,agent-M1-03,M1-03,locked,2026-10-07T21:22:35Z,,M1-03 sqlite store
crates/sverb-store/src/index.rs,agent-M1-03,M1-03,locked,2026-10-07T21:22:35Z,,M1-03 sqlite store
crates/sverb-store/src/error.rs,agent-M1-03,M1-03,locked,2026-10-07T21:22:35Z,,M1-03 sqlite store
crates/sverb-store/src/clock.rs,agent-M1-03,M1-03,locked,2026-10-07T21:22:35Z,,M1-03 sqlite store
crates/sverb-store/migrations/0001_init.sql,agent-M1-03,M1-03,locked,2026-10-07T21:22:35Z,,M1-03 sqlite store
migrations/client/0001_init.sql,agent-M1-03,M1-03,locked,2026-10-07T21:22:35Z,,M1-03 sqlite store
crates/sverb-store/tests/store.rs,agent-M1-03,M1-03,locked,2026-10-07T21:22:35Z,,M1-03 sqlite store
crates/sverb-core/src/model/merge.rs,agent-M4-06,M4-06,modified,2026-10-07T21:22:38Z,,new merge module
docs/cli-json.md,agent-M0-07,M0-07,locked,2026-10-07T21:22:41Z,,M0-07 docs/clap features
README.md,agent-M0-07,M0-07,locked,2026-10-07T21:22:41Z,,M0-07 docs/clap features
Cargo.toml,agent-M0-07,M0-07,locked,2026-10-07T21:22:41Z,,M0-07 docs/clap features
crates/sverb-core/src/model/mod.rs,agent-M4-06,M4-06,locked,2026-10-07T21:22:45Z,,add pub mod merge
crates/sverb-core/src/model/mod.rs,agent-M4-06,M4-06,modified,2026-10-07T21:22:45Z,,pub mod merge + re-exports
Cargo.toml,agent-M0-07,M0-07,modified,2026-10-07T21:22:47Z,,clap: drop unstable-styles
crates/sverb-store/migrations/0001_init.sql,agent-M1-03,M1-03,modified,2026-10-07T21:23:00Z,,client schema v1
migrations/client/0001_init.sql,agent-M1-03,M1-03,modified,2026-10-07T21:23:00Z,,symlink to crate migration
README.md,agent-M0-07,M0-07,modified,2026-10-07T21:23:06Z,,Command line section
docs/cli-json.md,agent-M0-07,M0-07,modified,2026-10-07T21:23:06Z,,new: JSON envelope docs
crates/sverb-proto/src/share_frame.rs,agent-M6-02,M6-02,locked,2026-10-07T21:23:29Z,,new ShareFrame module
fuzz/fuzz_targets/share_frame_decode.rs,agent-M6-02,M6-02,locked,2026-10-07T21:23:29Z,,fuzz stub T-08
Cargo.toml,agent-M0-07,M0-07,released,2026-10-07T21:24:21Z,,orchestrator: complete
crates/sverb/Cargo.toml,agent-M0-07,M0-07,released,2026-10-07T21:24:21Z,,orchestrator: complete
crates/sverb-core/src/host_arg.rs,agent-M0-07,M0-07,released,2026-10-07T21:24:21Z,,orchestrator: complete
crates/sverb-core/src/lib.rs,agent-M0-07,M0-07,released,2026-10-07T21:24:21Z,,orchestrator: complete
crates/sverb/src/cli/account.rs,agent-M0-07,M0-07,released,2026-10-07T21:24:21Z,,orchestrator: complete
crates/sverb/src/cli/agent.rs,agent-M0-07,M0-07,released,2026-10-07T21:24:21Z,,orchestrator: complete
crates/sverb/src/cli/approve.rs,agent-M0-07,M0-07,released,2026-10-07T21:24:21Z,,orchestrator: complete
crates/sverb/src/cli/config.rs,agent-M0-07,M0-07,released,2026-10-07T21:24:21Z,,orchestrator: complete
crates/sverb/src/cli/devices.rs,agent-M0-07,M0-07,released,2026-10-07T21:24:21Z,,orchestrator: complete
crates/sverb/src/cli/doctor.rs,agent-M0-07,M0-07,released,2026-10-07T21:24:21Z,,orchestrator: complete
crates/sverb/src/cli/exit.rs,agent-M0-07,M0-07,released,2026-10-07T21:24:21Z,,orchestrator: complete
crates/sverb/src/cli/export.rs,agent-M0-07,M0-07,released,2026-10-07T21:24:21Z,,orchestrator: complete
crates/sverb/src/cli/forward.rs,agent-M0-07,M0-07,released,2026-10-07T21:24:21Z,,orchestrator: complete
crates/sverb/src/cli/hosts.rs,agent-M0-07,M0-07,released,2026-10-07T21:24:21Z,,orchestrator: complete
crates/sverb/src/cli/import.rs,agent-M0-07,M0-07,released,2026-10-07T21:24:21Z,,orchestrator: complete
crates/sverb/src/cli/keys.rs,agent-M0-07,M0-07,released,2026-10-07T21:24:21Z,,orchestrator: complete
crates/sverb/src/cli/mod.rs,agent-M0-07,M0-07,released,2026-10-07T21:24:21Z,,orchestrator: complete
crates/sverb/src/cli/output.rs,agent-M0-07,M0-07,released,2026-10-07T21:24:21Z,,orchestrator: complete
crates/sverb/src/cli.rs,agent-M0-07,M0-07,released,2026-10-07T21:24:21Z,,orchestrator: complete
crates/sverb/src/cli/snapshots/help@local.snap,agent-M0-07,M0-07,released,2026-10-07T21:24:21Z,,orchestrator: complete
crates/sverb/src/cli/snapshots/help@sync.snap,agent-M0-07,M0-07,released,2026-10-07T21:24:21Z,,orchestrator: complete
crates/sverb/src/cli/snippet.rs,agent-M0-07,M0-07,released,2026-10-07T21:24:21Z,,orchestrator: complete
crates/sverb/src/cli/team.rs,agent-M0-07,M0-07,released,2026-10-07T21:24:21Z,,orchestrator: complete
crates/sverb/src/cli/tests.rs,agent-M0-07,M0-07,released,2026-10-07T21:24:21Z,,orchestrator: complete
crates/sverb/src/cli/vault.rs,agent-M0-07,M0-07,released,2026-10-07T21:24:21Z,,orchestrator: complete
crates/sverb/src/main.rs,agent-M0-07,M0-07,released,2026-10-07T21:24:21Z,,orchestrator: complete
crates/sverb/tests/cli.rs,agent-M0-07,M0-07,released,2026-10-07T21:24:21Z,,orchestrator: complete
crates/sverb-tui/src/app/event.rs,agent-M0-07,M0-07,released,2026-10-07T21:24:21Z,,orchestrator: complete
crates/sverb-tui/src/app/mod.rs,agent-M0-07,M0-07,released,2026-10-07T21:24:21Z,,orchestrator: complete
crates/sverb-tui/src/lib.rs,agent-M0-07,M0-07,released,2026-10-07T21:24:21Z,,orchestrator: complete
crates/sverb-tui/src/runtime/mod.rs,agent-M0-07,M0-07,released,2026-10-07T21:24:22Z,,orchestrator: complete
docs/cli-json.md,agent-M0-07,M0-07,released,2026-10-07T21:24:22Z,,orchestrator: complete
README.md,agent-M0-07,M0-07,released,2026-10-07T21:24:22Z,,orchestrator: complete
crates/sverb-core/src/lib.rs,agent-M1-02,M1-02,released,2026-10-07T21:24:22Z,,orchestrator: complete
crates/sverb-store/Cargo.toml,agent-M1-03,M1-03,modified,2026-10-07T21:24:54Z,,deps: rusqlite; rusqlite_migration; tokio; thiserror; tracing; parking_lot; dev tempfile
crates/sverb-core/tests/merge_props.rs,agent-M4-06,M4-06,modified,2026-10-07T21:25:03Z,,merge property tests + N-device sim
crates/sverb-proto/src/share_frame.rs,agent-M6-02,M6-02,modified,2026-10-07T21:25:27Z,,new ShareFrame/SharePayload module (not yet wired: lib.rs/Cargo.toml held by agent-M4-01; see .merge/agent-M6-02)
crates/sverb-proto/src/lib.rs,agent-M6-02,M6-02,copy,2026-10-07T21:25:34Z,.merge/agent-M6-02/crates/sverb-proto/src/lib.rs,adds pub mod share_frame
crates/sverb-proto/Cargo.toml,agent-M6-02,M6-02,copy,2026-10-07T21:25:34Z,.merge/agent-M6-02/crates/sverb-proto/Cargo.toml,adds ciborium workspace dep
crates/sverb-server/src/lib.rs,agent-M4-01,M4-01,modified,2026-10-07T21:25:44Z,,M4-01 server skeleton
crates/sverb-server/src/main.rs,agent-M4-01,M4-01,modified,2026-10-07T21:25:44Z,,M4-01 server skeleton
crates/sverb-server/src/cli.rs,agent-M4-01,M4-01,modified,2026-10-07T21:25:44Z,,M4-01 server skeleton
crates/sverb-server/src/config.rs,agent-M4-01,M4-01,modified,2026-10-07T21:25:45Z,,M4-01 server skeleton
crates/sverb-server/src/db.rs,agent-M4-01,M4-01,modified,2026-10-07T21:25:45Z,,M4-01 server skeleton
crates/sverb-server/src/error.rs,agent-M4-01,M4-01,modified,2026-10-07T21:25:45Z,,M4-01 server skeleton
crates/sverb-server/src/state.rs,agent-M4-01,M4-01,modified,2026-10-07T21:25:45Z,,M4-01 server skeleton
crates/sverb-server/src/app.rs,agent-M4-01,M4-01,modified,2026-10-07T21:25:45Z,,M4-01 server skeleton
crates/sverb-server/src/logging.rs,agent-M4-01,M4-01,modified,2026-10-07T21:25:45Z,,M4-01 server skeleton
crates/sverb-server/src/metrics.rs,agent-M4-01,M4-01,modified,2026-10-07T21:25:45Z,,M4-01 server skeleton
crates/sverb-server/src/secrets.rs,agent-M4-01,M4-01,modified,2026-10-07T21:25:45Z,,M4-01 server skeleton
crates/sverb-server/src/settings.rs,agent-M4-01,M4-01,modified,2026-10-07T21:25:45Z,,M4-01 server skeleton
crates/sverb-server/src/registration.rs,agent-M4-01,M4-01,modified,2026-10-07T21:25:45Z,,M4-01 server skeleton
crates/sverb-server/src/mail.rs,agent-M4-01,M4-01,modified,2026-10-07T21:25:45Z,,M4-01 server skeleton
crates/sverb-server/src/serve.rs,agent-M4-01,M4-01,modified,2026-10-07T21:25:45Z,,M4-01 server skeleton
crates/sverb-server/src/healthcheck.rs,agent-M4-01,M4-01,modified,2026-10-07T21:25:45Z,,M4-01 server skeleton
crates/sverb-server/src/middleware/mod.rs,agent-M4-01,M4-01,modified,2026-10-07T21:25:45Z,,M4-01 server skeleton
crates/sverb-server/src/middleware/request_id.rs,agent-M4-01,M4-01,modified,2026-10-07T21:25:45Z,,M4-01 server skeleton
crates/sverb-server/src/middleware/rate_limit.rs,agent-M4-01,M4-01,modified,2026-10-07T21:25:45Z,,M4-01 server skeleton
crates/sverb-server/src/middleware/proto_version.rs,agent-M4-01,M4-01,modified,2026-10-07T21:25:45Z,,M4-01 server skeleton
crates/sverb-server/src/middleware/client_ip.rs,agent-M4-01,M4-01,modified,2026-10-07T21:25:45Z,,M4-01 server skeleton
crates/sverb-server/src/middleware/errors.rs,agent-M4-01,M4-01,modified,2026-10-07T21:25:45Z,,M4-01 server skeleton
crates/sverb-server/src/routes/mod.rs,agent-M4-01,M4-01,modified,2026-10-07T21:25:45Z,,M4-01 server skeleton
crates/sverb-server/src/routes/ops.rs,agent-M4-01,M4-01,modified,2026-10-07T21:25:45Z,,M4-01 server skeleton
crates/sverb-server/src/admin/mod.rs,agent-M4-01,M4-01,modified,2026-10-07T21:25:45Z,,M4-01 server skeleton
crates/sverb-server/src/admin/user.rs,agent-M4-01,M4-01,modified,2026-10-07T21:25:45Z,,M4-01 server skeleton
crates/sverb-server/src/admin/invite.rs,agent-M4-01,M4-01,modified,2026-10-07T21:25:45Z,,M4-01 server skeleton
crates/sverb-server/src/admin/gc.rs,agent-M4-01,M4-01,modified,2026-10-07T21:25:45Z,,M4-01 server skeleton
fuzz/fuzz_targets/share_frame_decode.rs,agent-M6-02,M6-02,modified,2026-10-07T21:26:15Z,,T-08 fuzz stub
crates/sverb-core/src/model/merge.rs,agent-M4-06,M4-06,released,2026-10-07T21:27:24Z,,orchestrator: complete
crates/sverb-core/src/model/mod.rs,agent-M4-06,M4-06,released,2026-10-07T21:27:24Z,,orchestrator: complete
crates/sverb-core/tests/merge_props.rs,agent-M4-06,M4-06,released,2026-10-07T21:27:24Z,,orchestrator: complete
crates/sverb/src/main.rs,agent-M0-05,M0-05,locked,2026-10-07T21:27:45Z,,M0-05 apply in place
crates/sverb/src/errors.rs,agent-M0-05,M0-05,locked,2026-10-07T21:27:45Z,,M0-05 apply in place
crates/sverb/src/tui.rs,agent-M0-05,M0-05,locked,2026-10-07T21:27:45Z,,M0-05 apply in place
crates/sverb/src/panic.rs,agent-M0-05,M0-05,locked,2026-10-07T21:27:45Z,,M0-05 apply in place
crates/sverb/Cargo.toml,agent-M0-05,M0-05,locked,2026-10-07T21:27:45Z,,M0-05 apply in place
crates/sverb-tui/src/runtime/mod.rs,agent-M0-05,M0-05,locked,2026-10-07T21:27:45Z,,M0-05 apply in place
Cargo.toml,agent-M0-05,M0-05,locked,2026-10-07T21:27:45Z,,M0-05 apply in place
crates/sverb-e2e/tests/workspace_metadata.rs,agent-M0-05,M0-05,locked,2026-10-07T21:27:45Z,,M0-05 apply in place
crates/sverb/src/main.rs,agent-M0-05,M0-05,modified,2026-10-07T21:28:18Z,,M0-05 panic hook/terminal guard
crates/sverb/src/panic.rs,agent-M0-05,M0-05,modified,2026-10-07T21:28:18Z,,M0-05 panic hook/terminal guard
crates/sverb/Cargo.toml,agent-M0-05,M0-05,modified,2026-10-07T21:28:18Z,,M0-05 panic hook/terminal guard
crates/sverb-tui/src/runtime/mod.rs,agent-M0-05,M0-05,modified,2026-10-07T21:28:18Z,,M0-05 panic hook/terminal guard
Cargo.toml,agent-M0-05,M0-05,modified,2026-10-07T21:28:18Z,,M0-05 panic hook/terminal guard
crates/sverb/src/errors.rs,agent-M0-05,M0-05,modified,2026-10-07T21:28:18Z,,deleted (renamed to panic.rs)
crates/sverb/src/tui.rs,agent-M0-05,M0-05,modified,2026-10-07T21:28:18Z,,deleted (guard in sverb-tui runtime/terminal.rs)
crates/sverb-e2e/tests/workspace_metadata.rs,agent-M0-05,M0-05,modified,2026-10-07T21:28:38Z,,T-11 template panic crates removed
crates/sverb-tui/src/app/mod.rs,agent-M0-10,M0-10,locked,2026-10-07T21:28:51Z,,keymap routing / keys --dump
crates/sverb-tui/src/app/event.rs,agent-M0-10,M0-10,locked,2026-10-07T21:28:51Z,,keymap routing / keys --dump
crates/sverb/src/cli/keys.rs,agent-M0-10,M0-10,locked,2026-10-07T21:28:51Z,,keymap routing / keys --dump
crates/sverb-tui/src/lib.rs,agent-M0-10,M0-10,locked,2026-10-07T21:28:51Z,,keymap routing / keys --dump
crates/sverb/src/cli/mod.rs,agent-M0-10,M0-10,locked,2026-10-07T21:28:51Z,,keymap routing / keys --dump
crates/sverb-crypto/src/canon.rs,agent-M6-02,M6-02,released,2026-10-07T21:28:57Z,,orchestrator: complete
crates/sverb-crypto/src/lib.rs,agent-M6-02,M6-02,released,2026-10-07T21:28:57Z,,orchestrator: complete
crates/sverb-crypto/src/share.rs,agent-M6-02,M6-02,released,2026-10-07T21:28:57Z,,orchestrator: complete
crates/sverb-crypto/tests/share.rs,agent-M6-02,M6-02,released,2026-10-07T21:28:57Z,,orchestrator: complete
crates/sverb-proto/src/share_frame.rs,agent-M6-02,M6-02,released,2026-10-07T21:28:57Z,,orchestrator: complete
fuzz/fuzz_targets/share_frame_decode.rs,agent-M6-02,M6-02,released,2026-10-07T21:28:57Z,,orchestrator: complete
crates/sverb-tui/src/runtime/test_hooks.rs,agent-M0-05,M0-05,locked,2026-10-07T21:29:10Z,,test hooks
crates/sverb-tui/src/runtime/test_hooks.rs,agent-M0-05,M0-05,copy,2026-10-07T21:29:10Z,.merge/agent-M0-05/crates/sverb-tui/src/runtime/test_hooks.rs,M0-05 test-hooks wiring; see MERGE-NOTES
crates/sverb/tests/panic_restore.rs,agent-M0-05,M0-05,locked,2026-10-07T21:29:10Z,,test hooks
crates/sverb/tests/panic_restore.rs,agent-M0-05,M0-05,copy,2026-10-07T21:29:10Z,.merge/agent-M0-05/crates/sverb/tests/panic_restore.rs,M0-05 test-hooks wiring; see MERGE-NOTES
crates/sverb-tui/Cargo.toml,agent-M0-05,M0-05,copy,2026-10-07T21:29:10Z,.merge/agent-M0-05/crates/sverb-tui/Cargo.toml,M0-05 test-hooks wiring; see MERGE-NOTES
crates/sverb/Cargo.toml,agent-M0-05,M0-05,copy,2026-10-07T21:29:10Z,.merge/agent-M0-05/crates/sverb/Cargo.toml,pending: test-hooks feature + portable-pty + [[test]]
crates/sverb-tui/src/runtime/mod.rs,agent-M0-05,M0-05,copy,2026-10-07T21:29:10Z,.merge/agent-M0-05/crates/sverb-tui/src/runtime/mod.rs,pending: test_hooks mod + call
crates/sverb-tui/src/keymap/chord.rs,agent-M0-10,M0-10,modified,2026-10-07T21:29:16Z,,M0-10 keymap/modes/leader
crates/sverb-tui/src/keymap/action.rs,agent-M0-10,M0-10,modified,2026-10-07T21:29:16Z,,M0-10 keymap/modes/leader
crates/sverb-tui/src/keymap/mod.rs,agent-M0-10,M0-10,modified,2026-10-07T21:29:16Z,,M0-10 keymap/modes/leader
crates/sverb-tui/src/keymap/keymap.rs,agent-M0-10,M0-10,modified,2026-10-07T21:29:16Z,,M0-10 keymap/modes/leader
crates/sverb-tui/src/keymap/leader.rs,agent-M0-10,M0-10,modified,2026-10-07T21:29:16Z,,M0-10 keymap/modes/leader
crates/sverb-tui/src/keymap/validate.rs,agent-M0-10,M0-10,modified,2026-10-07T21:29:16Z,,M0-10 keymap/modes/leader
crates/sverb-tui/src/keymap/whichkey.rs,agent-M0-10,M0-10,modified,2026-10-07T21:29:16Z,,M0-10 keymap/modes/leader
crates/sverb-tui/src/keymap/dump.rs,agent-M0-10,M0-10,modified,2026-10-07T21:29:16Z,,M0-10 keymap/modes/leader
crates/sverb-tui/src/keymap/docs_intro.md,agent-M0-10,M0-10,modified,2026-10-07T21:29:16Z,,M0-10 keymap/modes/leader
crates/sverb-tui/src/app/state.rs,agent-M0-10,M0-10,modified,2026-10-07T21:29:16Z,,M0-10 keymap/modes/leader
crates/sverb-tui/src/app/effect.rs,agent-M0-10,M0-10,modified,2026-10-07T21:29:16Z,,M0-10 keymap/modes/leader
crates/sverb-tui/src/app/input.rs,agent-M0-10,M0-10,modified,2026-10-07T21:29:16Z,,M0-10 keymap/modes/leader
crates/sverb-proto/src/lib.rs,agent-M4-01,M4-01,modified,2026-10-07T21:29:52Z,,applied M6-02 share_frame mod on orchestrator request
crates/sverb-proto/Cargo.toml,agent-M4-01,M4-01,modified,2026-10-07T21:29:52Z,,applied M6-02 ciborium dep on orchestrator request
crates/sverb-tui/src/app/mod.rs,agent-M0-10,M0-10,modified,2026-10-07T21:30:26Z,,M0-10 key routing wiring
crates/sverb-tui/src/app/event.rs,agent-M0-10,M0-10,modified,2026-10-07T21:30:26Z,,M0-10 key routing wiring
crates/sverb-tui/src/views/mod.rs,agent-M0-10,M0-10,modified,2026-10-07T21:30:49Z,,M0-10 wiring
crates/sverb-tui/src/views/dialogs.rs,agent-M0-10,M0-10,modified,2026-10-07T21:30:49Z,,M0-10 wiring
crates/sverb-tui/src/services/mod.rs,agent-M0-10,M0-10,modified,2026-10-07T21:30:49Z,,M0-10 wiring
crates/sverb-tui/Cargo.toml,agent-M0-10,M0-10,modified,2026-10-07T21:30:49Z,,M0-10 wiring
crates/sverb-tui/src/testing.rs,agent-M0-10,M0-10,modified,2026-10-07T21:31:06Z,,harness: with_live_session app_mut
crates/sverb-store/src/lib.rs,agent-M1-03,M1-03,modified,2026-10-07T21:31:27Z,,M1-03 store module
crates/sverb-store/src/db.rs,agent-M1-03,M1-03,modified,2026-10-07T21:31:27Z,,M1-03 store module
crates/sverb-store/src/schema.rs,agent-M1-03,M1-03,modified,2026-10-07T21:31:27Z,,M1-03 store module
crates/sverb-store/src/items.rs,agent-M1-03,M1-03,modified,2026-10-07T21:31:27Z,,M1-03 store module
crates/sverb-store/src/vaults.rs,agent-M1-03,M1-03,modified,2026-10-07T21:31:27Z,,M1-03 store module
crates/sverb-store/src/outbox.rs,agent-M1-03,M1-03,modified,2026-10-07T21:31:27Z,,M1-03 store module
crates/sverb-store/src/device_local.rs,agent-M1-03,M1-03,modified,2026-10-07T21:31:27Z,,M1-03 store module
crates/sverb-store/src/meta.rs,agent-M1-03,M1-03,modified,2026-10-07T21:31:27Z,,M1-03 store module
crates/sverb-store/src/sync_state.rs,agent-M1-03,M1-03,modified,2026-10-07T21:31:27Z,,M1-03 store module
crates/sverb-store/src/index.rs,agent-M1-03,M1-03,modified,2026-10-07T21:31:27Z,,M1-03 store module
crates/sverb-store/src/error.rs,agent-M1-03,M1-03,modified,2026-10-07T21:31:27Z,,M1-03 store module
crates/sverb-store/src/clock.rs,agent-M1-03,M1-03,modified,2026-10-07T21:31:28Z,,M1-03 store module
deploy/Dockerfile.server,agent-M4-01,M4-01,locked,2026-10-07T21:32:17Z,,M4-01 deployment
deploy/Dockerfile.server.dockerignore,agent-M4-01,M4-01,locked,2026-10-07T21:32:17Z,,M4-01 deployment
deploy/docker-compose.yml,agent-M4-01,M4-01,locked,2026-10-07T21:32:17Z,,M4-01 deployment
deploy/.gitkeep,agent-M4-01,M4-01,locked,2026-10-07T21:32:17Z,,M4-01 deployment
docs/self-hosting.md,agent-M4-01,M4-01,locked,2026-10-07T21:32:17Z,,M4-01 deployment
.github/workflows/ci.yml,agent-M4-01,M4-01,locked,2026-10-07T21:32:17Z,,M4-01 deployment
Cargo.toml,agent-M0-05,M0-05,released,2026-10-07T21:32:21Z,,orchestrator: complete
crates/sverb-core/src/error_report.rs,agent-M0-05,M0-05,released,2026-10-07T21:32:21Z,,orchestrator: complete
crates/sverb-e2e/tests/workspace_metadata.rs,agent-M0-05,M0-05,released,2026-10-07T21:32:21Z,,orchestrator: complete
crates/sverb/src/errors.rs,agent-M0-05,M0-05,released,2026-10-07T21:32:21Z,,orchestrator: complete
crates/sverb/src/main.rs,agent-M0-05,M0-05,released,2026-10-07T21:32:21Z,,orchestrator: complete
crates/sverb/src/panic.rs,agent-M0-05,M0-05,released,2026-10-07T21:32:21Z,,orchestrator: complete
crates/sverb/src/tui.rs,agent-M0-05,M0-05,released,2026-10-07T21:32:21Z,,orchestrator: complete
crates/sverb-tui/src/runtime/terminal.rs,agent-M0-05,M0-05,released,2026-10-07T21:32:21Z,,orchestrator: complete
crates/sverb-tui/src/keymap/tests.rs,agent-M0-10,M0-10,modified,2026-10-07T21:32:37Z,,M0-10 reducer tests
deploy/Dockerfile.server,agent-M4-01,M4-01,modified,2026-10-07T21:32:39Z,,M4-01 deployment
deploy/Dockerfile.server.dockerignore,agent-M4-01,M4-01,modified,2026-10-07T21:32:39Z,,M4-01 deployment
deploy/docker-compose.yml,agent-M4-01,M4-01,modified,2026-10-07T21:32:39Z,,M4-01 deployment
deploy/.gitkeep,agent-M4-01,M4-01,modified,2026-10-07T21:32:39Z,,deleted (deploy/ has real files now)
.github/workflows/ci.yml,agent-M4-01,M4-01,modified,2026-10-07T21:32:49Z,,server-db comment; new server-docker job (T-13)
crates/sverb-store/tests/store.rs,agent-M1-03,M1-03,modified,2026-10-07T21:32:59Z,,integration tests T-01..T-14
crates/sverb-tui/src/keymap/snapshots/sverb_tui__keymap__tests__dump_json_default.snap,agent-M0-10,M0-10,locked,2026-10-07T21:33:02Z,,new snapshot
crates/sverb-tui/src/keymap/snapshots/sverb_tui__keymap__tests__dump_json_default.snap,agent-M0-10,M0-10,modified,2026-10-07T21:33:02Z,,M0-10 snapshot
crates/sverb-tui/src/keymap/snapshots/sverb_tui__keymap__tests__dump_text_default.snap,agent-M0-10,M0-10,locked,2026-10-07T21:33:02Z,,new snapshot
crates/sverb-tui/src/keymap/snapshots/sverb_tui__keymap__tests__dump_text_default.snap,agent-M0-10,M0-10,modified,2026-10-07T21:33:02Z,,M0-10 snapshot
crates/sverb-tui/src/keymap/snapshots/sverb_tui__keymap__tests__dump_text_overrides.snap,agent-M0-10,M0-10,locked,2026-10-07T21:33:02Z,,new snapshot
crates/sverb-tui/src/keymap/snapshots/sverb_tui__keymap__tests__dump_text_overrides.snap,agent-M0-10,M0-10,modified,2026-10-07T21:33:02Z,,M0-10 snapshot
crates/sverb-tui/src/keymap/snapshots/sverb_tui__keymap__tests__leader_notice_80x24.snap,agent-M0-10,M0-10,locked,2026-10-07T21:33:02Z,,new snapshot
crates/sverb-tui/src/keymap/snapshots/sverb_tui__keymap__tests__leader_notice_80x24.snap,agent-M0-10,M0-10,modified,2026-10-07T21:33:02Z,,M0-10 snapshot
crates/sverb-tui/src/keymap/snapshots/sverb_tui__keymap__tests__which_key_80x24.snap,agent-M0-10,M0-10,locked,2026-10-07T21:33:02Z,,new snapshot
crates/sverb-tui/src/keymap/snapshots/sverb_tui__keymap__tests__which_key_80x24.snap,agent-M0-10,M0-10,modified,2026-10-07T21:33:02Z,,M0-10 snapshot
crates/sverb-tui/src/snapshots/sverb_tui__testing__tests__confirm_quit_80x24.snap,agent-M0-10,M0-10,modified,2026-10-07T21:33:02Z,,status bar: mode + leader hint
crates/sverb-tui/src/snapshots/sverb_tui__testing__tests__initial_160x48.snap,agent-M0-10,M0-10,modified,2026-10-07T21:33:02Z,,status bar: mode + leader hint
crates/sverb-tui/src/snapshots/sverb_tui__testing__tests__initial_80x24.snap,agent-M0-10,M0-10,modified,2026-10-07T21:33:02Z,,status bar: mode + leader hint
crates/sverb/src/main.rs,agent-M0-10,M0-10,locked,2026-10-07T21:33:08Z,,real keymap validator; drop mod config
crates/sverb/src/cli/tests.rs,agent-M0-10,M0-10,locked,2026-10-07T21:33:22Z,,keys --dump tests
docs/self-hosting.md,agent-M4-01,M4-01,modified,2026-10-07T21:33:30Z,,self-hosting guide
Cargo.toml,agent-M4-01,M4-01,locked,2026-10-07T21:33:30Z,,server workspace pins
crates/sverb/src/config.rs,agent-M0-10,M0-10,modified,2026-10-07T21:33:39Z,,deleted: parser moved to sverb-tui keymap::chord
crates/sverb/src/main.rs,agent-M0-10,M0-10,modified,2026-10-07T21:33:39Z,,M0-10 validator / keymap from config / keys --dump
crates/sverb/src/cli/mod.rs,agent-M0-10,M0-10,modified,2026-10-07T21:33:39Z,,M0-10 validator / keymap from config / keys --dump
crates/sverb/src/cli/keys.rs,agent-M0-10,M0-10,modified,2026-10-07T21:33:39Z,,M0-10 validator / keymap from config / keys --dump
crates/sverb/src/cli/tests.rs,agent-M0-10,M0-10,modified,2026-10-07T21:33:39Z,,M0-10 validator / keymap from config / keys --dump
crates/sverb-tui/tests/keybindings_doc.rs,agent-M0-10,M0-10,modified,2026-10-07T21:33:41Z,,generated keybindings doc + freshness test
docs/keybindings.md,agent-M0-10,M0-10,modified,2026-10-07T21:33:41Z,,generated keybindings doc + freshness test
Cargo.toml,agent-M4-01,M4-01,modified,2026-10-07T21:33:44Z,,server workspace pins (axum; sqlx-core/postgres; tower; governor; metrics; lettre; ...)
crates/sverb-server/tests/common/mod.rs,agent-M4-01,M4-01,modified,2026-10-07T21:34:04Z,,M4-01 tests
crates/sverb-server/tests/config.rs,agent-M4-01,M4-01,modified,2026-10-07T21:34:04Z,,M4-01 tests
crates/sverb-server/tests/http.rs,agent-M4-01,M4-01,modified,2026-10-07T21:34:04Z,,M4-01 tests
crates/sverb-server/tests/db.rs,agent-M4-01,M4-01,modified,2026-10-07T21:34:04Z,,M4-01 tests
crates/sverb-store/Cargo.toml,agent-M1-03,M1-03,released,2026-10-07T21:34:26Z,,orchestrator: complete
crates/sverb-store/migrations/0001_init.sql,agent-M1-03,M1-03,released,2026-10-07T21:34:26Z,,orchestrator: complete
crates/sverb-store/src/clock.rs,agent-M1-03,M1-03,released,2026-10-07T21:34:26Z,,orchestrator: complete
crates/sverb-store/src/db.rs,agent-M1-03,M1-03,released,2026-10-07T21:34:26Z,,orchestrator: complete
crates/sverb-store/src/device_local.rs,agent-M1-03,M1-03,released,2026-10-07T21:34:26Z,,orchestrator: complete
crates/sverb-store/src/error.rs,agent-M1-03,M1-03,released,2026-10-07T21:34:27Z,,orchestrator: complete
crates/sverb-store/src/index.rs,agent-M1-03,M1-03,released,2026-10-07T21:34:27Z,,orchestrator: complete
crates/sverb-store/src/items.rs,agent-M1-03,M1-03,released,2026-10-07T21:34:27Z,,orchestrator: complete
crates/sverb-store/src/lib.rs,agent-M1-03,M1-03,released,2026-10-07T21:34:27Z,,orchestrator: complete
crates/sverb-store/src/meta.rs,agent-M1-03,M1-03,released,2026-10-07T21:34:27Z,,orchestrator: complete
crates/sverb-store/src/outbox.rs,agent-M1-03,M1-03,released,2026-10-07T21:34:27Z,,orchestrator: complete
crates/sverb-store/src/schema.rs,agent-M1-03,M1-03,released,2026-10-07T21:34:27Z,,orchestrator: complete
crates/sverb-store/src/sync_state.rs,agent-M1-03,M1-03,released,2026-10-07T21:34:27Z,,orchestrator: complete
crates/sverb-store/src/vaults.rs,agent-M1-03,M1-03,released,2026-10-07T21:34:27Z,,orchestrator: complete
crates/sverb-store/tests/store.rs,agent-M1-03,M1-03,released,2026-10-07T21:34:27Z,,orchestrator: complete
migrations/client/0001_init.sql,agent-M1-03,M1-03,released,2026-10-07T21:34:27Z,,orchestrator: complete
crates/sverb-tui/src/runtime/mod.rs,agent-M0-10,M0-10,copy,2026-10-07T21:34:44Z,.merge/agent-M0-10/crates/sverb-tui/src/runtime/mod.rs,LaunchCtx::new: keymap from config + real validators
crates/sverb-tui/src/lib.rs,agent-M0-10,M0-10,released,2026-10-07T21:34:44Z,,not needed
Cargo.toml,agent-M4-01,M4-01,released,2026-10-07T21:35:14Z,,orchestrator: complete
crates/sverb-proto/Cargo.toml,agent-M4-01,M4-01,released,2026-10-07T21:35:14Z,,orchestrator: complete
crates/sverb-proto/src/error.rs,agent-M4-01,M4-01,released,2026-10-07T21:35:14Z,,orchestrator: complete
crates/sverb-proto/src/lib.rs,agent-M4-01,M4-01,released,2026-10-07T21:35:14Z,,orchestrator: complete
crates/sverb-proto/src/version.rs,agent-M4-01,M4-01,released,2026-10-07T21:35:14Z,,orchestrator: complete
crates/sverb-server/Cargo.toml,agent-M4-01,M4-01,released,2026-10-07T21:35:14Z,,orchestrator: complete
crates/sverb-server/src/admin/gc.rs,agent-M4-01,M4-01,released,2026-10-07T21:35:14Z,,orchestrator: complete
crates/sverb-server/src/admin/invite.rs,agent-M4-01,M4-01,released,2026-10-07T21:35:14Z,,orchestrator: complete
crates/sverb-server/src/admin/mod.rs,agent-M4-01,M4-01,released,2026-10-07T21:35:14Z,,orchestrator: complete
crates/sverb-server/src/admin/user.rs,agent-M4-01,M4-01,released,2026-10-07T21:35:14Z,,orchestrator: complete
crates/sverb-server/src/app.rs,agent-M4-01,M4-01,released,2026-10-07T21:35:14Z,,orchestrator: complete
crates/sverb-server/src/cli.rs,agent-M4-01,M4-01,released,2026-10-07T21:35:14Z,,orchestrator: complete
crates/sverb-server/src/config.rs,agent-M4-01,M4-01,released,2026-10-07T21:35:14Z,,orchestrator: complete
crates/sverb-server/src/db.rs,agent-M4-01,M4-01,released,2026-10-07T21:35:14Z,,orchestrator: complete
crates/sverb-server/src/error.rs,agent-M4-01,M4-01,released,2026-10-07T21:35:14Z,,orchestrator: complete
crates/sverb-server/src/healthcheck.rs,agent-M4-01,M4-01,released,2026-10-07T21:35:14Z,,orchestrator: complete
crates/sverb-server/src/lib.rs,agent-M4-01,M4-01,released,2026-10-07T21:35:14Z,,orchestrator: complete
crates/sverb-server/src/logging.rs,agent-M4-01,M4-01,released,2026-10-07T21:35:14Z,,orchestrator: complete
crates/sverb-server/src/mail.rs,agent-M4-01,M4-01,released,2026-10-07T21:35:14Z,,orchestrator: complete
crates/sverb-server/src/main.rs,agent-M4-01,M4-01,released,2026-10-07T21:35:14Z,,orchestrator: complete
crates/sverb-server/src/metrics.rs,agent-M4-01,M4-01,released,2026-10-07T21:35:14Z,,orchestrator: complete
crates/sverb-server/src/middleware/client_ip.rs,agent-M4-01,M4-01,released,2026-10-07T21:35:14Z,,orchestrator: complete
crates/sverb-server/src/middleware/errors.rs,agent-M4-01,M4-01,released,2026-10-07T21:35:14Z,,orchestrator: complete
crates/sverb-server/src/middleware/mod.rs,agent-M4-01,M4-01,released,2026-10-07T21:35:14Z,,orchestrator: complete
crates/sverb-server/src/middleware/proto_version.rs,agent-M4-01,M4-01,released,2026-10-07T21:35:14Z,,orchestrator: complete
crates/sverb-server/src/middleware/rate_limit.rs,agent-M4-01,M4-01,released,2026-10-07T21:35:15Z,,orchestrator: complete
crates/sverb-server/src/middleware/request_id.rs,agent-M4-01,M4-01,released,2026-10-07T21:35:15Z,,orchestrator: complete
crates/sverb-server/src/registration.rs,agent-M4-01,M4-01,released,2026-10-07T21:35:15Z,,orchestrator: complete
crates/sverb-server/src/routes/mod.rs,agent-M4-01,M4-01,released,2026-10-07T21:35:15Z,,orchestrator: complete
crates/sverb-server/src/routes/ops.rs,agent-M4-01,M4-01,released,2026-10-07T21:35:15Z,,orchestrator: complete
crates/sverb-server/src/secrets.rs,agent-M4-01,M4-01,released,2026-10-07T21:35:15Z,,orchestrator: complete
crates/sverb-server/src/serve.rs,agent-M4-01,M4-01,released,2026-10-07T21:35:15Z,,orchestrator: complete
crates/sverb-server/src/settings.rs,agent-M4-01,M4-01,released,2026-10-07T21:35:15Z,,orchestrator: complete
crates/sverb-server/src/state.rs,agent-M4-01,M4-01,released,2026-10-07T21:35:15Z,,orchestrator: complete
crates/sverb-server/tests/common/mod.rs,agent-M4-01,M4-01,released,2026-10-07T21:35:15Z,,orchestrator: complete
crates/sverb-server/tests/config.rs,agent-M4-01,M4-01,released,2026-10-07T21:35:15Z,,orchestrator: complete
crates/sverb-server/tests/db.rs,agent-M4-01,M4-01,released,2026-10-07T21:35:15Z,,orchestrator: complete
crates/sverb-server/tests/http.rs,agent-M4-01,M4-01,released,2026-10-07T21:35:15Z,,orchestrator: complete
deploy/docker-compose.yml,agent-M4-01,M4-01,released,2026-10-07T21:35:15Z,,orchestrator: complete
deploy/Dockerfile.server,agent-M4-01,M4-01,released,2026-10-07T21:35:15Z,,orchestrator: complete
deploy/Dockerfile.server.dockerignore,agent-M4-01,M4-01,released,2026-10-07T21:35:15Z,,orchestrator: complete
deploy/.gitkeep,agent-M4-01,M4-01,released,2026-10-07T21:35:15Z,,orchestrator: complete
docs/self-hosting.md,agent-M4-01,M4-01,released,2026-10-07T21:35:15Z,,orchestrator: complete
.github/workflows/ci.yml,agent-M4-01,M4-01,released,2026-10-07T21:35:15Z,,orchestrator: complete
migrations/server/0001_init.sql,agent-M4-01,M4-01,released,2026-10-07T21:35:15Z,,orchestrator: complete
migrations/server/.gitkeep,agent-M4-01,M4-01,released,2026-10-07T21:35:15Z,,orchestrator: complete
crates/sverb-proto/Cargo.toml,agent-M6-02,M6-02,released,2026-10-07T21:35:15Z,,orchestrator: complete
crates/sverb-proto/src/lib.rs,agent-M6-02,M6-02,released,2026-10-07T21:35:15Z,,orchestrator: complete
crates/sverb/Cargo.toml,agent-M0-05,M0-05,released,2026-10-07T21:35:51Z,,orchestrator merging
crates/sverb/tests/panic_restore.rs,agent-M0-05,M0-05,released,2026-10-07T21:35:51Z,,orchestrator merging
crates/sverb-tui/Cargo.toml,agent-M0-05,M0-05,released,2026-10-07T21:35:51Z,,orchestrator merging
crates/sverb-tui/src/runtime/mod.rs,agent-M0-05,M0-05,released,2026-10-07T21:35:51Z,,orchestrator merging
crates/sverb-tui/src/runtime/test_hooks.rs,agent-M0-05,M0-05,released,2026-10-07T21:35:51Z,,orchestrator merging
crates/sverb/src/cli/keys.rs,agent-M0-10,M0-10,released,2026-10-07T21:35:51Z,,orchestrator merging
crates/sverb/src/cli/mod.rs,agent-M0-10,M0-10,released,2026-10-07T21:35:51Z,,orchestrator merging
crates/sverb/src/cli/tests.rs,agent-M0-10,M0-10,released,2026-10-07T21:35:51Z,,orchestrator merging
crates/sverb/src/config.rs,agent-M0-10,M0-10,released,2026-10-07T21:35:51Z,,orchestrator merging
crates/sverb/src/main.rs,agent-M0-10,M0-10,released,2026-10-07T21:35:51Z,,orchestrator merging
crates/sverb-tui/Cargo.toml,agent-M0-10,M0-10,released,2026-10-07T21:35:51Z,,orchestrator merging
crates/sverb-tui/src/app/effect.rs,agent-M0-10,M0-10,released,2026-10-07T21:35:51Z,,orchestrator merging
crates/sverb-tui/src/app/event.rs,agent-M0-10,M0-10,released,2026-10-07T21:35:51Z,,orchestrator merging
crates/sverb-tui/src/app/input.rs,agent-M0-10,M0-10,released,2026-10-07T21:35:51Z,,orchestrator merging
crates/sverb-tui/src/app/mod.rs,agent-M0-10,M0-10,released,2026-10-07T21:35:51Z,,orchestrator merging
crates/sverb-tui/src/app/state.rs,agent-M0-10,M0-10,released,2026-10-07T21:35:51Z,,orchestrator merging
crates/sverb-tui/src/keymap/action.rs,agent-M0-10,M0-10,released,2026-10-07T21:35:51Z,,orchestrator merging
crates/sverb-tui/src/keymap/chord.rs,agent-M0-10,M0-10,released,2026-10-07T21:35:51Z,,orchestrator merging
crates/sverb-tui/src/keymap/docs_intro.md,agent-M0-10,M0-10,released,2026-10-07T21:35:51Z,,orchestrator merging
crates/sverb-tui/src/keymap/dump.rs,agent-M0-10,M0-10,released,2026-10-07T21:35:51Z,,orchestrator merging
crates/sverb-tui/src/keymap/keymap.rs,agent-M0-10,M0-10,released,2026-10-07T21:35:51Z,,orchestrator merging
crates/sverb-tui/src/keymap/leader.rs,agent-M0-10,M0-10,released,2026-10-07T21:35:51Z,,orchestrator merging
crates/sverb-tui/src/keymap/mod.rs,agent-M0-10,M0-10,released,2026-10-07T21:35:51Z,,orchestrator merging
crates/sverb-tui/src/keymap/snapshots/sverb_tui__keymap__tests__dump_json_default.snap,agent-M0-10,M0-10,released,2026-10-07T21:35:51Z,,orchestrator merging
crates/sverb-tui/src/keymap/snapshots/sverb_tui__keymap__tests__dump_text_default.snap,agent-M0-10,M0-10,released,2026-10-07T21:35:51Z,,orchestrator merging
crates/sverb-tui/src/keymap/snapshots/sverb_tui__keymap__tests__dump_text_overrides.snap,agent-M0-10,M0-10,released,2026-10-07T21:35:51Z,,orchestrator merging
crates/sverb-tui/src/keymap/snapshots/sverb_tui__keymap__tests__leader_notice_80x24.snap,agent-M0-10,M0-10,released,2026-10-07T21:35:51Z,,orchestrator merging
crates/sverb-tui/src/keymap/snapshots/sverb_tui__keymap__tests__which_key_80x24.snap,agent-M0-10,M0-10,released,2026-10-07T21:35:51Z,,orchestrator merging
crates/sverb-tui/src/keymap/tests.rs,agent-M0-10,M0-10,released,2026-10-07T21:35:51Z,,orchestrator merging
crates/sverb-tui/src/keymap/validate.rs,agent-M0-10,M0-10,released,2026-10-07T21:35:51Z,,orchestrator merging
crates/sverb-tui/src/keymap/whichkey.rs,agent-M0-10,M0-10,released,2026-10-07T21:35:51Z,,orchestrator merging
crates/sverb-tui/src/runtime/mod.rs,agent-M0-10,M0-10,released,2026-10-07T21:35:51Z,,orchestrator merging
crates/sverb-tui/src/services/mod.rs,agent-M0-10,M0-10,released,2026-10-07T21:35:51Z,,orchestrator merging
crates/sverb-tui/src/snapshots/sverb_tui__testing__tests__confirm_quit_80x24.snap,agent-M0-10,M0-10,released,2026-10-07T21:35:51Z,,orchestrator merging
crates/sverb-tui/src/snapshots/sverb_tui__testing__tests__initial_160x48.snap,agent-M0-10,M0-10,released,2026-10-07T21:35:51Z,,orchestrator merging
crates/sverb-tui/src/snapshots/sverb_tui__testing__tests__initial_80x24.snap,agent-M0-10,M0-10,released,2026-10-07T21:35:51Z,,orchestrator merging
crates/sverb-tui/src/testing.rs,agent-M0-10,M0-10,released,2026-10-07T21:35:51Z,,orchestrator merging
crates/sverb-tui/src/views/dialogs.rs,agent-M0-10,M0-10,released,2026-10-07T21:35:51Z,,orchestrator merging
crates/sverb-tui/src/views/mod.rs,agent-M0-10,M0-10,released,2026-10-07T21:35:51Z,,orchestrator merging
crates/sverb-tui/tests/keybindings_doc.rs,agent-M0-10,M0-10,released,2026-10-07T21:35:51Z,,orchestrator merging
docs/keybindings.md,agent-M0-10,M0-10,released,2026-10-07T21:35:51Z,,orchestrator merging
crates/sverb-tui/src/runtime/mod.rs,orchestrator,MERGE-M0-05-10,locked,2026-10-07T21:35:51Z,,merge
crates/sverb/Cargo.toml,orchestrator,MERGE-M0-05-10,locked,2026-10-07T21:35:51Z,,merge
crates/sverb-tui/Cargo.toml,orchestrator,MERGE-M0-05-10,locked,2026-10-07T21:35:51Z,,merge
crates/sverb-tui/src/runtime/test_hooks.rs,orchestrator,MERGE-M0-05-10,locked,2026-10-07T21:35:51Z,,merge
crates/sverb/tests/panic_restore.rs,orchestrator,MERGE-M0-05-10,locked,2026-10-07T21:35:52Z,,merge
crates/sverb/Cargo.toml,orchestrator,MERGE-M0-05-10,released,2026-10-07T21:38:12Z,,merged; workspace green
crates/sverb/tests/panic_restore.rs,orchestrator,MERGE-M0-05-10,released,2026-10-07T21:38:12Z,,merged; workspace green
crates/sverb-tui/Cargo.toml,orchestrator,MERGE-M0-05-10,released,2026-10-07T21:38:12Z,,merged; workspace green
crates/sverb-tui/src/runtime/mod.rs,orchestrator,MERGE-M0-05-10,released,2026-10-07T21:38:12Z,,merged; workspace green
crates/sverb-tui/src/runtime/test_hooks.rs,orchestrator,MERGE-M0-05-10,released,2026-10-07T21:38:12Z,,merged; workspace green
crates/sverb-crypto/Cargo.toml,agent-M4-02,M4-02,locked,2026-10-07T21:40:53Z,,OPAQUE cipher suite
crates/sverb-crypto/src/lib.rs,agent-M4-02,M4-02,locked,2026-10-07T21:40:53Z,,OPAQUE cipher suite
crates/sverb-crypto/src/opaque.rs,agent-M4-02,M4-02,locked,2026-10-07T21:40:53Z,,OPAQUE cipher suite
crates/sverb-crypto/tests/opaque.rs,agent-M4-02,M4-02,locked,2026-10-07T21:40:53Z,,OPAQUE cipher suite
crates/sverb-tui/src/runtime/mod.rs,agent-M0-09,M0-09,locked,2026-10-07T21:41:37Z,,event loop rewrite
crates/sverb-tui/src/runtime/input.rs,agent-M0-09,M0-09,locked,2026-10-07T21:41:37Z,,event loop rewrite
crates/sverb-tui/src/runtime/timers.rs,agent-M0-09,M0-09,locked,2026-10-07T21:41:37Z,,event loop rewrite
crates/sverb-tui/src/runtime/signals.rs,agent-M0-09,M0-09,locked,2026-10-07T21:41:37Z,,event loop rewrite
crates/sverb-tui/src/runtime/sessions.rs,agent-M0-09,M0-09,locked,2026-10-07T21:41:37Z,,event loop rewrite
crates/sverb-tui/Cargo.toml,agent-M0-09,M0-09,locked,2026-10-07T21:41:37Z,,event loop rewrite
crates/sverb-tui/Cargo.toml,agent-M0-09,M0-09,modified,2026-10-07T21:41:40Z,,add tokio-util (time) for DelayQueue
crates/sverb-crypto/Cargo.toml,agent-M4-02,M4-02,modified,2026-10-07T21:42:32Z,,OPAQUE suite module
crates/sverb-crypto/src/lib.rs,agent-M4-02,M4-02,modified,2026-10-07T21:42:32Z,,OPAQUE suite module
crates/sverb-crypto/src/opaque.rs,agent-M4-02,M4-02,modified,2026-10-07T21:42:32Z,,OPAQUE suite module
crates/sverb-tui/src/app/event.rs,agent-M0-09,M0-09,locked,2026-10-07T21:42:49Z,,ShutdownRequested; loop-owned timers
crates/sverb-tui/src/app/mod.rs,agent-M0-09,M0-09,locked,2026-10-07T21:42:49Z,,ShutdownRequested; loop-owned timers
crates/sverb-tui/src/services/mod.rs,agent-M0-09,M0-09,locked,2026-10-07T21:42:49Z,,ShutdownRequested; loop-owned timers
crates/sverb-tui/src/app/event.rs,agent-M0-09,M0-09,modified,2026-10-07T21:42:54Z,,UiEvent::ShutdownRequested (M0-09 block)
crates/sverb-crypto/tests/opaque.rs,agent-M4-02,M4-02,modified,2026-10-07T21:43:04Z,,OPAQUE tests
crates/sverb-tui/src/app/mod.rs,agent-M0-09,M0-09,modified,2026-10-07T21:43:08Z,,ShutdownRequested arm; Windows suspend toast; visible_sessions(); tests
crates/sverb-tui/src/services/mod.rs,agent-M0-09,M0-09,modified,2026-10-07T21:43:18Z,,timers moved to runtime::timers; loop-owned effects warn
crates/sverb-server/Cargo.toml,agent-M4-02,M4-02,locked,2026-10-07T21:43:45Z,,M4-02 auth
crates/sverb-proto/Cargo.toml,agent-M4-02,M4-02,locked,2026-10-07T21:43:45Z,,M4-02 auth
crates/sverb-proto/src/lib.rs,agent-M4-02,M4-02,locked,2026-10-07T21:43:45Z,,M4-02 auth
crates/sverb-proto/src/auth.rs,agent-M4-02,M4-02,locked,2026-10-07T21:43:45Z,,M4-02 auth
crates/sverb-server/Cargo.toml,agent-M4-02,M4-02,modified,2026-10-07T21:43:50Z,,totp-rs dep; test KSF feature
crates/sverb-proto/src/b64.rs,agent-M4-02,M4-02,locked,2026-10-07T21:44:03Z,,base64url serde helper
crates/sverb-tui/src/runtime/mod.rs,agent-M0-09,M0-09,modified,2026-10-07T21:44:49Z,,full event loop: priorities; dirty-driven frames; timers; signals; Quit joins input
crates/sverb-tui/src/runtime/input.rs,agent-M0-09,M0-09,modified,2026-10-07T21:44:49Z,,new M0-09 module
crates/sverb-tui/src/runtime/timers.rs,agent-M0-09,M0-09,modified,2026-10-07T21:44:49Z,,new M0-09 module
crates/sverb-tui/src/runtime/signals.rs,agent-M0-09,M0-09,modified,2026-10-07T21:44:49Z,,new M0-09 module
crates/sverb-tui/src/runtime/sessions.rs,agent-M0-09,M0-09,modified,2026-10-07T21:44:49Z,,new M0-09 module
crates/sverb-tui/src/runtime/tests.rs,agent-M0-09,M0-09,locked,2026-10-07T21:44:49Z,,loop tests T-01..T-06
crates/sverb-proto/Cargo.toml,agent-M4-02,M4-02,modified,2026-10-07T21:45:18Z,,auth DTOs
crates/sverb-proto/src/lib.rs,agent-M4-02,M4-02,modified,2026-10-07T21:45:18Z,,auth DTOs
crates/sverb-proto/src/auth.rs,agent-M4-02,M4-02,modified,2026-10-07T21:45:18Z,,auth DTOs
crates/sverb-proto/src/b64.rs,agent-M4-02,M4-02,modified,2026-10-07T21:45:18Z,,auth DTOs
crates/sverb-tui/src/runtime/tests.rs,agent-M0-09,M0-09,modified,2026-10-07T21:45:40Z,,loop tests
crates/sverb-tui/src/runtime/terminal.rs,agent-M0-09,M0-09,locked,2026-10-07T21:46:55Z,,suspend: reapply modes even if raise fails
crates/sverb-tui/src/runtime/terminal.rs,agent-M0-09,M0-09,modified,2026-10-07T21:46:55Z,,suspend re-applies modes even if raise fails; doc
crates/sverb-server/src/auth/mod.rs,agent-M4-02,M4-02,locked,2026-10-07T21:46:59Z,,M4-02 auth
crates/sverb-server/src/auth/clock.rs,agent-M4-02,M4-02,locked,2026-10-07T21:46:59Z,,M4-02 auth
crates/sverb-server/src/auth/tokens.rs,agent-M4-02,M4-02,locked,2026-10-07T21:46:59Z,,M4-02 auth
crates/sverb-server/src/auth/totp.rs,agent-M4-02,M4-02,locked,2026-10-07T21:46:59Z,,M4-02 auth
crates/sverb-server/src/auth/opaque.rs,agent-M4-02,M4-02,locked,2026-10-07T21:46:59Z,,M4-02 auth
crates/sverb-server/src/auth/extractor.rs,agent-M4-02,M4-02,locked,2026-10-07T21:46:59Z,,M4-02 auth
crates/sverb-server/src/auth/store/mod.rs,agent-M4-02,M4-02,locked,2026-10-07T21:46:59Z,,M4-02 auth
crates/sverb-server/src/auth/store/pg.rs,agent-M4-02,M4-02,locked,2026-10-07T21:46:59Z,,M4-02 auth
crates/sverb-server/src/auth/store/mem.rs,agent-M4-02,M4-02,locked,2026-10-07T21:46:59Z,,M4-02 auth
migrations/server/0002_login_states.sql,agent-M4-02,M4-02,locked,2026-10-07T21:46:59Z,,M4-02 auth
crates/sverb-server/src/lib.rs,agent-M4-02,M4-02,locked,2026-10-07T21:46:59Z,,M4-02 auth
crates/sverb-server/src/state.rs,agent-M4-02,M4-02,locked,2026-10-07T21:46:59Z,,M4-02 auth
crates/sverb-server/src/db.rs,agent-M4-02,M4-02,locked,2026-10-07T21:46:59Z,,M4-02 auth
crates/sverb-tui/src/lib.rs,agent-M0-09,M0-09,locked,2026-10-07T21:47:02Z,,doc
crates/sverb/Cargo.toml,agent-M0-09,M0-09,locked,2026-10-07T21:47:02Z,,remove unused signal-hook
crates/sverb-tui/src/lib.rs,agent-M0-09,M0-09,modified,2026-10-07T21:47:02Z,,runtime doc line
crates/sverb/Cargo.toml,agent-M0-09,M0-09,modified,2026-10-07T21:47:02Z,,remove unused signal-hook
crates/sverb/tests/common/mod.rs,agent-M0-09,M0-09,locked,2026-10-07T21:47:10Z,,PTY tests T-09..T-12; shared restore helper
crates/sverb/tests/event_loop.rs,agent-M0-09,M0-09,locked,2026-10-07T21:47:10Z,,PTY tests T-09..T-12; shared restore helper
crates/sverb/tests/panic_restore.rs,agent-M0-09,M0-09,locked,2026-10-07T21:47:10Z,,PTY tests T-09..T-12; shared restore helper
crates/sverb-server/src/db.rs,agent-M4-02,M4-02,modified,2026-10-07T21:47:10Z,,embed migration 0002
migrations/server/0002_login_states.sql,agent-M4-02,M4-02,modified,2026-10-07T21:47:10Z,,new migration
crates/sverb/tests/common/mod.rs,agent-M0-09,M0-09,modified,2026-10-07T21:48:09Z,,new: PTY helpers / T-09..T-12
crates/sverb/tests/event_loop.rs,agent-M0-09,M0-09,modified,2026-10-07T21:48:09Z,,new: PTY helpers / T-09..T-12
crates/sverb/tests/panic_restore.rs,agent-M0-09,M0-09,modified,2026-10-07T21:48:09Z,,assert_restored moved to tests/common
docs/architecture.md,agent-M0-09,M0-09,locked,2026-10-07T21:50:45Z,,runtime section
docs/architecture.md,agent-M0-09,M0-09,modified,2026-10-07T21:50:45Z,,runtime modules + event loop section
crates/sverb/Cargo.toml,agent-M0-09,M0-09,released,2026-10-07T21:51:49Z,,orchestrator: complete
crates/sverb/tests/common/mod.rs,agent-M0-09,M0-09,released,2026-10-07T21:51:49Z,,orchestrator: complete
crates/sverb/tests/event_loop.rs,agent-M0-09,M0-09,released,2026-10-07T21:51:49Z,,orchestrator: complete
crates/sverb/tests/panic_restore.rs,agent-M0-09,M0-09,released,2026-10-07T21:51:49Z,,orchestrator: complete
crates/sverb-tui/Cargo.toml,agent-M0-09,M0-09,released,2026-10-07T21:51:49Z,,orchestrator: complete
crates/sverb-tui/src/app/event.rs,agent-M0-09,M0-09,released,2026-10-07T21:51:49Z,,orchestrator: complete
crates/sverb-tui/src/app/mod.rs,agent-M0-09,M0-09,released,2026-10-07T21:51:49Z,,orchestrator: complete
crates/sverb-tui/src/lib.rs,agent-M0-09,M0-09,released,2026-10-07T21:51:49Z,,orchestrator: complete
crates/sverb-tui/src/runtime/input.rs,agent-M0-09,M0-09,released,2026-10-07T21:51:49Z,,orchestrator: complete
crates/sverb-tui/src/runtime/mod.rs,agent-M0-09,M0-09,released,2026-10-07T21:51:49Z,,orchestrator: complete
crates/sverb-tui/src/runtime/sessions.rs,agent-M0-09,M0-09,released,2026-10-07T21:51:49Z,,orchestrator: complete
crates/sverb-tui/src/runtime/signals.rs,agent-M0-09,M0-09,released,2026-10-07T21:51:49Z,,orchestrator: complete
crates/sverb-tui/src/runtime/terminal.rs,agent-M0-09,M0-09,released,2026-10-07T21:51:49Z,,orchestrator: complete
crates/sverb-tui/src/runtime/tests.rs,agent-M0-09,M0-09,released,2026-10-07T21:51:49Z,,orchestrator: complete
crates/sverb-tui/src/runtime/timers.rs,agent-M0-09,M0-09,released,2026-10-07T21:51:49Z,,orchestrator: complete
crates/sverb-tui/src/services/mod.rs,agent-M0-09,M0-09,released,2026-10-07T21:51:49Z,,orchestrator: complete
docs/architecture.md,agent-M0-09,M0-09,released,2026-10-07T21:51:49Z,,orchestrator: complete
crates/sverb-server/src/routes/mod.rs,agent-M4-02,M4-02,locked,2026-10-07T21:52:57Z,,M4-02 routes
crates/sverb-server/src/routes/auth.rs,agent-M4-02,M4-02,locked,2026-10-07T21:52:57Z,,M4-02 routes
crates/sverb-server/src/routes/account.rs,agent-M4-02,M4-02,locked,2026-10-07T21:52:57Z,,M4-02 routes
crates/sverb-server/src/routes/devices.rs,agent-M4-02,M4-02,locked,2026-10-07T21:52:57Z,,M4-02 routes
crates/sverb-server/src/serve.rs,agent-M4-02,M4-02,locked,2026-10-07T21:52:57Z,,M4-02 routes
crates/sverb-server/src/lib.rs,agent-M4-02,M4-02,modified,2026-10-07T21:54:52Z,,M4-02 auth
crates/sverb-server/src/state.rs,agent-M4-02,M4-02,modified,2026-10-07T21:54:52Z,,M4-02 auth
crates/sverb-server/src/routes/mod.rs,agent-M4-02,M4-02,modified,2026-10-07T21:54:52Z,,M4-02 auth
crates/sverb-server/src/serve.rs,agent-M4-02,M4-02,modified,2026-10-07T21:54:52Z,,M4-02 auth
crates/sverb-server/src/routes/auth.rs,agent-M4-02,M4-02,modified,2026-10-07T21:54:52Z,,M4-02 auth
crates/sverb-server/src/routes/account.rs,agent-M4-02,M4-02,modified,2026-10-07T21:54:52Z,,M4-02 auth
crates/sverb-server/src/routes/devices.rs,agent-M4-02,M4-02,modified,2026-10-07T21:54:52Z,,M4-02 auth
crates/sverb-server/src/auth/mod.rs,agent-M4-02,M4-02,modified,2026-10-07T21:54:52Z,,M4-02 auth
crates/sverb-server/src/auth/clock.rs,agent-M4-02,M4-02,modified,2026-10-07T21:54:52Z,,M4-02 auth
crates/sverb-server/src/auth/tokens.rs,agent-M4-02,M4-02,modified,2026-10-07T21:54:52Z,,M4-02 auth
crates/sverb-server/src/auth/totp.rs,agent-M4-02,M4-02,modified,2026-10-07T21:54:52Z,,M4-02 auth
crates/sverb-server/src/auth/opaque.rs,agent-M4-02,M4-02,modified,2026-10-07T21:54:52Z,,M4-02 auth
crates/sverb-server/src/auth/extractor.rs,agent-M4-02,M4-02,modified,2026-10-07T21:54:52Z,,M4-02 auth
crates/sverb-server/src/auth/store/mod.rs,agent-M4-02,M4-02,modified,2026-10-07T21:54:52Z,,M4-02 auth
crates/sverb-server/src/auth/store/pg.rs,agent-M4-02,M4-02,modified,2026-10-07T21:54:52Z,,M4-02 auth
crates/sverb-server/src/auth/store/mem.rs,agent-M4-02,M4-02,modified,2026-10-07T21:54:52Z,,M4-02 auth
crates/sverb-server/tests/http.rs,agent-M4-02,M4-02,locked,2026-10-07T21:55:45Z,,route clash with real login/start
crates/sverb-server/tests/http.rs,agent-M4-02,M4-02,modified,2026-10-07T21:55:50Z,,stand-in login route renamed to /test/login/start
crates/sverb-term/src/color.rs,agent-M0-11,M0-11,locked,2026-10-07T21:55:52Z,,color downsampling shared with M1-10
crates/sverb-term/src/lib.rs,agent-M0-11,M0-11,locked,2026-10-07T21:55:52Z,,color downsampling shared with M1-10
Cargo.toml,agent-M1-08,M1-08,locked,2026-10-07T21:56:09Z,,add async-trait workspace dep
crates/sverb-server/tests/db.rs,agent-M4-02,M4-02,locked,2026-10-07T21:56:09Z,,migration 0002 expectations
crates/sverb-server/tests/db.rs,agent-M4-02,M4-02,modified,2026-10-07T21:56:09Z,,expect migration 2 and new tables; t09 uses own row
Cargo.toml,agent-M1-08,M1-08,modified,2026-10-07T21:56:14Z,,add async-trait 0.1.92 to workspace deps
crates/sverb-conn/Cargo.toml,agent-M1-08,M1-08,locked,2026-10-07T21:56:14Z,,session actor/manager/state machine
crates/sverb-conn/src/lib.rs,agent-M1-08,M1-08,locked,2026-10-07T21:56:14Z,,session actor/manager/state machine
crates/sverb-conn/src/transport.rs,agent-M1-08,M1-08,locked,2026-10-07T21:56:14Z,,session actor/manager/state machine
crates/sverb-conn/src/manager.rs,agent-M1-08,M1-08,locked,2026-10-07T21:56:14Z,,session actor/manager/state machine
crates/sverb-conn/src/panic_scope.rs,agent-M1-08,M1-08,locked,2026-10-07T21:56:14Z,,session actor/manager/state machine
crates/sverb-conn/src/session/mod.rs,agent-M1-08,M1-08,locked,2026-10-07T21:56:14Z,,session actor/manager/state machine
crates/sverb-conn/src/session/actor.rs,agent-M1-08,M1-08,locked,2026-10-07T21:56:14Z,,session actor/manager/state machine
crates/sverb-conn/src/session/state.rs,agent-M1-08,M1-08,locked,2026-10-07T21:56:14Z,,session actor/manager/state machine
crates/sverb-conn/src/session/cmd.rs,agent-M1-08,M1-08,locked,2026-10-07T21:56:14Z,,session actor/manager/state machine
crates/sverb-conn/src/session/event.rs,agent-M1-08,M1-08,locked,2026-10-07T21:56:14Z,,session actor/manager/state machine
crates/sverb-conn/src/session/tests.rs,agent-M1-08,M1-08,locked,2026-10-07T21:56:14Z,,session actor/manager/state machine
crates/sverb-conn/src/mock.rs,agent-M1-08,M1-08,locked,2026-10-07T21:56:14Z,,session actor/manager/state machine
crates/sverb-conn/Cargo.toml,agent-M1-08,M1-08,modified,2026-10-07T21:56:20Z,,deps for session actor
crates/sverb-server/src/cli.rs,agent-M4-02,M4-02,locked,2026-10-07T21:56:26Z,,admin user recovery-code
crates/sverb-server/src/admin/user.rs,agent-M4-02,M4-02,locked,2026-10-07T21:56:26Z,,admin user recovery-code
crates/sverb-server/src/cli.rs,agent-M4-02,M4-02,modified,2026-10-07T21:56:26Z,,admin user recovery-code
crates/sverb-server/src/admin/user.rs,agent-M4-02,M4-02,modified,2026-10-07T21:56:26Z,,admin user recovery-code
crates/sverb-term/src/lib.rs,agent-M0-11,M0-11,modified,2026-10-07T21:56:31Z,,pub mod color
crates/sverb-term/src/color.rs,agent-M0-11,M0-11,modified,2026-10-07T21:56:31Z,,new: ColorDepth + downsampling
crates/sverb-tui/src/theme/mod.rs,agent-M0-11,M0-11,locked,2026-10-07T21:56:56Z,,UI themes
crates/sverb-tui/src/theme/builtin.rs,agent-M0-11,M0-11,locked,2026-10-07T21:56:56Z,,UI themes
crates/sverb-tui/src/theme/color.rs,agent-M0-11,M0-11,locked,2026-10-07T21:56:56Z,,UI themes
crates/sverb-tui/src/lib.rs,agent-M0-11,M0-11,locked,2026-10-07T21:56:56Z,,UI themes
crates/sverb-tui/Cargo.toml,agent-M0-11,M0-11,locked,2026-10-07T21:56:56Z,,UI themes
crates/sverb-server/tests/auth.rs,agent-M4-02,M4-02,locked,2026-10-07T21:57:26Z,,auth integration tests (mem + pg)
crates/sverb-tui/src/lib.rs,agent-M0-11,M0-11,modified,2026-10-07T21:57:57Z,,mod theme; mod widgets
crates/sverb-tui/Cargo.toml,agent-M0-11,M0-11,modified,2026-10-07T21:57:57Z,,chrono dep
crates/sverb-tui/src/theme/mod.rs,agent-M0-11,M0-11,modified,2026-10-07T21:57:57Z,,new theme module
crates/sverb-tui/src/theme/builtin.rs,agent-M0-11,M0-11,modified,2026-10-07T21:57:57Z,,new theme module
crates/sverb-tui/src/theme/color.rs,agent-M0-11,M0-11,modified,2026-10-07T21:57:57Z,,new theme module
crates/sverb-tui/src/app/event.rs,agent-M0-11,M0-11,locked,2026-10-07T21:58:41Z,,shell state; toasts; focus
crates/sverb-tui/src/app/state.rs,agent-M0-11,M0-11,locked,2026-10-07T21:58:41Z,,shell state; toasts; focus
crates/sverb-tui/src/app/mod.rs,agent-M0-11,M0-11,locked,2026-10-07T21:58:41Z,,shell state; toasts; focus
crates/sverb-tui/src/app/input.rs,agent-M0-11,M0-11,locked,2026-10-07T21:58:41Z,,shell state; toasts; focus
crates/sverb-tui/src/app/notify.rs,agent-M0-11,M0-11,locked,2026-10-07T21:58:41Z,,shell state; toasts; focus
crates/sverb-tui/src/app/shell.rs,agent-M0-11,M0-11,locked,2026-10-07T21:58:41Z,,shell state; toasts; focus
crates/sverb-tui/src/app/event.rs,agent-M0-11,M0-11,modified,2026-10-07T21:58:55Z,,TimerKind::ToastCoalesce (append)
crates/sverb-tui/src/app/state.rs,agent-M0-11,M0-11,modified,2026-10-07T21:58:55Z,,ToastLevel Success/Warning; Toast count/coalescing
crates/sverb-tui/src/views/shell.rs,agent-M0-11,M0-11,locked,2026-10-07T21:58:58Z,,shell layout; sidebar; dialogs
crates/sverb-tui/src/views/sidebar.rs,agent-M0-11,M0-11,locked,2026-10-07T21:58:58Z,,shell layout; sidebar; dialogs
crates/sverb-tui/src/views/mod.rs,agent-M0-11,M0-11,locked,2026-10-07T21:58:58Z,,shell layout; sidebar; dialogs
crates/sverb-tui/src/views/hosts.rs,agent-M0-11,M0-11,locked,2026-10-07T21:58:58Z,,shell layout; sidebar; dialogs
crates/sverb-tui/src/views/dialogs.rs,agent-M0-11,M0-11,locked,2026-10-07T21:58:58Z,,shell layout; sidebar; dialogs
crates/sverb-server/tests/auth.rs,agent-M4-02,M4-02,modified,2026-10-07T22:00:04Z,,auth tests
crates/sverb-tui/src/views/mod.rs,agent-M0-11,M0-11,modified,2026-10-07T22:00:08Z,,shell layout and sidebar
crates/sverb-tui/src/views/shell.rs,agent-M0-11,M0-11,modified,2026-10-07T22:00:08Z,,shell layout and sidebar
crates/sverb-tui/src/views/sidebar.rs,agent-M0-11,M0-11,modified,2026-10-07T22:00:08Z,,shell layout and sidebar
crates/sverb-tui/src/views/hosts.rs,agent-M0-11,M0-11,modified,2026-10-07T22:00:25Z,,empty state; themed
crates/sverb-tui/src/views/dialogs.rs,agent-M0-11,M0-11,modified,2026-10-07T22:01:40Z,,Help(HelpState) full-screen searchable; Notifications dialog; themed
crates/sverb-tui/src/widgets/mod.rs,agent-M0-11,M0-11,locked,2026-10-07T22:02:04Z,,shell widgets
crates/sverb-tui/src/widgets/tabbar.rs,agent-M0-11,M0-11,locked,2026-10-07T22:02:04Z,,shell widgets
crates/sverb-tui/src/widgets/statusbar.rs,agent-M0-11,M0-11,locked,2026-10-07T22:02:04Z,,shell widgets
crates/sverb-tui/src/widgets/topbar.rs,agent-M0-11,M0-11,locked,2026-10-07T22:02:04Z,,shell widgets
crates/sverb-tui/src/widgets/toast.rs,agent-M0-11,M0-11,locked,2026-10-07T22:02:04Z,,shell widgets
crates/sverb-tui/src/widgets/which_key.rs,agent-M0-11,M0-11,locked,2026-10-07T22:02:04Z,,shell widgets
crates/sverb-tui/src/widgets/log_pane.rs,agent-M0-11,M0-11,locked,2026-10-07T22:02:04Z,,shell widgets
crates/sverb-tui/src/keymap/whichkey.rs,agent-M0-11,M0-11,locked,2026-10-07T22:02:04Z,,move render into widgets/which_key.rs
docs/self-hosting.md,agent-M4-02,M4-02,locked,2026-10-07T22:03:27Z,,document admin user recovery-code
docs/self-hosting.md,agent-M4-02,M4-02,modified,2026-10-07T22:03:27Z,,recovery-code admin command
crates/sverb-tui/src/widgets/mod.rs,agent-M0-11,M0-11,modified,2026-10-07T22:03:53Z,,new shell widget
crates/sverb-tui/src/widgets/tabbar.rs,agent-M0-11,M0-11,modified,2026-10-07T22:03:53Z,,new shell widget
crates/sverb-tui/src/widgets/statusbar.rs,agent-M0-11,M0-11,modified,2026-10-07T22:03:53Z,,new shell widget
crates/sverb-tui/src/widgets/topbar.rs,agent-M0-11,M0-11,modified,2026-10-07T22:03:53Z,,new shell widget
crates/sverb-tui/src/widgets/toast.rs,agent-M0-11,M0-11,modified,2026-10-07T22:03:53Z,,new shell widget
crates/sverb-tui/src/widgets/which_key.rs,agent-M0-11,M0-11,modified,2026-10-07T22:03:53Z,,new shell widget
crates/sverb-tui/src/widgets/log_pane.rs,agent-M0-11,M0-11,modified,2026-10-07T22:03:53Z,,new shell widget
crates/sverb-tui/src/keymap/whichkey.rs,agent-M0-11,M0-11,modified,2026-10-07T22:03:53Z,,render moved to widgets/which_key.rs
crates/sverb-tui/src/app/notify.rs,agent-M0-11,M0-11,modified,2026-10-07T22:03:53Z,,new: toasts + history
crates/sverb-crypto/Cargo.toml,agent-M4-02,M4-02,released,2026-10-07T22:04:07Z,,orchestrator: complete
crates/sverb-crypto/src/lib.rs,agent-M4-02,M4-02,released,2026-10-07T22:04:07Z,,orchestrator: complete
crates/sverb-crypto/src/opaque.rs,agent-M4-02,M4-02,released,2026-10-07T22:04:07Z,,orchestrator: complete
crates/sverb-crypto/tests/opaque.rs,agent-M4-02,M4-02,released,2026-10-07T22:04:07Z,,orchestrator: complete
crates/sverb-proto/Cargo.toml,agent-M4-02,M4-02,released,2026-10-07T22:04:07Z,,orchestrator: complete
crates/sverb-proto/src/auth.rs,agent-M4-02,M4-02,released,2026-10-07T22:04:07Z,,orchestrator: complete
crates/sverb-proto/src/b64.rs,agent-M4-02,M4-02,released,2026-10-07T22:04:07Z,,orchestrator: complete
crates/sverb-proto/src/lib.rs,agent-M4-02,M4-02,released,2026-10-07T22:04:07Z,,orchestrator: complete
crates/sverb-server/Cargo.toml,agent-M4-02,M4-02,released,2026-10-07T22:04:07Z,,orchestrator: complete
crates/sverb-server/src/admin/user.rs,agent-M4-02,M4-02,released,2026-10-07T22:04:07Z,,orchestrator: complete
crates/sverb-server/src/auth/clock.rs,agent-M4-02,M4-02,released,2026-10-07T22:04:07Z,,orchestrator: complete
crates/sverb-server/src/auth/extractor.rs,agent-M4-02,M4-02,released,2026-10-07T22:04:07Z,,orchestrator: complete
crates/sverb-server/src/auth/mod.rs,agent-M4-02,M4-02,released,2026-10-07T22:04:07Z,,orchestrator: complete
crates/sverb-server/src/auth/opaque.rs,agent-M4-02,M4-02,released,2026-10-07T22:04:07Z,,orchestrator: complete
crates/sverb-server/src/auth/store/mem.rs,agent-M4-02,M4-02,released,2026-10-07T22:04:07Z,,orchestrator: complete
crates/sverb-server/src/auth/store/mod.rs,agent-M4-02,M4-02,released,2026-10-07T22:04:07Z,,orchestrator: complete
crates/sverb-server/src/auth/store/pg.rs,agent-M4-02,M4-02,released,2026-10-07T22:04:07Z,,orchestrator: complete
crates/sverb-server/src/auth/tokens.rs,agent-M4-02,M4-02,released,2026-10-07T22:04:07Z,,orchestrator: complete
crates/sverb-server/src/auth/totp.rs,agent-M4-02,M4-02,released,2026-10-07T22:04:07Z,,orchestrator: complete
crates/sverb-server/src/cli.rs,agent-M4-02,M4-02,released,2026-10-07T22:04:07Z,,orchestrator: complete
crates/sverb-server/src/db.rs,agent-M4-02,M4-02,released,2026-10-07T22:04:07Z,,orchestrator: complete
crates/sverb-server/src/lib.rs,agent-M4-02,M4-02,released,2026-10-07T22:04:07Z,,orchestrator: complete
crates/sverb-server/src/routes/account.rs,agent-M4-02,M4-02,released,2026-10-07T22:04:07Z,,orchestrator: complete
crates/sverb-server/src/routes/auth.rs,agent-M4-02,M4-02,released,2026-10-07T22:04:07Z,,orchestrator: complete
crates/sverb-server/src/routes/devices.rs,agent-M4-02,M4-02,released,2026-10-07T22:04:07Z,,orchestrator: complete
crates/sverb-server/src/routes/mod.rs,agent-M4-02,M4-02,released,2026-10-07T22:04:07Z,,orchestrator: complete
crates/sverb-server/src/serve.rs,agent-M4-02,M4-02,released,2026-10-07T22:04:07Z,,orchestrator: complete
crates/sverb-server/src/state.rs,agent-M4-02,M4-02,released,2026-10-07T22:04:07Z,,orchestrator: complete
crates/sverb-server/tests/auth.rs,agent-M4-02,M4-02,released,2026-10-07T22:04:07Z,,orchestrator: complete
crates/sverb-server/tests/db.rs,agent-M4-02,M4-02,released,2026-10-07T22:04:07Z,,orchestrator: complete
crates/sverb-server/tests/http.rs,agent-M4-02,M4-02,released,2026-10-07T22:04:07Z,,orchestrator: complete
docs/self-hosting.md,agent-M4-02,M4-02,released,2026-10-07T22:04:07Z,,orchestrator: complete
migrations/server/0002_login_states.sql,agent-M4-02,M4-02,released,2026-10-07T22:04:07Z,,orchestrator: complete
crates/sverb-conn/src/lib.rs,agent-M1-08,M1-08,modified,2026-10-07T22:05:25Z,,M1-08 session actor/manager/state machine
crates/sverb-conn/src/transport.rs,agent-M1-08,M1-08,modified,2026-10-07T22:05:25Z,,M1-08 session actor/manager/state machine
crates/sverb-conn/src/manager.rs,agent-M1-08,M1-08,modified,2026-10-07T22:05:25Z,,M1-08 session actor/manager/state machine
crates/sverb-conn/src/panic_scope.rs,agent-M1-08,M1-08,modified,2026-10-07T22:05:25Z,,M1-08 session actor/manager/state machine
crates/sverb-conn/src/session/mod.rs,agent-M1-08,M1-08,modified,2026-10-07T22:05:25Z,,M1-08 session actor/manager/state machine
crates/sverb-conn/src/session/actor.rs,agent-M1-08,M1-08,modified,2026-10-07T22:05:25Z,,M1-08 session actor/manager/state machine
crates/sverb-conn/src/session/state.rs,agent-M1-08,M1-08,modified,2026-10-07T22:05:25Z,,M1-08 session actor/manager/state machine
crates/sverb-conn/src/session/cmd.rs,agent-M1-08,M1-08,modified,2026-10-07T22:05:25Z,,M1-08 session actor/manager/state machine
crates/sverb-conn/src/session/event.rs,agent-M1-08,M1-08,modified,2026-10-07T22:05:25Z,,M1-08 session actor/manager/state machine
crates/sverb-conn/src/session/tests.rs,agent-M1-08,M1-08,modified,2026-10-07T22:05:25Z,,M1-08 session actor/manager/state machine
crates/sverb-conn/src/mock.rs,agent-M1-08,M1-08,modified,2026-10-07T22:05:25Z,,M1-08 session actor/manager/state machine
crates/sverb-tui/src/testing.rs,agent-M0-11,M0-11,locked,2026-10-07T22:06:05Z,,harness: theme env; styled render; shell tests
crates/sverb-tui/src/testing.rs,agent-M0-11,M0-11,modified,2026-10-07T22:06:05Z,,Help(_) match
crates/sverb-tui/src/app/mod.rs,agent-M0-11,M0-11,modified,2026-10-07T22:06:05Z,,shell wiring
crates/sverb-tui/src/app/input.rs,agent-M0-11,M0-11,modified,2026-10-07T22:06:05Z,,shell wiring
crates/sverb-tui/src/app/shell.rs,agent-M0-11,M0-11,modified,2026-10-07T22:06:05Z,,shell wiring
crates/sverb/src/panic.rs,agent-M1-08,M1-08,locked,2026-10-07T22:06:44Z,,contained session panics skip terminal restore
crates/sverb/src/panic.rs,agent-M1-08,M1-08,modified,2026-10-07T22:07:01Z,,contained session panics: log + crash report only
crates/sverb-conn/src/session/sender.rs,agent-M1-08,M1-08,locked,2026-10-07T22:07:05Z,,UI-side try_send with input overflow
crates/sverb-tui/src/shell_tests.rs,agent-M0-11,M0-11,locked,2026-10-07T22:07:09Z,,M0-11 tests
crates/sverb-conn/src/session/sender.rs,agent-M1-08,M1-08,modified,2026-10-07T22:07:38Z,,UiSender with input overflow
crates/sverb-tui/src/app/effect.rs,agent-M1-08,M1-08,locked,2026-10-07T22:07:45Z,,session service wiring
crates/sverb-tui/src/runtime/sessions.rs,agent-M1-08,M1-08,locked,2026-10-07T22:07:45Z,,session service wiring
crates/sverb-tui/src/runtime/mod.rs,agent-M1-08,M1-08,locked,2026-10-07T22:07:45Z,,session service wiring
crates/sverb-tui/src/services/mod.rs,agent-M1-08,M1-08,locked,2026-10-07T22:07:45Z,,session service wiring
crates/sverb-tui/src/services/sessions.rs,agent-M1-08,M1-08,locked,2026-10-07T22:07:45Z,,session service wiring
crates/sverb-proto/src/sync.rs,agent-M4-04,M4-04,locked,2026-10-07T22:07:47Z,,sync DTOs (new)
crates/sverb-proto/src/lib.rs,agent-M4-04,M4-04,locked,2026-10-07T22:07:47Z,,mod sync
crates/sverb-tui/src/app/effect.rs,agent-M1-08,M1-08,modified,2026-10-07T22:07:57Z,,Effect::OpenSession / CloseSession (M1-08 block)
crates/sverb-tui/src/runtime/sessions.rs,agent-M1-08,M1-08,modified,2026-10-07T22:08:05Z,,SessionNotice::Event variant
crates/sverb-tui/src/shell_tests.rs,agent-M0-11,M0-11,modified,2026-10-07T22:08:17Z,,new tests
crates/sverb-tui/src/lib.rs,agent-M0-11,M0-11,modified,2026-10-07T22:08:17Z,,mod shell_tests
crates/sverb-tui/src/keymap/validate.rs,agent-M0-11,M0-11,locked,2026-10-07T22:08:28Z,,debug ring + theme env to the TUI; real theme catalog
crates/sverb/src/main.rs,agent-M0-11,M0-11,locked,2026-10-07T22:08:28Z,,debug ring + theme env to the TUI; real theme catalog
crates/sverb/src/cli/mod.rs,agent-M0-11,M0-11,locked,2026-10-07T22:08:28Z,,debug ring + theme env to the TUI; real theme catalog
crates/sverb/src/cli/tests.rs,agent-M0-11,M0-11,locked,2026-10-07T22:08:28Z,,debug ring + theme env to the TUI; real theme catalog
crates/sverb/src/logging.rs,agent-M0-11,M0-11,locked,2026-10-07T22:08:28Z,,debug ring + theme env to the TUI; real theme catalog
crates/sverb-proto/src/sync.rs,agent-M4-04,M4-04,modified,2026-10-07T22:08:33Z,,new: vault/pull/push DTOs
crates/sverb-proto/src/lib.rs,agent-M4-04,M4-04,modified,2026-10-07T22:08:33Z,,pub mod sync
crates/sverb-server/src/auth/store/mem.rs,agent-M4-04,M4-04,locked,2026-10-07T22:08:43Z,,sync columns on MemVault; MemItem rows
crates/sverb-server/tests/auth.rs,agent-M4-04,M4-04,locked,2026-10-07T22:08:43Z,,adapt to MemVault/MemItem changes
crates/sverb/src/main.rs,agent-M0-11,M0-11,released,2026-10-07T22:08:44Z,,not needed (global debug ring accessor instead)
crates/sverb/src/cli/mod.rs,agent-M0-11,M0-11,released,2026-10-07T22:08:44Z,,not needed (global debug ring accessor instead)
crates/sverb/src/cli/tests.rs,agent-M0-11,M0-11,released,2026-10-07T22:08:44Z,,not needed (global debug ring accessor instead)
crates/sverb-core/src/logging/mod.rs,agent-M0-11,M0-11,locked,2026-10-07T22:08:44Z,,debug_ring() accessor for the TUI
crates/sverb-core/src/logging/mod.rs,agent-M0-11,M0-11,modified,2026-10-07T22:08:51Z,,debug_ring() global accessor
crates/sverb-server/src/auth/store/mem.rs,agent-M4-04,M4-04,modified,2026-10-07T22:08:57Z,,MemVault sync columns + constructors; MemItem rows
crates/sverb-server/tests/auth.rs,agent-M4-04,M4-04,modified,2026-10-07T22:08:57Z,,use MemVault::shared and MemItem
crates/sverb/src/logging.rs,agent-M0-11,M0-11,modified,2026-10-07T22:09:00Z,,stderr --debug warning only for headless
crates/sverb-tui/src/keymap/validate.rs,agent-M0-11,M0-11,modified,2026-10-07T22:09:06Z,,validators() uses UiThemeCatalog
crates/sverb-core/src/config/validate.rs,agent-M0-11,M0-11,locked,2026-10-07T22:09:13Z,,theme hint
crates/sverb-core/src/config/mod.rs,agent-M0-11,M0-11,locked,2026-10-07T22:09:13Z,,stub catalog knows high-contrast
crates/sverb-core/src/config/validate.rs,agent-M0-11,M0-11,modified,2026-10-07T22:09:13Z,,theme hint lists high-contrast
crates/sverb-core/src/config/mod.rs,agent-M0-11,M0-11,modified,2026-10-07T22:09:13Z,,stub catalog: high-contrast
crates/sverb-server/src/sync/mod.rs,agent-M4-04,M4-04,locked,2026-10-07T22:09:21Z,,new sync module file
crates/sverb-server/src/sync/pull.rs,agent-M4-04,M4-04,locked,2026-10-07T22:09:21Z,,new sync module file
crates/sverb-server/src/sync/push.rs,agent-M4-04,M4-04,locked,2026-10-07T22:09:21Z,,new sync module file
crates/sverb-server/src/sync/quota.rs,agent-M4-04,M4-04,locked,2026-10-07T22:09:21Z,,new sync module file
crates/sverb-server/src/sync/gc.rs,agent-M4-04,M4-04,locked,2026-10-07T22:09:21Z,,new sync module file
crates/sverb-server/src/sync/mem.rs,agent-M4-04,M4-04,locked,2026-10-07T22:09:21Z,,new sync module file
crates/sverb-server/src/sync/vaults.rs,agent-M4-04,M4-04,locked,2026-10-07T22:09:21Z,,new sync module file
crates/sverb-server/src/routes/vaults.rs,agent-M4-04,M4-04,locked,2026-10-07T22:09:21Z,,new sync module file
crates/sverb-tui/src/runtime/mod.rs,agent-M1-08,M1-08,modified,2026-10-07T22:09:25Z,,M1-08 session service wiring
crates/sverb-tui/src/services/mod.rs,agent-M1-08,M1-08,modified,2026-10-07T22:09:25Z,,M1-08 session service wiring
crates/sverb-tui/src/services/sessions.rs,agent-M1-08,M1-08,modified,2026-10-07T22:09:25Z,,M1-08 session service wiring
crates/sverb-tui/src/runtime/mod.rs,agent-M0-11,M0-11,copy,2026-10-07T22:09:30Z,.merge/agent-M0-11/crates/sverb-tui/src/runtime/mod.rs,theme env + debug ring into App; stamp notifications after handle
crates/sverb-tui/src/app/sessions.rs,agent-M1-08,M1-08,locked,2026-10-07T22:10:24Z,,UiEvent::Session + reducer arm
crates/sverb/tests/shell.rs,agent-M0-11,M0-11,locked,2026-10-07T22:10:50Z,,T-19 PTY test
crates/sverb/tests/shell.rs,agent-M0-11,M0-11,modified,2026-10-07T22:10:57Z,,new: T-19 PTY test
crates/sverb-e2e/tests/workspace_metadata.rs,agent-M1-08,M1-08,locked,2026-10-07T22:12:45Z,,allow sverb-conn -> sverb-term (M1-08 decision)
crates/sverb-e2e/tests/workspace_metadata.rs,agent-M1-08,M1-08,modified,2026-10-07T22:12:45Z,,sverb-conn may depend on sverb-term
crates/sverb-tui/src/app/event.rs,agent-M1-08,M1-08,copy,2026-10-07T22:12:56Z,.merge/agent-M1-08/crates/sverb-tui/src/app/event.rs,UiEvent::Session(SessionId; SessionEvent) M1-08 block
crates/sverb-tui/src/app/mod.rs,agent-M1-08,M1-08,copy,2026-10-07T22:12:56Z,.merge/agent-M1-08/crates/sverb-tui/src/app/mod.rs,mod sessions + UiEvent::Session arm
crates/sverb-tui/src/app/sessions.rs,agent-M1-08,M1-08,copy,2026-10-07T22:12:56Z,.merge/agent-M1-08/crates/sverb-tui/src/app/sessions.rs,new: reducer handling of session events (depends on event.rs copy)
crates/sverb-tui/src/services/sessions.rs,agent-M1-08,M1-08,copy,2026-10-07T22:12:56Z,.merge/agent-M1-08/crates/sverb-tui/src/services/sessions.rs,post-merge to_ui_event returns UiEvent::Session (in-tree version returns None)
migrations/server/0003_sync.sql,agent-M4-04,M4-04,locked,2026-10-07T22:13:25Z,,M4-04 wiring
crates/sverb-server/src/db.rs,agent-M4-04,M4-04,locked,2026-10-07T22:13:25Z,,M4-04 wiring
crates/sverb-server/tests/db.rs,agent-M4-04,M4-04,locked,2026-10-07T22:13:25Z,,M4-04 wiring
crates/sverb-server/src/lib.rs,agent-M4-04,M4-04,locked,2026-10-07T22:13:26Z,,M4-04 wiring
crates/sverb-server/src/routes/mod.rs,agent-M4-04,M4-04,locked,2026-10-07T22:13:26Z,,M4-04 wiring
crates/sverb-server/src/state.rs,agent-M4-04,M4-04,locked,2026-10-07T22:13:26Z,,M4-04 wiring
crates/sverb-server/src/app.rs,agent-M4-04,M4-04,locked,2026-10-07T22:13:26Z,,M4-04 wiring
crates/sverb-server/src/admin/gc.rs,agent-M4-04,M4-04,locked,2026-10-07T22:13:26Z,,M4-04 wiring
crates/sverb-server/src/cli.rs,agent-M4-04,M4-04,locked,2026-10-07T22:13:26Z,,M4-04 wiring
crates/sverb-server/src/config.rs,agent-M4-04,M4-04,locked,2026-10-07T22:13:26Z,,M4-04 wiring
crates/sverb-server/src/serve.rs,agent-M4-04,M4-04,locked,2026-10-07T22:13:26Z,,M4-04 wiring
migrations/server/0003_sync.sql,agent-M4-04,M4-04,modified,2026-10-07T22:13:40Z,,M4-04 wiring (sync module/routes/state/migration 0003/body limit 12 MiB)
crates/sverb-server/src/db.rs,agent-M4-04,M4-04,modified,2026-10-07T22:13:40Z,,M4-04 wiring (sync module/routes/state/migration 0003/body limit 12 MiB)
crates/sverb-server/tests/db.rs,agent-M4-04,M4-04,modified,2026-10-07T22:13:40Z,,M4-04 wiring (sync module/routes/state/migration 0003/body limit 12 MiB)
crates/sverb-server/src/lib.rs,agent-M4-04,M4-04,modified,2026-10-07T22:13:40Z,,M4-04 wiring (sync module/routes/state/migration 0003/body limit 12 MiB)
crates/sverb-server/src/routes/mod.rs,agent-M4-04,M4-04,modified,2026-10-07T22:13:40Z,,M4-04 wiring (sync module/routes/state/migration 0003/body limit 12 MiB)
crates/sverb-server/src/state.rs,agent-M4-04,M4-04,modified,2026-10-07T22:13:40Z,,M4-04 wiring (sync module/routes/state/migration 0003/body limit 12 MiB)
crates/sverb-server/src/app.rs,agent-M4-04,M4-04,modified,2026-10-07T22:13:40Z,,M4-04 wiring (sync module/routes/state/migration 0003/body limit 12 MiB)
crates/sverb-server/src/config.rs,agent-M4-04,M4-04,modified,2026-10-07T22:13:56Z,,M4-04: tombstone GC in admin gc + background job (SVERB_GC_INTERVAL_HOURS)
crates/sverb-server/src/admin/gc.rs,agent-M4-04,M4-04,modified,2026-10-07T22:13:56Z,,M4-04: tombstone GC in admin gc + background job (SVERB_GC_INTERVAL_HOURS)
crates/sverb-server/src/cli.rs,agent-M4-04,M4-04,modified,2026-10-07T22:13:56Z,,M4-04: tombstone GC in admin gc + background job (SVERB_GC_INTERVAL_HOURS)
crates/sverb-server/src/serve.rs,agent-M4-04,M4-04,modified,2026-10-07T22:13:56Z,,M4-04: tombstone GC in admin gc + background job (SVERB_GC_INTERVAL_HOURS)
crates/sverb-server/src/sync/mod.rs,agent-M4-04,M4-04,modified,2026-10-07T22:14:17Z,,new: M4-04 sync module
crates/sverb-server/src/sync/pull.rs,agent-M4-04,M4-04,modified,2026-10-07T22:14:17Z,,new: M4-04 sync module
crates/sverb-server/src/sync/push.rs,agent-M4-04,M4-04,modified,2026-10-07T22:14:17Z,,new: M4-04 sync module
crates/sverb-server/src/sync/quota.rs,agent-M4-04,M4-04,modified,2026-10-07T22:14:17Z,,new: M4-04 sync module
crates/sverb-server/src/sync/gc.rs,agent-M4-04,M4-04,modified,2026-10-07T22:14:17Z,,new: M4-04 sync module
crates/sverb-server/src/sync/mem.rs,agent-M4-04,M4-04,modified,2026-10-07T22:14:17Z,,new: M4-04 sync module
crates/sverb-server/src/sync/vaults.rs,agent-M4-04,M4-04,modified,2026-10-07T22:14:17Z,,new: M4-04 sync module
crates/sverb-server/src/routes/vaults.rs,agent-M4-04,M4-04,modified,2026-10-07T22:14:17Z,,new: M4-04 sync module
Cargo.toml,agent-M1-08,M1-08,released,2026-10-07T22:14:34Z,,orchestrator: complete
crates/sverb-conn/Cargo.toml,agent-M1-08,M1-08,released,2026-10-07T22:14:34Z,,orchestrator: complete
crates/sverb-conn/src/lib.rs,agent-M1-08,M1-08,released,2026-10-07T22:14:34Z,,orchestrator: complete
crates/sverb-conn/src/manager.rs,agent-M1-08,M1-08,released,2026-10-07T22:14:34Z,,orchestrator: complete
crates/sverb-conn/src/mock.rs,agent-M1-08,M1-08,released,2026-10-07T22:14:34Z,,orchestrator: complete
crates/sverb-conn/src/panic_scope.rs,agent-M1-08,M1-08,released,2026-10-07T22:14:34Z,,orchestrator: complete
crates/sverb-conn/src/session/actor.rs,agent-M1-08,M1-08,released,2026-10-07T22:14:34Z,,orchestrator: complete
crates/sverb-conn/src/session/cmd.rs,agent-M1-08,M1-08,released,2026-10-07T22:14:34Z,,orchestrator: complete
crates/sverb-conn/src/session/event.rs,agent-M1-08,M1-08,released,2026-10-07T22:14:34Z,,orchestrator: complete
crates/sverb-conn/src/session/mod.rs,agent-M1-08,M1-08,released,2026-10-07T22:14:34Z,,orchestrator: complete
crates/sverb-conn/src/session/sender.rs,agent-M1-08,M1-08,released,2026-10-07T22:14:34Z,,orchestrator: complete
crates/sverb-conn/src/session/state.rs,agent-M1-08,M1-08,released,2026-10-07T22:14:34Z,,orchestrator: complete
crates/sverb-conn/src/session/tests.rs,agent-M1-08,M1-08,released,2026-10-07T22:14:34Z,,orchestrator: complete
crates/sverb-conn/src/transport.rs,agent-M1-08,M1-08,released,2026-10-07T22:14:34Z,,orchestrator: complete
crates/sverb-e2e/tests/workspace_metadata.rs,agent-M1-08,M1-08,released,2026-10-07T22:14:34Z,,orchestrator: complete
crates/sverb/src/panic.rs,agent-M1-08,M1-08,released,2026-10-07T22:14:34Z,,orchestrator: complete
crates/sverb-tui/src/app/effect.rs,agent-M1-08,M1-08,released,2026-10-07T22:14:34Z,,orchestrator: complete
crates/sverb-tui/src/runtime/mod.rs,agent-M1-08,M1-08,released,2026-10-07T22:14:34Z,,orchestrator: complete
crates/sverb-tui/src/runtime/sessions.rs,agent-M1-08,M1-08,released,2026-10-07T22:14:34Z,,orchestrator: complete
crates/sverb-tui/src/services/mod.rs,agent-M1-08,M1-08,released,2026-10-07T22:14:34Z,,orchestrator: complete
crates/sverb-server/tests/sync.rs,agent-M4-04,M4-04,locked,2026-10-07T22:14:59Z,,new: M4-04 sync scenarios
crates/sverb-tui/src/snapshots/sverb_tui__shell_tests__t04_default_dark_160x48.snap,agent-M0-11,M0-11,locked,2026-10-07T22:15:13Z,,snapshots
crates/sverb-tui/src/snapshots/sverb_tui__shell_tests__t04_default_dark_160x48.snap,agent-M0-11,M0-11,modified,2026-10-07T22:15:13Z,,M0-11 shell snapshot (reviewed)
crates/sverb-tui/src/snapshots/sverb_tui__shell_tests__t04_default_dark_80x24.snap,agent-M0-11,M0-11,locked,2026-10-07T22:15:13Z,,snapshots
crates/sverb-tui/src/snapshots/sverb_tui__shell_tests__t04_default_dark_80x24.snap,agent-M0-11,M0-11,modified,2026-10-07T22:15:13Z,,M0-11 shell snapshot (reviewed)
crates/sverb-tui/src/snapshots/sverb_tui__shell_tests__t05_no_color_160x48.snap,agent-M0-11,M0-11,locked,2026-10-07T22:15:13Z,,snapshots
crates/sverb-tui/src/snapshots/sverb_tui__shell_tests__t05_no_color_160x48.snap,agent-M0-11,M0-11,modified,2026-10-07T22:15:13Z,,M0-11 shell snapshot (reviewed)
crates/sverb-tui/src/snapshots/sverb_tui__shell_tests__t05_no_color_80x24.snap,agent-M0-11,M0-11,locked,2026-10-07T22:15:13Z,,snapshots
crates/sverb-tui/src/snapshots/sverb_tui__shell_tests__t05_no_color_80x24.snap,agent-M0-11,M0-11,modified,2026-10-07T22:15:13Z,,M0-11 shell snapshot (reviewed)
crates/sverb-tui/src/snapshots/sverb_tui__shell_tests__t06_default-light_80x24.snap,agent-M0-11,M0-11,locked,2026-10-07T22:15:13Z,,snapshots
crates/sverb-tui/src/snapshots/sverb_tui__shell_tests__t06_default-light_80x24.snap,agent-M0-11,M0-11,modified,2026-10-07T22:15:13Z,,M0-11 shell snapshot (reviewed)
crates/sverb-tui/src/snapshots/sverb_tui__shell_tests__t06_high-contrast_80x24.snap,agent-M0-11,M0-11,locked,2026-10-07T22:15:13Z,,snapshots
crates/sverb-tui/src/snapshots/sverb_tui__shell_tests__t06_high-contrast_80x24.snap,agent-M0-11,M0-11,modified,2026-10-07T22:15:13Z,,M0-11 shell snapshot (reviewed)
crates/sverb-tui/src/snapshots/sverb_tui__shell_tests__t07_which_key_160x48.snap,agent-M0-11,M0-11,locked,2026-10-07T22:15:13Z,,snapshots
crates/sverb-tui/src/snapshots/sverb_tui__shell_tests__t07_which_key_160x48.snap,agent-M0-11,M0-11,modified,2026-10-07T22:15:13Z,,M0-11 shell snapshot (reviewed)
crates/sverb-tui/src/snapshots/sverb_tui__shell_tests__t07_which_key_80x24.snap,agent-M0-11,M0-11,locked,2026-10-07T22:15:13Z,,snapshots
crates/sverb-tui/src/snapshots/sverb_tui__shell_tests__t07_which_key_80x24.snap,agent-M0-11,M0-11,modified,2026-10-07T22:15:14Z,,M0-11 shell snapshot (reviewed)
crates/sverb-tui/src/snapshots/sverb_tui__shell_tests__t08_help_80x24.snap,agent-M0-11,M0-11,locked,2026-10-07T22:15:14Z,,snapshots
crates/sverb-tui/src/snapshots/sverb_tui__shell_tests__t08_help_80x24.snap,agent-M0-11,M0-11,modified,2026-10-07T22:15:14Z,,M0-11 shell snapshot (reviewed)
crates/sverb-tui/src/snapshots/sverb_tui__shell_tests__t09_three_toasts_80x24.snap,agent-M0-11,M0-11,locked,2026-10-07T22:15:14Z,,snapshots
crates/sverb-tui/src/snapshots/sverb_tui__shell_tests__t09_three_toasts_80x24.snap,agent-M0-11,M0-11,modified,2026-10-07T22:15:14Z,,M0-11 shell snapshot (reviewed)
crates/sverb-tui/src/snapshots/sverb_tui__shell_tests__t11_merged_80x20.snap,agent-M0-11,M0-11,locked,2026-10-07T22:15:14Z,,snapshots
crates/sverb-tui/src/snapshots/sverb_tui__shell_tests__t11_merged_80x20.snap,agent-M0-11,M0-11,modified,2026-10-07T22:15:14Z,,M0-11 shell snapshot (reviewed)
crates/sverb-tui/src/snapshots/sverb_tui__testing__tests__confirm_quit_80x24.snap,agent-M0-11,M0-11,locked,2026-10-07T22:15:14Z,,snapshots
crates/sverb-tui/src/snapshots/sverb_tui__testing__tests__confirm_quit_80x24.snap,agent-M0-11,M0-11,modified,2026-10-07T22:15:14Z,,M0-11 shell snapshot (reviewed)
crates/sverb-tui/src/snapshots/sverb_tui__testing__tests__initial_160x48.snap,agent-M0-11,M0-11,locked,2026-10-07T22:15:14Z,,snapshots
crates/sverb-tui/src/snapshots/sverb_tui__testing__tests__initial_160x48.snap,agent-M0-11,M0-11,modified,2026-10-07T22:15:14Z,,M0-11 shell snapshot (reviewed)
crates/sverb-tui/src/snapshots/sverb_tui__testing__tests__initial_80x24.snap,agent-M0-11,M0-11,locked,2026-10-07T22:15:14Z,,snapshots
crates/sverb-tui/src/snapshots/sverb_tui__testing__tests__initial_80x24.snap,agent-M0-11,M0-11,modified,2026-10-07T22:15:14Z,,M0-11 shell snapshot (reviewed)
crates/sverb-tui/src/keymap/snapshots/sverb_tui__keymap__tests__which_key_80x24.snap,agent-M0-11,M0-11,locked,2026-10-07T22:15:14Z,,snapshots
crates/sverb-tui/src/keymap/snapshots/sverb_tui__keymap__tests__which_key_80x24.snap,agent-M0-11,M0-11,modified,2026-10-07T22:15:14Z,,M0-11 shell snapshot (reviewed)
crates/sverb-tui/src/keymap/snapshots/sverb_tui__keymap__tests__leader_notice_80x24.snap,agent-M0-11,M0-11,locked,2026-10-07T22:15:14Z,,snapshots
crates/sverb-tui/src/keymap/snapshots/sverb_tui__keymap__tests__leader_notice_80x24.snap,agent-M0-11,M0-11,modified,2026-10-07T22:15:14Z,,M0-11 shell snapshot (reviewed)
crates/sverb-core/src/config/mod.rs,agent-M0-11,M0-11,released,2026-10-07T22:15:53Z,,orchestrator merging
crates/sverb-core/src/config/validate.rs,agent-M0-11,M0-11,released,2026-10-07T22:15:53Z,,orchestrator merging
crates/sverb-core/src/logging/mod.rs,agent-M0-11,M0-11,released,2026-10-07T22:15:53Z,,orchestrator merging
crates/sverb/src/logging.rs,agent-M0-11,M0-11,released,2026-10-07T22:15:54Z,,orchestrator merging
crates/sverb-term/src/color.rs,agent-M0-11,M0-11,released,2026-10-07T22:15:54Z,,orchestrator merging
crates/sverb-term/src/lib.rs,agent-M0-11,M0-11,released,2026-10-07T22:15:54Z,,orchestrator merging
crates/sverb/tests/shell.rs,agent-M0-11,M0-11,released,2026-10-07T22:15:54Z,,orchestrator merging
crates/sverb-tui/Cargo.toml,agent-M0-11,M0-11,released,2026-10-07T22:15:54Z,,orchestrator merging
crates/sverb-tui/src/app/event.rs,agent-M0-11,M0-11,released,2026-10-07T22:15:54Z,,orchestrator merging
crates/sverb-tui/src/app/input.rs,agent-M0-11,M0-11,released,2026-10-07T22:15:54Z,,orchestrator merging
crates/sverb-tui/src/app/mod.rs,agent-M0-11,M0-11,released,2026-10-07T22:15:54Z,,orchestrator merging
crates/sverb-tui/src/app/notify.rs,agent-M0-11,M0-11,released,2026-10-07T22:15:54Z,,orchestrator merging
crates/sverb-tui/src/app/shell.rs,agent-M0-11,M0-11,released,2026-10-07T22:15:54Z,,orchestrator merging
crates/sverb-tui/src/app/state.rs,agent-M0-11,M0-11,released,2026-10-07T22:15:54Z,,orchestrator merging
crates/sverb-tui/src/keymap/snapshots/sverb_tui__keymap__tests__leader_notice_80x24.snap,agent-M0-11,M0-11,released,2026-10-07T22:15:54Z,,orchestrator merging
crates/sverb-tui/src/keymap/snapshots/sverb_tui__keymap__tests__which_key_80x24.snap,agent-M0-11,M0-11,released,2026-10-07T22:15:54Z,,orchestrator merging
crates/sverb-tui/src/keymap/validate.rs,agent-M0-11,M0-11,released,2026-10-07T22:15:54Z,,orchestrator merging
crates/sverb-tui/src/keymap/whichkey.rs,agent-M0-11,M0-11,released,2026-10-07T22:15:54Z,,orchestrator merging
crates/sverb-tui/src/lib.rs,agent-M0-11,M0-11,released,2026-10-07T22:15:54Z,,orchestrator merging
crates/sverb-tui/src/runtime/mod.rs,agent-M0-11,M0-11,released,2026-10-07T22:15:54Z,,orchestrator merging
crates/sverb-tui/src/shell_tests.rs,agent-M0-11,M0-11,released,2026-10-07T22:15:54Z,,orchestrator merging
crates/sverb-tui/src/snapshots/sverb_tui__shell_tests__t04_default_dark_160x48.snap,agent-M0-11,M0-11,released,2026-10-07T22:15:54Z,,orchestrator merging
crates/sverb-tui/src/snapshots/sverb_tui__shell_tests__t04_default_dark_80x24.snap,agent-M0-11,M0-11,released,2026-10-07T22:15:54Z,,orchestrator merging
crates/sverb-tui/src/snapshots/sverb_tui__shell_tests__t05_no_color_160x48.snap,agent-M0-11,M0-11,released,2026-10-07T22:15:54Z,,orchestrator merging
crates/sverb-tui/src/snapshots/sverb_tui__shell_tests__t05_no_color_80x24.snap,agent-M0-11,M0-11,released,2026-10-07T22:15:54Z,,orchestrator merging
crates/sverb-tui/src/snapshots/sverb_tui__shell_tests__t06_default-light_80x24.snap,agent-M0-11,M0-11,released,2026-10-07T22:15:54Z,,orchestrator merging
crates/sverb-tui/src/snapshots/sverb_tui__shell_tests__t06_high-contrast_80x24.snap,agent-M0-11,M0-11,released,2026-10-07T22:15:54Z,,orchestrator merging
crates/sverb-tui/src/snapshots/sverb_tui__shell_tests__t07_which_key_160x48.snap,agent-M0-11,M0-11,released,2026-10-07T22:15:54Z,,orchestrator merging
crates/sverb-tui/src/snapshots/sverb_tui__shell_tests__t07_which_key_80x24.snap,agent-M0-11,M0-11,released,2026-10-07T22:15:54Z,,orchestrator merging
crates/sverb-tui/src/snapshots/sverb_tui__shell_tests__t08_help_80x24.snap,agent-M0-11,M0-11,released,2026-10-07T22:15:54Z,,orchestrator merging
crates/sverb-tui/src/snapshots/sverb_tui__shell_tests__t09_three_toasts_80x24.snap,agent-M0-11,M0-11,released,2026-10-07T22:15:54Z,,orchestrator merging
crates/sverb-tui/src/snapshots/sverb_tui__shell_tests__t11_merged_80x20.snap,agent-M0-11,M0-11,released,2026-10-07T22:15:54Z,,orchestrator merging
crates/sverb-tui/src/snapshots/sverb_tui__testing__tests__confirm_quit_80x24.snap,agent-M0-11,M0-11,released,2026-10-07T22:15:54Z,,orchestrator merging
crates/sverb-tui/src/snapshots/sverb_tui__testing__tests__initial_160x48.snap,agent-M0-11,M0-11,released,2026-10-07T22:15:54Z,,orchestrator merging
crates/sverb-tui/src/snapshots/sverb_tui__testing__tests__initial_80x24.snap,agent-M0-11,M0-11,released,2026-10-07T22:15:54Z,,orchestrator merging
crates/sverb-tui/src/testing.rs,agent-M0-11,M0-11,released,2026-10-07T22:15:54Z,,orchestrator merging
crates/sverb-tui/src/theme/builtin.rs,agent-M0-11,M0-11,released,2026-10-07T22:15:54Z,,orchestrator merging
crates/sverb-tui/src/theme/color.rs,agent-M0-11,M0-11,released,2026-10-07T22:15:54Z,,orchestrator merging
crates/sverb-tui/src/theme/mod.rs,agent-M0-11,M0-11,released,2026-10-07T22:15:54Z,,orchestrator merging
crates/sverb-tui/src/views/dialogs.rs,agent-M0-11,M0-11,released,2026-10-07T22:15:54Z,,orchestrator merging
crates/sverb-tui/src/views/hosts.rs,agent-M0-11,M0-11,released,2026-10-07T22:15:54Z,,orchestrator merging
crates/sverb-tui/src/views/mod.rs,agent-M0-11,M0-11,released,2026-10-07T22:15:54Z,,orchestrator merging
crates/sverb-tui/src/views/shell.rs,agent-M0-11,M0-11,released,2026-10-07T22:15:54Z,,orchestrator merging
crates/sverb-tui/src/views/sidebar.rs,agent-M0-11,M0-11,released,2026-10-07T22:15:54Z,,orchestrator merging
crates/sverb-tui/src/widgets/log_pane.rs,agent-M0-11,M0-11,released,2026-10-07T22:15:54Z,,orchestrator merging
crates/sverb-tui/src/widgets/mod.rs,agent-M0-11,M0-11,released,2026-10-07T22:15:54Z,,orchestrator merging
crates/sverb-tui/src/widgets/statusbar.rs,agent-M0-11,M0-11,released,2026-10-07T22:15:54Z,,orchestrator merging
crates/sverb-tui/src/widgets/tabbar.rs,agent-M0-11,M0-11,released,2026-10-07T22:15:54Z,,orchestrator merging
crates/sverb-tui/src/widgets/toast.rs,agent-M0-11,M0-11,released,2026-10-07T22:15:54Z,,orchestrator merging
crates/sverb-tui/src/widgets/topbar.rs,agent-M0-11,M0-11,released,2026-10-07T22:15:54Z,,orchestrator merging
crates/sverb-tui/src/widgets/which_key.rs,agent-M0-11,M0-11,released,2026-10-07T22:15:54Z,,orchestrator merging
crates/sverb-tui/src/app/event.rs,agent-M1-08,M1-08,released,2026-10-07T22:15:54Z,,orchestrator merging
crates/sverb-tui/src/app/mod.rs,agent-M1-08,M1-08,released,2026-10-07T22:15:54Z,,orchestrator merging
crates/sverb-tui/src/app/sessions.rs,agent-M1-08,M1-08,released,2026-10-07T22:15:54Z,,orchestrator merging
crates/sverb-tui/src/services/sessions.rs,agent-M1-08,M1-08,released,2026-10-07T22:15:54Z,,orchestrator merging
crates/sverb-tui/src/runtime/mod.rs,orchestrator,MERGE-M0-11-M1-08,locked,2026-10-07T22:15:54Z,,merge
crates/sverb-tui/src/app/event.rs,orchestrator,MERGE-M0-11-M1-08,locked,2026-10-07T22:15:54Z,,merge
crates/sverb-tui/src/app/mod.rs,orchestrator,MERGE-M0-11-M1-08,locked,2026-10-07T22:15:54Z,,merge
crates/sverb-tui/src/app/sessions.rs,orchestrator,MERGE-M0-11-M1-08,locked,2026-10-07T22:15:54Z,,merge
crates/sverb-tui/src/services/sessions.rs,orchestrator,MERGE-M0-11-M1-08,locked,2026-10-07T22:15:54Z,,merge
crates/sverb-server/tests/sync.rs,agent-M4-04,M4-04,modified,2026-10-07T22:17:06Z,,new: M4-04 scenarios T-01..T-12 (mem + pg twins)
crates/sverb-conn/src/local.rs,agent-M1-12,M1-12,locked,2026-10-07T22:17:15Z,,local pty transport
crates/sverb-conn/src/lib.rs,agent-M1-12,M1-12,locked,2026-10-07T22:17:15Z,,local pty transport
crates/sverb-conn/Cargo.toml,agent-M1-12,M1-12,locked,2026-10-07T22:17:15Z,,local pty transport
crates/sverb-conn/tests/local_pty.rs,agent-M1-12,M1-12,locked,2026-10-07T22:17:16Z,,local pty transport
crates/sverb-conn/Cargo.toml,agent-M1-12,M1-12,modified,2026-10-07T22:17:22Z,,portable-pty dependency
crates/sverb-conn/src/lib.rs,agent-M1-12,M1-12,modified,2026-10-07T22:17:22Z,,mod local + re-exports
crates/sverb-tui/src/app/event.rs,orchestrator,MERGE-M0-11-M1-08,released,2026-10-07T22:17:37Z,,merged; tests green
crates/sverb-tui/src/app/mod.rs,orchestrator,MERGE-M0-11-M1-08,released,2026-10-07T22:17:37Z,,merged; tests green
crates/sverb-tui/src/app/sessions.rs,orchestrator,MERGE-M0-11-M1-08,released,2026-10-07T22:17:37Z,,merged; tests green
crates/sverb-tui/src/runtime/mod.rs,orchestrator,MERGE-M0-11-M1-08,released,2026-10-07T22:17:37Z,,merged; tests green
crates/sverb-tui/src/services/sessions.rs,orchestrator,MERGE-M0-11-M1-08,released,2026-10-07T22:17:37Z,,merged; tests green
docs/self-hosting.md,agent-M4-04,M4-04,locked,2026-10-07T22:18:24Z,,document SVERB_GC_INTERVAL_HOURS and 12 MiB body limit
docs/self-hosting.md,agent-M4-04,M4-04,modified,2026-10-07T22:18:35Z,,GC interval; tombstones in admin gc; 12 MiB body limit; quota scope
crates/sverb-server/tests/http.rs,agent-M4-04,M4-04,locked,2026-10-07T22:19:08Z,,body-limit test follows BODY_LIMIT (now 12 MiB)
crates/sverb-server/tests/http.rs,agent-M4-04,M4-04,modified,2026-10-07T22:19:12Z,,t14 body uses app::BODY_LIMIT
crates/sverb-term/src/lib.rs,agent-M1-10,M1-10,locked,2026-10-07T22:19:28Z,,render + schemes
crates/sverb-term/Cargo.toml,agent-M1-10,M1-10,locked,2026-10-07T22:19:28Z,,render + schemes
crates/sverb-term/src/emulator.rs,agent-M1-10,M1-10,locked,2026-10-07T22:19:28Z,,render + schemes
crates/sverb-term/src/color.rs,agent-M1-10,M1-10,locked,2026-10-07T22:19:28Z,,render + schemes
crates/sverb-term/src/alacritty/mod.rs,agent-M1-10,M1-10,locked,2026-10-07T22:19:28Z,,render + schemes
crates/sverb-conn/src/local.rs,agent-M1-12,M1-12,modified,2026-10-07T22:19:32Z,,new: LocalConnector/LocalTransport
crates/sverb-term/Cargo.toml,agent-M1-10,M1-10,modified,2026-10-07T22:19:35Z,,serde+toml deps; render bench
crates/sverb-term/src/modes.rs,agent-M1-11,M1-11,locked,2026-10-07T22:19:43Z,,input encoding
crates/sverb-term/src/input/mod.rs,agent-M1-11,M1-11,locked,2026-10-07T22:19:43Z,,input encoding
crates/sverb-term/src/input/keys.rs,agent-M1-11,M1-11,locked,2026-10-07T22:19:43Z,,input encoding
crates/sverb-term/src/input/mouse.rs,agent-M1-11,M1-11,locked,2026-10-07T22:19:43Z,,input encoding
crates/sverb-term/src/input/paste.rs,agent-M1-11,M1-11,locked,2026-10-07T22:19:43Z,,input encoding
crates/sverb-term/fuzz/fuzz_targets/key_encoder.rs,agent-M1-11,M1-11,locked,2026-10-07T22:19:43Z,,input encoding
crates/sverb-term/fuzz/Cargo.toml,agent-M1-11,M1-11,locked,2026-10-07T22:19:43Z,,input encoding
crates/sverb-term/src/scheme/mod.rs,agent-M1-10,M1-10,locked,2026-10-07T22:20:55Z,,new M1-10 file
crates/sverb-term/src/scheme/import_alacritty.rs,agent-M1-10,M1-10,locked,2026-10-07T22:20:55Z,,new M1-10 file
crates/sverb-term/src/scheme/import_kitty.rs,agent-M1-10,M1-10,locked,2026-10-07T22:20:55Z,,new M1-10 file
crates/sverb-term/src/scheme/builtin,agent-M1-10,M1-10,locked,2026-10-07T22:20:55Z,,new M1-10 file
crates/sverb-term/src/render.rs,agent-M1-10,M1-10,locked,2026-10-07T22:20:56Z,,new M1-10 file
crates/sverb-term/tests/render.rs,agent-M1-10,M1-10,locked,2026-10-07T22:20:56Z,,new M1-10 file
crates/sverb-term/tests/schemes.rs,agent-M1-10,M1-10,locked,2026-10-07T22:20:56Z,,new M1-10 file
crates/sverb-term/tests/fixtures/themes,agent-M1-10,M1-10,locked,2026-10-07T22:20:56Z,,new M1-10 file
crates/sverb-term/benches/render.rs,agent-M1-10,M1-10,locked,2026-10-07T22:20:56Z,,new M1-10 file
crates/sverb-conn/tests/local_pty.rs,agent-M1-12,M1-12,modified,2026-10-07T22:21:04Z,,new: M1-12 integration tests
crates/sverb-core/Cargo.toml,agent-M1-04,M1-04,locked,2026-10-07T22:21:41Z,,vault deps/modules
crates/sverb-tui/Cargo.toml,agent-M1-04,M1-04,locked,2026-10-07T22:21:41Z,,vault deps/modules
crates/sverb-core/src/lib.rs,agent-M1-04,M1-04,locked,2026-10-07T22:21:41Z,,vault deps/modules
crates/sverb-store/src/meta.rs,agent-M1-04,M1-04,locked,2026-10-07T22:21:41Z,,vault deps/modules
crates/sverb-core/Cargo.toml,agent-M1-04,M1-04,modified,2026-10-07T22:21:45Z,,zxcvbn dependency
crates/sverb-tui/Cargo.toml,agent-M1-04,M1-04,modified,2026-10-07T22:21:51Z,,keyring + zeroize deps; suspend-detect feature
crates/sverb-proto/src/lib.rs,agent-M4-04,M4-04,released,2026-10-07T22:21:56Z,,orchestrator: complete
crates/sverb-proto/src/sync.rs,agent-M4-04,M4-04,released,2026-10-07T22:21:56Z,,orchestrator: complete
crates/sverb-server/src/admin/gc.rs,agent-M4-04,M4-04,released,2026-10-07T22:21:56Z,,orchestrator: complete
crates/sverb-server/src/app.rs,agent-M4-04,M4-04,released,2026-10-07T22:21:56Z,,orchestrator: complete
crates/sverb-server/src/auth/store/mem.rs,agent-M4-04,M4-04,released,2026-10-07T22:21:56Z,,orchestrator: complete
crates/sverb-server/src/cli.rs,agent-M4-04,M4-04,released,2026-10-07T22:21:56Z,,orchestrator: complete
crates/sverb-server/src/config.rs,agent-M4-04,M4-04,released,2026-10-07T22:21:56Z,,orchestrator: complete
crates/sverb-server/src/db.rs,agent-M4-04,M4-04,released,2026-10-07T22:21:56Z,,orchestrator: complete
crates/sverb-server/src/lib.rs,agent-M4-04,M4-04,released,2026-10-07T22:21:56Z,,orchestrator: complete
crates/sverb-server/src/routes/mod.rs,agent-M4-04,M4-04,released,2026-10-07T22:21:56Z,,orchestrator: complete
crates/sverb-server/src/routes/vaults.rs,agent-M4-04,M4-04,released,2026-10-07T22:21:56Z,,orchestrator: complete
crates/sverb-server/src/serve.rs,agent-M4-04,M4-04,released,2026-10-07T22:21:56Z,,orchestrator: complete
crates/sverb-server/src/state.rs,agent-M4-04,M4-04,released,2026-10-07T22:21:56Z,,orchestrator: complete
crates/sverb-server/src/sync/gc.rs,agent-M4-04,M4-04,released,2026-10-07T22:21:56Z,,orchestrator: complete
crates/sverb-server/src/sync/mem.rs,agent-M4-04,M4-04,released,2026-10-07T22:21:56Z,,orchestrator: complete
crates/sverb-server/src/sync/mod.rs,agent-M4-04,M4-04,released,2026-10-07T22:21:56Z,,orchestrator: complete
crates/sverb-server/src/sync/pull.rs,agent-M4-04,M4-04,released,2026-10-07T22:21:56Z,,orchestrator: complete
crates/sverb-server/src/sync/push.rs,agent-M4-04,M4-04,released,2026-10-07T22:21:56Z,,orchestrator: complete
crates/sverb-server/src/sync/quota.rs,agent-M4-04,M4-04,released,2026-10-07T22:21:56Z,,orchestrator: complete
crates/sverb-server/src/sync/vaults.rs,agent-M4-04,M4-04,released,2026-10-07T22:21:56Z,,orchestrator: complete
crates/sverb-server/tests/auth.rs,agent-M4-04,M4-04,released,2026-10-07T22:21:56Z,,orchestrator: complete
crates/sverb-server/tests/db.rs,agent-M4-04,M4-04,released,2026-10-07T22:21:56Z,,orchestrator: complete
crates/sverb-server/tests/http.rs,agent-M4-04,M4-04,released,2026-10-07T22:21:56Z,,orchestrator: complete
crates/sverb-server/tests/sync.rs,agent-M4-04,M4-04,released,2026-10-07T22:21:56Z,,orchestrator: complete
docs/self-hosting.md,agent-M4-04,M4-04,released,2026-10-07T22:21:56Z,,orchestrator: complete
migrations/server/0003_sync.sql,agent-M4-04,M4-04,released,2026-10-07T22:21:56Z,,orchestrator: complete
crates/sverb-core/src/vault/mod.rs,agent-M1-04,M1-04,locked,2026-10-07T22:22:25Z,,new vault module
crates/sverb-core/src/vault/unlock.rs,agent-M1-04,M1-04,locked,2026-10-07T22:22:25Z,,new vault module
crates/sverb-core/src/vault/lock.rs,agent-M1-04,M1-04,locked,2026-10-07T22:22:25Z,,new vault module
crates/sverb-core/src/vault/password.rs,agent-M1-04,M1-04,locked,2026-10-07T22:22:25Z,,new vault module
crates/sverb-core/src/vault/keyring.rs,agent-M1-04,M1-04,locked,2026-10-07T22:22:25Z,,new vault module
crates/sverb-term/src/emulator.rs,agent-M1-10,M1-10,modified,2026-10-07T22:23:27Z,,scheme types moved; ViewState extended
crates/sverb-term/src/modes.rs,agent-M1-11,M1-11,modified,2026-10-07T22:23:34Z,,declares input module (path attr)
crates/sverb-term/src/input/mod.rs,agent-M1-11,M1-11,modified,2026-10-07T22:23:34Z,,new: M1-11 encoder
crates/sverb-term/src/input/keys.rs,agent-M1-11,M1-11,modified,2026-10-07T22:23:34Z,,new: M1-11 encoder
crates/sverb-term/src/input/mouse.rs,agent-M1-11,M1-11,modified,2026-10-07T22:23:34Z,,new: M1-11 encoder
crates/sverb-term/src/input/paste.rs,agent-M1-11,M1-11,modified,2026-10-07T22:23:34Z,,new: M1-11 encoder
crates/sverb-term/src/color.rs,agent-M1-10,M1-10,modified,2026-10-07T22:23:40Z,,ColorDepth::Ansi16/Mono; rgb_to_ansi16
crates/sverb-core/src/lib.rs,agent-M1-04,M1-04,modified,2026-10-07T22:24:22Z,,pub mod vault
crates/sverb-core/src/vault/mod.rs,agent-M1-04,M1-04,modified,2026-10-07T22:24:22Z,,new vault module
crates/sverb-core/src/vault/unlock.rs,agent-M1-04,M1-04,modified,2026-10-07T22:24:22Z,,new vault module
crates/sverb-core/src/vault/lock.rs,agent-M1-04,M1-04,modified,2026-10-07T22:24:22Z,,new vault module
crates/sverb-core/src/vault/password.rs,agent-M1-04,M1-04,modified,2026-10-07T22:24:22Z,,new vault module
crates/sverb-core/src/vault/keyring.rs,agent-M1-04,M1-04,modified,2026-10-07T22:24:22Z,,new vault module
crates/sverb-tui/src/app/local.rs,agent-M1-12,M1-12,locked,2026-10-07T22:24:36Z,,leader t local session wiring
crates/sverb-tui/src/app/state.rs,agent-M1-12,M1-12,locked,2026-10-07T22:24:36Z,,leader t local session wiring
crates/sverb-tui/src/app/input.rs,agent-M1-12,M1-12,locked,2026-10-07T22:24:36Z,,leader t local session wiring
crates/sverb-tui/src/app/mod.rs,agent-M1-12,M1-12,locked,2026-10-07T22:24:36Z,,leader t local session wiring
crates/sverb-tui/src/app/sessions.rs,agent-M1-12,M1-12,locked,2026-10-07T22:24:36Z,,leader t local session wiring
crates/sverb-tui/src/app/effect.rs,agent-M1-12,M1-12,locked,2026-10-07T22:24:36Z,,leader t local session wiring
crates/sverb-tui/src/services/mod.rs,agent-M1-12,M1-12,locked,2026-10-07T22:24:36Z,,leader t local session wiring
crates/sverb-tui/src/services/sessions.rs,agent-M1-12,M1-12,locked,2026-10-07T22:24:37Z,,leader t local session wiring
crates/sverb-tui/src/runtime/mod.rs,agent-M1-12,M1-12,locked,2026-10-07T22:24:37Z,,leader t local session wiring
crates/sverb-tui/src/app/state.rs,agent-M1-12,M1-12,modified,2026-10-07T22:24:53Z,,IdGen::session; Tabs::exited (M1-12 blocks)
crates/sverb-tui/src/app/effect.rs,agent-M1-12,M1-12,modified,2026-10-07T22:25:04Z,,Effect::ReconnectSession
crates/sverb-tui/src/services/mod.rs,agent-M1-12,M1-12,modified,2026-10-07T22:25:04Z,,execute ReconnectSession
crates/sverb-term/src/alacritty/mod.rs,agent-M1-10,M1-10,modified,2026-10-07T22:25:13Z,,render via crate::render
crates/sverb-term/src/lib.rs,agent-M1-10,M1-10,modified,2026-10-07T22:25:13Z,,mod render/scheme + re-exports
crates/sverb-term/src/scheme/mod.rs,agent-M1-10,M1-10,modified,2026-10-07T22:25:28Z,,new (M1-10)
crates/sverb-term/src/scheme/import_alacritty.rs,agent-M1-10,M1-10,modified,2026-10-07T22:25:28Z,,new (M1-10)
crates/sverb-term/src/scheme/import_kitty.rs,agent-M1-10,M1-10,modified,2026-10-07T22:25:28Z,,new (M1-10)
crates/sverb-term/src/scheme/builtin,agent-M1-10,M1-10,modified,2026-10-07T22:25:28Z,,new (M1-10)
crates/sverb-term/src/render.rs,agent-M1-10,M1-10,modified,2026-10-07T22:25:28Z,,new (M1-10)
crates/sverb-term/benches/render.rs,agent-M1-10,M1-10,modified,2026-10-07T22:25:28Z,,new (M1-10)
crates/sverb-term/fuzz/Cargo.toml,agent-M1-11,M1-11,modified,2026-10-07T22:25:30Z,,key_encoder fuzz target
crates/sverb-term/fuzz/fuzz_targets/key_encoder.rs,agent-M1-11,M1-11,modified,2026-10-07T22:25:30Z,,new: T-16 fuzz stub
crates/sverb-tui/src/app/event.rs,agent-M1-04,M1-04,locked,2026-10-07T22:25:34Z,,vault
crates/sverb-tui/src/views/mod.rs,agent-M1-04,M1-04,locked,2026-10-07T22:25:34Z,,vault
crates/sverb-tui/src/app/vault.rs,agent-M1-04,M1-04,locked,2026-10-07T22:25:34Z,,vault
crates/sverb-tui/src/views/unlock.rs,agent-M1-04,M1-04,locked,2026-10-07T22:25:34Z,,vault
crates/sverb-conn/src/session/cmd.rs,agent-M1-11,M1-11,locked,2026-10-07T22:25:34Z,,SessionCmd::Key/Paste per-pane encoding
crates/sverb-tui/src/views/first_run.rs,agent-M1-04,M1-04,locked,2026-10-07T22:25:34Z,,vault
crates/sverb-conn/src/session/event.rs,agent-M1-11,M1-11,locked,2026-10-07T22:25:34Z,,SessionCmd::Key/Paste per-pane encoding
crates/sverb-tui/src/views/lock_overlay.rs,agent-M1-04,M1-04,locked,2026-10-07T22:25:34Z,,vault
crates/sverb-conn/src/session/actor.rs,agent-M1-11,M1-11,locked,2026-10-07T22:25:34Z,,SessionCmd::Key/Paste per-pane encoding
crates/sverb-tui/src/services/vault.rs,agent-M1-04,M1-04,locked,2026-10-07T22:25:34Z,,vault
crates/sverb-conn/src/manager.rs,agent-M1-11,M1-11,locked,2026-10-07T22:25:34Z,,SessionCmd::Key/Paste per-pane encoding
crates/sverb-tui/src/services/vault/engine.rs,agent-M1-04,M1-04,locked,2026-10-07T22:25:34Z,,vault
crates/sverb-conn/src/session/tests.rs,agent-M1-11,M1-11,locked,2026-10-07T22:25:34Z,,SessionCmd::Key/Paste per-pane encoding
crates/sverb-tui/src/services/vault/os_keyring.rs,agent-M1-04,M1-04,locked,2026-10-07T22:25:34Z,,vault
crates/sverb-tui/tests/vault.rs,agent-M1-04,M1-04,locked,2026-10-07T22:25:34Z,,vault
Cargo.toml,agent-M4-05,M4-05,locked,2026-10-07T22:25:36Z,,WS deps (tokio-tungstenite; axum ws; fastrand)
crates/sverb-server/Cargo.toml,agent-M4-05,M4-05,locked,2026-10-07T22:25:36Z,,WS deps (tokio-tungstenite; axum ws; fastrand)
crates/sverb-sync/Cargo.toml,agent-M4-05,M4-05,locked,2026-10-07T22:25:36Z,,WS deps (tokio-tungstenite; axum ws; fastrand)
crates/sverb-store/src/meta.rs,agent-M1-04,M1-04,modified,2026-10-07T22:25:39Z,,meta key DB_ID
Cargo.toml,agent-M4-05,M4-05,modified,2026-10-07T22:25:40Z,,workspace deps: tokio-tungstenite 0.29; webpki-roots; fastrand
crates/sverb-server/Cargo.toml,agent-M4-05,M4-05,modified,2026-10-07T22:25:48Z,,axum ws feature; futures; tokio-tungstenite dev-dep
crates/sverb-sync/Cargo.toml,agent-M4-05,M4-05,modified,2026-10-07T22:25:48Z,,WS client deps
crates/sverb-proto/src/lib.rs,agent-M4-05,M4-05,locked,2026-10-07T22:25:58Z,,mod ws
crates/sverb-proto/src/ws.rs,agent-M4-05,M4-05,locked,2026-10-07T22:25:58Z,,WS DTOs
crates/sverb-conn/src/manager.rs,agent-M1-11,M1-11,modified,2026-10-07T22:26:01Z,,M1-11 key/paste/clipboard plumbing
crates/sverb-conn/src/session/cmd.rs,agent-M1-11,M1-11,modified,2026-10-07T22:26:01Z,,M1-11 key/paste/clipboard plumbing
crates/sverb-conn/src/session/event.rs,agent-M1-11,M1-11,modified,2026-10-07T22:26:01Z,,M1-11 key/paste/clipboard plumbing
crates/sverb-tui/src/app/mod.rs,agent-M1-12,M1-12,modified,2026-10-07T22:26:02Z,,M1-12 local pane wiring
crates/sverb-tui/src/app/sessions.rs,agent-M1-12,M1-12,modified,2026-10-07T22:26:02Z,,M1-12 local pane wiring
crates/sverb-tui/src/app/input.rs,agent-M1-12,M1-12,modified,2026-10-07T22:26:02Z,,M1-12 local pane wiring
crates/sverb-tui/src/app/local.rs,agent-M1-12,M1-12,modified,2026-10-07T22:26:02Z,,M1-12 local pane wiring
crates/sverb-term/tests/fixtures/themes/alacritty_dracula.toml,agent-M1-10,M1-10,locked,2026-10-07T22:26:13Z,,fixture
crates/sverb-term/tests/fixtures/themes/alacritty_dracula.toml,agent-M1-10,M1-10,modified,2026-10-07T22:26:13Z,,new fixture
crates/sverb-term/tests/fixtures/themes/alacritty_dracula.yml,agent-M1-10,M1-10,locked,2026-10-07T22:26:13Z,,fixture
crates/sverb-term/tests/fixtures/themes/alacritty_dracula.yml,agent-M1-10,M1-10,modified,2026-10-07T22:26:13Z,,new fixture
crates/sverb-term/tests/fixtures/themes/kitty_nord.conf,agent-M1-10,M1-10,locked,2026-10-07T22:26:13Z,,fixture
crates/sverb-term/tests/fixtures/themes/kitty_nord.conf,agent-M1-10,M1-10,modified,2026-10-07T22:26:13Z,,new fixture
crates/sverb-term/tests/fixtures/themes,agent-M1-10,M1-10,released,2026-10-07T22:26:13Z,,locked per file instead
crates/sverb-conn/src/session/actor.rs,agent-M1-11,M1-11,modified,2026-10-07T22:26:14Z,,Key/Paste encoding + ClipboardWrite routing
crates/sverb-tui/src/services/sessions.rs,agent-M1-12,M1-12,modified,2026-10-07T22:26:23Z,,M1-12 register LocalConnector / terminal.term
crates/sverb-tui/src/runtime/mod.rs,agent-M1-12,M1-12,modified,2026-10-07T22:26:23Z,,M1-12 register LocalConnector / terminal.term
crates/sverb-proto/src/lib.rs,agent-M4-05,M4-05,modified,2026-10-07T22:26:25Z,,pub mod ws
crates/sverb-proto/src/ws.rs,agent-M4-05,M4-05,modified,2026-10-07T22:26:25Z,,WS DTOs and close codes
crates/sverb-server/src/auth/store/mod.rs,agent-M4-05,M4-05,locked,2026-10-07T22:26:31Z,,access token expiry lookup for /v1/ws
crates/sverb-server/src/auth/store/pg.rs,agent-M4-05,M4-05,locked,2026-10-07T22:26:31Z,,access token expiry lookup for /v1/ws
crates/sverb-server/src/auth/store/mem.rs,agent-M4-05,M4-05,locked,2026-10-07T22:26:31Z,,access token expiry lookup for /v1/ws
crates/sverb-conn/src/session/tests.rs,agent-M1-11,M1-11,modified,2026-10-07T22:26:35Z,,M1-11 actor encoding tests
crates/sverb-server/src/auth/store/mod.rs,agent-M4-05,M4-05,modified,2026-10-07T22:26:41Z,,access_expires_at
crates/sverb-server/src/auth/store/pg.rs,agent-M4-05,M4-05,modified,2026-10-07T22:26:41Z,,access_expires_at
crates/sverb-server/src/auth/store/mem.rs,agent-M4-05,M4-05,modified,2026-10-07T22:26:41Z,,access_expires_at
crates/sverb-term/tests/render.rs,agent-M1-10,M1-10,modified,2026-10-07T22:27:16Z,,new tests
crates/sverb-term/tests/schemes.rs,agent-M1-10,M1-10,modified,2026-10-07T22:27:16Z,,new tests
crates/sverb-term/tests/snapshots/render__vim.snap,agent-M1-10,M1-10,locked,2026-10-07T22:27:16Z,,T-01 snapshot
crates/sverb-term/tests/snapshots/render__htop.snap,agent-M1-10,M1-10,locked,2026-10-07T22:27:16Z,,T-01 snapshot
crates/sverb-term/tests/snapshots/render__less_man.snap,agent-M1-10,M1-10,locked,2026-10-07T22:27:16Z,,T-01 snapshot
crates/sverb-tui/src/app/input/remote_io.rs,agent-M1-11,M1-11,locked,2026-10-07T22:27:29Z,,M1-11 input encoding wiring
crates/sverb-tui/src/views/dialogs.rs,agent-M1-11,M1-11,locked,2026-10-07T22:27:29Z,,M1-11 input encoding wiring
crates/sverb-tui/src/services/clipboard.rs,agent-M1-11,M1-11,locked,2026-10-07T22:27:29Z,,M1-11 input encoding wiring
crates/sverb-tui/src/runtime/terminal.rs,agent-M1-11,M1-11,locked,2026-10-07T22:27:29Z,,M1-11 input encoding wiring
crates/sverb-tui/src/keymap/tests.rs,agent-M1-11,M1-11,locked,2026-10-07T22:27:29Z,,M1-11 input encoding wiring
crates/sverb-server/src/ws/mod.rs,agent-M4-05,M4-05,locked,2026-10-07T22:27:30Z,,new WS module
crates/sverb-server/src/ws/bus.rs,agent-M4-05,M4-05,locked,2026-10-07T22:27:30Z,,new WS module
crates/sverb-server/src/ws/hub.rs,agent-M4-05,M4-05,locked,2026-10-07T22:27:30Z,,new WS module
crates/sverb-server/src/ws/pg_notify.rs,agent-M4-05,M4-05,locked,2026-10-07T22:27:30Z,,new WS module
crates/sverb-server/src/ws/session.rs,agent-M4-05,M4-05,locked,2026-10-07T22:27:30Z,,new WS module
crates/sverb-term/tests/snapshots/render__vim.snap,agent-M1-10,M1-10,modified,2026-10-07T22:27:33Z,,T-01 snapshot
crates/sverb-term/tests/snapshots/render__htop.snap,agent-M1-10,M1-10,modified,2026-10-07T22:27:33Z,,T-01 snapshot
crates/sverb-term/tests/snapshots/render__less_man.snap,agent-M1-10,M1-10,modified,2026-10-07T22:27:33Z,,T-01 snapshot
crates/sverb-tui/src/keymap/chord.rs,agent-M1-11,M1-11,locked,2026-10-07T22:27:52Z,,KeyChord -> KeyInput conversion
crates/sverb-tui/src/keymap/chord.rs,agent-M1-11,M1-11,modified,2026-10-07T22:28:01Z,,KeyChord::to_key_input
crates/sverb-tui/src/keymap/tests.rs,agent-M1-11,M1-11,modified,2026-10-07T22:28:22Z,,K-02 uses the real M1-11 encoder
crates/sverb-tui/src/runtime/terminal.rs,agent-M1-11,M1-11,modified,2026-10-07T22:28:57Z,,kitty keyboard negotiation (SVERB_KITTY_FLAGS)
crates/sverb-tui/src/views/dialogs.rs,agent-M1-11,M1-11,modified,2026-10-07T22:29:20Z,,ConfirmPaste + RemoteClipboard dialogs
crates/sverb-conn/src/session/sender.rs,agent-M1-11,M1-11,locked,2026-10-07T22:29:44Z,,keys/pastes share the never-drop input queue
crates/sverb-conn/src/session/sender.rs,agent-M1-11,M1-11,modified,2026-10-07T22:29:44Z,,Key/Paste go through the ordered never-drop overflow
crates/sverb-server/src/lib.rs,agent-M4-05,M4-05,locked,2026-10-07T22:29:47Z,,wire /v1/ws
crates/sverb-server/src/state.rs,agent-M4-05,M4-05,locked,2026-10-07T22:29:47Z,,wire /v1/ws
crates/sverb-server/src/routes/mod.rs,agent-M4-05,M4-05,locked,2026-10-07T22:29:47Z,,wire /v1/ws
crates/sverb-server/src/metrics.rs,agent-M4-05,M4-05,locked,2026-10-07T22:29:47Z,,wire /v1/ws
crates/sverb-server/src/serve.rs,agent-M4-05,M4-05,locked,2026-10-07T22:29:47Z,,wire /v1/ws
crates/sverb-server/src/routes/devices.rs,agent-M4-05,M4-05,locked,2026-10-07T22:29:47Z,,wire /v1/ws
crates/sverb-server/src/routes/account.rs,agent-M4-05,M4-05,locked,2026-10-07T22:29:47Z,,wire /v1/ws
crates/sverb-server/src/admin/user.rs,agent-M4-05,M4-05,locked,2026-10-07T22:29:47Z,,wire /v1/ws
crates/sverb-server/src/lib.rs,agent-M4-05,M4-05,modified,2026-10-07T22:30:08Z,,M4-05 ws wiring
crates/sverb-server/src/state.rs,agent-M4-05,M4-05,modified,2026-10-07T22:30:08Z,,M4-05 ws wiring
crates/sverb-server/src/routes/mod.rs,agent-M4-05,M4-05,modified,2026-10-07T22:30:08Z,,M4-05 ws wiring
crates/sverb-server/src/metrics.rs,agent-M4-05,M4-05,modified,2026-10-07T22:30:08Z,,M4-05 ws wiring
crates/sverb-server/src/serve.rs,agent-M4-05,M4-05,modified,2026-10-07T22:30:08Z,,M4-05 ws wiring
crates/sverb-server/src/routes/devices.rs,agent-M4-05,M4-05,modified,2026-10-07T22:30:08Z,,M4-05 ws wiring
crates/sverb-server/src/routes/account.rs,agent-M4-05,M4-05,modified,2026-10-07T22:30:08Z,,M4-05 ws wiring
crates/sverb-server/src/admin/user.rs,agent-M4-05,M4-05,modified,2026-10-07T22:30:08Z,,M4-05 ws wiring
crates/sverb-server/src/ws/mod.rs,agent-M4-05,M4-05,modified,2026-10-07T22:30:08Z,,new WS module
crates/sverb-server/src/ws/bus.rs,agent-M4-05,M4-05,modified,2026-10-07T22:30:08Z,,new WS module
crates/sverb-server/src/ws/hub.rs,agent-M4-05,M4-05,modified,2026-10-07T22:30:08Z,,new WS module
crates/sverb-server/src/ws/pg_notify.rs,agent-M4-05,M4-05,modified,2026-10-07T22:30:08Z,,new WS module
crates/sverb-server/src/ws/session.rs,agent-M4-05,M4-05,modified,2026-10-07T22:30:08Z,,new WS module
crates/sverb-tui/src/views/mod.rs,agent-M1-04,M1-04,modified,2026-10-07T22:30:33Z,,M1-04 vault views
crates/sverb-tui/src/views/unlock.rs,agent-M1-04,M1-04,modified,2026-10-07T22:30:33Z,,M1-04 vault views
crates/sverb-tui/src/views/first_run.rs,agent-M1-04,M1-04,modified,2026-10-07T22:30:33Z,,M1-04 vault views
crates/sverb-tui/src/views/lock_overlay.rs,agent-M1-04,M1-04,modified,2026-10-07T22:30:33Z,,M1-04 vault views
crates/sverb-server/tests/ws.rs,agent-M4-05,M4-05,locked,2026-10-07T22:31:54Z,,WS tests
README.md,agent-M1-12,M1-12,locked,2026-10-07T22:31:59Z,,document SVERB_PANE
README.md,agent-M1-12,M1-12,modified,2026-10-07T22:31:59Z,,document local shell env / SVERB_PANE
crates/sverb-conn/Cargo.toml,agent-M1-12,M1-12,released,2026-10-07T22:32:45Z,,orchestrator: complete
crates/sverb-conn/src/lib.rs,agent-M1-12,M1-12,released,2026-10-07T22:32:45Z,,orchestrator: complete
crates/sverb-conn/src/local.rs,agent-M1-12,M1-12,released,2026-10-07T22:32:45Z,,orchestrator: complete
crates/sverb-conn/tests/local_pty.rs,agent-M1-12,M1-12,released,2026-10-07T22:32:45Z,,orchestrator: complete
crates/sverb-tui/src/app/effect.rs,agent-M1-12,M1-12,released,2026-10-07T22:32:45Z,,orchestrator: complete
crates/sverb-tui/src/app/input.rs,agent-M1-12,M1-12,released,2026-10-07T22:32:45Z,,orchestrator: complete
crates/sverb-tui/src/app/local.rs,agent-M1-12,M1-12,released,2026-10-07T22:32:45Z,,orchestrator: complete
crates/sverb-tui/src/app/mod.rs,agent-M1-12,M1-12,released,2026-10-07T22:32:45Z,,orchestrator: complete
crates/sverb-tui/src/app/sessions.rs,agent-M1-12,M1-12,released,2026-10-07T22:32:45Z,,orchestrator: complete
crates/sverb-tui/src/app/state.rs,agent-M1-12,M1-12,released,2026-10-07T22:32:45Z,,orchestrator: complete
crates/sverb-tui/src/runtime/mod.rs,agent-M1-12,M1-12,released,2026-10-07T22:32:45Z,,orchestrator: complete
crates/sverb-tui/src/services/mod.rs,agent-M1-12,M1-12,released,2026-10-07T22:32:45Z,,orchestrator: complete
crates/sverb-tui/src/services/sessions.rs,agent-M1-12,M1-12,released,2026-10-07T22:32:45Z,,orchestrator: complete
README.md,agent-M1-12,M1-12,released,2026-10-07T22:32:45Z,,orchestrator: complete
crates/sverb-tui/src/app/effect.rs,agent-M1-11,M1-11,copy,2026-10-07T22:33:10Z,.merge/agent-M1-11/crates/sverb-tui/src/app/effect.rs,Effect::CopyToClipboard + SessionInput::PasteUnchecked
crates/sverb-tui/src/app/input.rs,agent-M1-11,M1-11,copy,2026-10-07T22:33:10Z,.merge/agent-M1-11/crates/sverb-tui/src/app/input.rs,mod remote_io; dialog key hook; paste confirm flag; allow-list field
crates/sverb-tui/src/app/sessions.rs,agent-M1-11,M1-11,copy,2026-10-07T22:33:10Z,.merge/agent-M1-11/crates/sverb-tui/src/app/sessions.rs,ClipboardWrite/PasteConfirm arms
crates/sverb-tui/src/services/mod.rs,agent-M1-11,M1-11,copy,2026-10-07T22:33:10Z,.merge/agent-M1-11/crates/sverb-tui/src/services/mod.rs,clipboard module + CopyToClipboard arm
crates/sverb-tui/src/services/sessions.rs,agent-M1-11,M1-11,copy,2026-10-07T22:33:10Z,.merge/agent-M1-11/crates/sverb-tui/src/services/sessions.rs,legacy encoder replaced by SessionCmd::Key/Paste
crates/sverb-tui/src/runtime/mod.rs,agent-M1-11,M1-11,copy,2026-10-07T22:33:10Z,.merge/agent-M1-11/crates/sverb-tui/src/runtime/mod.rs,kitty negotiation + clipboard service
crates/sverb-tui/Cargo.toml,agent-M1-11,M1-11,copy,2026-10-07T22:33:10Z,.merge/agent-M1-11/crates/sverb-tui/Cargo.toml,base64 dep
crates/sverb-tui/src/app/input/remote_io.rs,agent-M1-11,M1-11,copy,2026-10-07T22:33:10Z,.merge/agent-M1-11/crates/sverb-tui/src/app/input/remote_io.rs,new (copy only: needs input.rs/effect.rs copies)
crates/sverb-tui/src/services/clipboard.rs,agent-M1-11,M1-11,copy,2026-10-07T22:33:10Z,.merge/agent-M1-11/crates/sverb-tui/src/services/clipboard.rs,new (copy only: needs base64 + services/mod.rs copy)
crates/sverb-term/src/lib.rs,agent-M1-11,M1-11,copy,2026-10-07T22:33:17Z,.merge/agent-M1-11/crates/sverb-term/src/lib.rs,re-export modes::input as sverb_term::input
crates/sverb-server/tests/ws.rs,agent-M4-05,M4-05,modified,2026-10-07T22:33:22Z,,WS tests T-01..T-08
crates/sverb-tui/src/theme/mod.rs,agent-M1-10,M1-10,locked,2026-10-07T22:34:00Z,,M1-10 pane/schemes
crates/sverb-tui/src/widgets/mod.rs,agent-M1-10,M1-10,locked,2026-10-07T22:34:00Z,,M1-10 pane/schemes
crates/sverb-tui/src/widgets/terminal_pane.rs,agent-M1-10,M1-10,locked,2026-10-07T22:34:00Z,,M1-10 pane/schemes
crates/sverb-tui/src/app/mod.rs,agent-M1-10,M1-10,locked,2026-10-07T22:34:00Z,,M1-10 pane/schemes
crates/sverb-tui/src/app/shell.rs,agent-M1-10,M1-10,locked,2026-10-07T22:34:00Z,,M1-10 pane/schemes
docs/themes.md,agent-M1-10,M1-10,locked,2026-10-07T22:34:00Z,,M1-10 pane/schemes
crates/sverb-tui/src/widgets/terminal_pane.rs,agent-M1-10,M1-10,modified,2026-10-07T22:35:35Z,,M1-10 terminal pane / scheme catalog
crates/sverb-tui/src/widgets/mod.rs,agent-M1-10,M1-10,modified,2026-10-07T22:35:35Z,,M1-10 terminal pane / scheme catalog
crates/sverb-tui/src/theme/mod.rs,agent-M1-10,M1-10,modified,2026-10-07T22:35:35Z,,M1-10 terminal pane / scheme catalog
crates/sverb-tui/src/app/panes.rs,agent-M1-10,M1-10,locked,2026-10-07T22:36:08Z,,pane state in the reducer
crates/sverb/tests/kitty_keyboard.rs,agent-M1-11,M1-11,locked,2026-10-07T22:36:15Z,,T-15 PTY test
crates/sverb/tests/kitty_keyboard.rs,agent-M1-11,M1-11,copy,2026-10-07T22:36:15Z,.merge/agent-M1-11/crates/sverb/tests/kitty_keyboard.rs,new T-15 PTY test (needs runtime/mod.rs copy)
crates/sverb-tui/src/app/mod.rs,agent-M1-10,M1-10,modified,2026-10-07T22:36:56Z,,M1-10 pane rendering
crates/sverb-tui/src/app/shell.rs,agent-M1-10,M1-10,modified,2026-10-07T22:36:56Z,,M1-10 pane rendering
crates/sverb-tui/src/app/panes.rs,agent-M1-10,M1-10,modified,2026-10-07T22:36:56Z,,M1-10 pane rendering
crates/sverb-sync/src/lib.rs,agent-M4-05,M4-05,locked,2026-10-07T22:37:01Z,,mod ws
crates/sverb-sync/src/ws.rs,agent-M4-05,M4-05,locked,2026-10-07T22:37:01Z,,WS client
crates/sverb-sync/tests/ws.rs,agent-M4-05,M4-05,locked,2026-10-07T22:37:01Z,,WS client tests
crates/sverb/src/main.rs,agent-M1-10,M1-10,locked,2026-10-07T22:38:13Z,,publish user schemes before config validation
crates/sverb-sync/src/lib.rs,agent-M4-05,M4-05,modified,2026-10-07T22:38:15Z,,pub mod ws
crates/sverb-sync/src/ws.rs,agent-M4-05,M4-05,modified,2026-10-07T22:38:15Z,,WS client
crates/sverb/src/main.rs,agent-M1-10,M1-10,modified,2026-10-07T22:38:19Z,,load+publish user color schemes before Config::load
crates/sverb-sync/tests/ws.rs,agent-M4-05,M4-05,modified,2026-10-07T22:39:34Z,,WS client tests
crates/sverb-conn/src/manager.rs,agent-M1-11,M1-11,released,2026-10-07T22:40:40Z,,orchestrator: complete
crates/sverb-conn/src/session/actor.rs,agent-M1-11,M1-11,released,2026-10-07T22:40:40Z,,orchestrator: complete
crates/sverb-conn/src/session/cmd.rs,agent-M1-11,M1-11,released,2026-10-07T22:40:40Z,,orchestrator: complete
crates/sverb-conn/src/session/event.rs,agent-M1-11,M1-11,released,2026-10-07T22:40:40Z,,orchestrator: complete
crates/sverb-conn/src/session/sender.rs,agent-M1-11,M1-11,released,2026-10-07T22:40:41Z,,orchestrator: complete
crates/sverb-conn/src/session/tests.rs,agent-M1-11,M1-11,released,2026-10-07T22:40:41Z,,orchestrator: complete
crates/sverb-term/fuzz/Cargo.toml,agent-M1-11,M1-11,released,2026-10-07T22:40:41Z,,orchestrator: complete
crates/sverb-term/fuzz/fuzz_targets/key_encoder.rs,agent-M1-11,M1-11,released,2026-10-07T22:40:41Z,,orchestrator: complete
crates/sverb-term/src/input/keys.rs,agent-M1-11,M1-11,released,2026-10-07T22:40:41Z,,orchestrator: complete
crates/sverb-term/src/input/mod.rs,agent-M1-11,M1-11,released,2026-10-07T22:40:41Z,,orchestrator: complete
crates/sverb-term/src/input/mouse.rs,agent-M1-11,M1-11,released,2026-10-07T22:40:41Z,,orchestrator: complete
crates/sverb-term/src/input/paste.rs,agent-M1-11,M1-11,released,2026-10-07T22:40:41Z,,orchestrator: complete
crates/sverb-term/src/modes.rs,agent-M1-11,M1-11,released,2026-10-07T22:40:41Z,,orchestrator: complete
crates/sverb-tui/src/keymap/chord.rs,agent-M1-11,M1-11,released,2026-10-07T22:40:41Z,,orchestrator: complete
crates/sverb-tui/src/keymap/tests.rs,agent-M1-11,M1-11,released,2026-10-07T22:40:41Z,,orchestrator: complete
crates/sverb-tui/src/runtime/terminal.rs,agent-M1-11,M1-11,released,2026-10-07T22:40:41Z,,orchestrator: complete
crates/sverb-tui/src/views/dialogs.rs,agent-M1-11,M1-11,released,2026-10-07T22:40:41Z,,orchestrator: complete
crates/sverb/src/cli/vault.rs,agent-M1-04,M1-04,locked,2026-10-07T22:40:57Z,,vault CLI
crates/sverb/src/cli/mod.rs,agent-M1-04,M1-04,locked,2026-10-07T22:40:58Z,,vault CLI
crates/sverb/src/cli/tests.rs,agent-M1-04,M1-04,locked,2026-10-07T22:40:58Z,,vault CLI
crates/sverb/Cargo.toml,agent-M1-04,M1-04,locked,2026-10-07T22:40:58Z,,vault CLI
crates/sverb/tests/common/mod.rs,agent-M1-04,M1-04,locked,2026-10-07T22:40:58Z,,vault CLI
crates/sverb/tests/shell.rs,agent-M1-04,M1-04,locked,2026-10-07T22:40:58Z,,vault CLI
crates/sverb/tests/event_loop.rs,agent-M1-04,M1-04,locked,2026-10-07T22:40:58Z,,vault CLI
crates/sverb/tests/vault.rs,agent-M1-04,M1-04,locked,2026-10-07T22:40:58Z,,vault CLI
crates/sverb-tui/Cargo.toml,agent-M1-04,M1-04,modified,2026-10-07T22:41:04Z,,keyring+zeroize deps; suspend-detect feature; base64 line for M1-11 (orchestrator request)
crates/sverb/Cargo.toml,agent-M1-04,M1-04,modified,2026-10-07T22:41:50Z,,zeroize dependency
docs/themes.md,agent-M1-10,M1-10,modified,2026-10-07T22:41:51Z,,new: scheme docs
crates/sverb-tui/src/runtime/mod.rs,agent-M1-10,M1-10,copy,2026-10-07T22:43:02Z,.merge/agent-M1-10/crates/sverb-tui/src/runtime/mod.rs,draw with session registry; DECSCUSR passthrough; load schemes
Cargo.toml,agent-M4-05,M4-05,released,2026-10-07T22:43:09Z,,orchestrator: complete
crates/sverb-proto/src/lib.rs,agent-M4-05,M4-05,released,2026-10-07T22:43:09Z,,orchestrator: complete
crates/sverb-proto/src/ws.rs,agent-M4-05,M4-05,released,2026-10-07T22:43:09Z,,orchestrator: complete
crates/sverb-server/Cargo.toml,agent-M4-05,M4-05,released,2026-10-07T22:43:09Z,,orchestrator: complete
crates/sverb-server/src/admin/user.rs,agent-M4-05,M4-05,released,2026-10-07T22:43:09Z,,orchestrator: complete
crates/sverb-server/src/auth/store/mem.rs,agent-M4-05,M4-05,released,2026-10-07T22:43:09Z,,orchestrator: complete
crates/sverb-server/src/auth/store/mod.rs,agent-M4-05,M4-05,released,2026-10-07T22:43:09Z,,orchestrator: complete
crates/sverb-server/src/auth/store/pg.rs,agent-M4-05,M4-05,released,2026-10-07T22:43:09Z,,orchestrator: complete
crates/sverb-server/src/lib.rs,agent-M4-05,M4-05,released,2026-10-07T22:43:09Z,,orchestrator: complete
crates/sverb-server/src/metrics.rs,agent-M4-05,M4-05,released,2026-10-07T22:43:09Z,,orchestrator: complete
crates/sverb-server/src/routes/account.rs,agent-M4-05,M4-05,released,2026-10-07T22:43:09Z,,orchestrator: complete
crates/sverb-server/src/routes/devices.rs,agent-M4-05,M4-05,released,2026-10-07T22:43:09Z,,orchestrator: complete
crates/sverb-server/src/routes/mod.rs,agent-M4-05,M4-05,released,2026-10-07T22:43:10Z,,orchestrator: complete
crates/sverb-server/src/serve.rs,agent-M4-05,M4-05,released,2026-10-07T22:43:10Z,,orchestrator: complete
crates/sverb-server/src/state.rs,agent-M4-05,M4-05,released,2026-10-07T22:43:10Z,,orchestrator: complete
crates/sverb-server/src/ws/bus.rs,agent-M4-05,M4-05,released,2026-10-07T22:43:10Z,,orchestrator: complete
crates/sverb-server/src/ws/hub.rs,agent-M4-05,M4-05,released,2026-10-07T22:43:10Z,,orchestrator: complete
crates/sverb-server/src/ws/mod.rs,agent-M4-05,M4-05,released,2026-10-07T22:43:10Z,,orchestrator: complete
crates/sverb-server/src/ws/pg_notify.rs,agent-M4-05,M4-05,released,2026-10-07T22:43:10Z,,orchestrator: complete
crates/sverb-server/src/ws/session.rs,agent-M4-05,M4-05,released,2026-10-07T22:43:10Z,,orchestrator: complete
crates/sverb-server/tests/ws.rs,agent-M4-05,M4-05,released,2026-10-07T22:43:10Z,,orchestrator: complete
crates/sverb-sync/Cargo.toml,agent-M4-05,M4-05,released,2026-10-07T22:43:10Z,,orchestrator: complete
crates/sverb-sync/src/lib.rs,agent-M4-05,M4-05,released,2026-10-07T22:43:10Z,,orchestrator: complete
crates/sverb-sync/src/ws.rs,agent-M4-05,M4-05,released,2026-10-07T22:43:10Z,,orchestrator: complete
crates/sverb-sync/tests/ws.rs,agent-M4-05,M4-05,released,2026-10-07T22:43:10Z,,orchestrator: complete
scripts/check-layering.py,orchestrator,FIX-LAYERING,locked,2026-10-07T22:43:19Z,,allow conn->term
scripts/check-layering.py,orchestrator,FIX-LAYERING,released,2026-10-07T22:43:20Z,,conn may depend on term
crates/sverb-term/src/lib.rs,agent-M1-11,M1-11,released,2026-10-07T22:43:27Z,,orchestrator merging
crates/sverb/tests/kitty_keyboard.rs,agent-M1-11,M1-11,released,2026-10-07T22:43:27Z,,orchestrator merging
crates/sverb-tui/Cargo.toml,agent-M1-11,M1-11,released,2026-10-07T22:43:27Z,,orchestrator merging
crates/sverb-tui/src/app/effect.rs,agent-M1-11,M1-11,released,2026-10-07T22:43:27Z,,orchestrator merging
crates/sverb-tui/src/app/input/remote_io.rs,agent-M1-11,M1-11,released,2026-10-07T22:43:27Z,,orchestrator merging
crates/sverb-tui/src/app/input.rs,agent-M1-11,M1-11,released,2026-10-07T22:43:27Z,,orchestrator merging
crates/sverb-tui/src/app/sessions.rs,agent-M1-11,M1-11,released,2026-10-07T22:43:27Z,,orchestrator merging
crates/sverb-tui/src/runtime/mod.rs,agent-M1-11,M1-11,released,2026-10-07T22:43:27Z,,orchestrator merging
crates/sverb-tui/src/services/clipboard.rs,agent-M1-11,M1-11,released,2026-10-07T22:43:27Z,,orchestrator merging
crates/sverb-tui/src/services/mod.rs,agent-M1-11,M1-11,released,2026-10-07T22:43:27Z,,orchestrator merging
crates/sverb-tui/src/services/sessions.rs,agent-M1-11,M1-11,released,2026-10-07T22:43:27Z,,orchestrator merging
crates/sverb-tui/src/app/effect.rs,orchestrator,MERGE-M1-11,locked,2026-10-07T22:43:27Z,,merge
crates/sverb-tui/src/app/input.rs,orchestrator,MERGE-M1-11,locked,2026-10-07T22:43:27Z,,merge
crates/sverb-tui/src/app/sessions.rs,orchestrator,MERGE-M1-11,locked,2026-10-07T22:43:27Z,,merge
crates/sverb-tui/src/services/mod.rs,orchestrator,MERGE-M1-11,locked,2026-10-07T22:43:27Z,,merge
crates/sverb-tui/src/services/sessions.rs,orchestrator,MERGE-M1-11,locked,2026-10-07T22:43:27Z,,merge
crates/sverb/tests/kitty_keyboard.rs,orchestrator,MERGE-M1-11,locked,2026-10-07T22:43:27Z,,merge
crates/sverb-tui/src/services/clipboard.rs,orchestrator,MERGE-M1-11,locked,2026-10-07T22:43:27Z,,merge
crates/sverb-tui/src/app/input/remote_io.rs,orchestrator,MERGE-M1-11,locked,2026-10-07T22:43:27Z,,merge
crates/sverb/src/main.rs,agent-M1-10,M1-10,released,2026-10-07T22:44:59Z,,orchestrator: complete/merging
crates/sverb-term/benches/render.rs,agent-M1-10,M1-10,released,2026-10-07T22:44:59Z,,orchestrator: complete/merging
crates/sverb-term/Cargo.toml,agent-M1-10,M1-10,released,2026-10-07T22:44:59Z,,orchestrator: complete/merging
crates/sverb-term/src/alacritty/mod.rs,agent-M1-10,M1-10,released,2026-10-07T22:44:59Z,,orchestrator: complete/merging
crates/sverb-term/src/color.rs,agent-M1-10,M1-10,released,2026-10-07T22:44:59Z,,orchestrator: complete/merging
crates/sverb-term/src/emulator.rs,agent-M1-10,M1-10,released,2026-10-07T22:44:59Z,,orchestrator: complete/merging
crates/sverb-term/src/lib.rs,agent-M1-10,M1-10,released,2026-10-07T22:45:00Z,,orchestrator: complete/merging
crates/sverb-term/src/render.rs,agent-M1-10,M1-10,released,2026-10-07T22:45:00Z,,orchestrator: complete/merging
crates/sverb-term/src/scheme/builtin,agent-M1-10,M1-10,released,2026-10-07T22:45:00Z,,orchestrator: complete/merging
crates/sverb-term/src/scheme/import_alacritty.rs,agent-M1-10,M1-10,released,2026-10-07T22:45:00Z,,orchestrator: complete/merging
crates/sverb-term/src/scheme/import_kitty.rs,agent-M1-10,M1-10,released,2026-10-07T22:45:00Z,,orchestrator: complete/merging
crates/sverb-term/src/scheme/mod.rs,agent-M1-10,M1-10,released,2026-10-07T22:45:00Z,,orchestrator: complete/merging
crates/sverb-term/tests/fixtures/themes/alacritty_dracula.toml,agent-M1-10,M1-10,released,2026-10-07T22:45:00Z,,orchestrator: complete/merging
crates/sverb-term/tests/fixtures/themes/alacritty_dracula.yml,agent-M1-10,M1-10,released,2026-10-07T22:45:00Z,,orchestrator: complete/merging
crates/sverb-term/tests/fixtures/themes/kitty_nord.conf,agent-M1-10,M1-10,released,2026-10-07T22:45:00Z,,orchestrator: complete/merging
crates/sverb-term/tests/render.rs,agent-M1-10,M1-10,released,2026-10-07T22:45:00Z,,orchestrator: complete/merging
crates/sverb-term/tests/schemes.rs,agent-M1-10,M1-10,released,2026-10-07T22:45:00Z,,orchestrator: complete/merging
crates/sverb-term/tests/snapshots/render__htop.snap,agent-M1-10,M1-10,released,2026-10-07T22:45:00Z,,orchestrator: complete/merging
crates/sverb-term/tests/snapshots/render__less_man.snap,agent-M1-10,M1-10,released,2026-10-07T22:45:00Z,,orchestrator: complete/merging
crates/sverb-term/tests/snapshots/render__vim.snap,agent-M1-10,M1-10,released,2026-10-07T22:45:00Z,,orchestrator: complete/merging
crates/sverb-tui/src/app/mod.rs,agent-M1-10,M1-10,released,2026-10-07T22:45:00Z,,orchestrator: complete/merging
crates/sverb-tui/src/app/panes.rs,agent-M1-10,M1-10,released,2026-10-07T22:45:00Z,,orchestrator: complete/merging
crates/sverb-tui/src/app/shell.rs,agent-M1-10,M1-10,released,2026-10-07T22:45:00Z,,orchestrator: complete/merging
crates/sverb-tui/src/runtime/mod.rs,agent-M1-10,M1-10,released,2026-10-07T22:45:00Z,,orchestrator: complete/merging
crates/sverb-tui/src/theme/mod.rs,agent-M1-10,M1-10,released,2026-10-07T22:45:00Z,,orchestrator: complete/merging
crates/sverb-tui/src/widgets/mod.rs,agent-M1-10,M1-10,released,2026-10-07T22:45:00Z,,orchestrator: complete/merging
crates/sverb-tui/src/widgets/terminal_pane.rs,agent-M1-10,M1-10,released,2026-10-07T22:45:00Z,,orchestrator: complete/merging
docs/themes.md,agent-M1-10,M1-10,released,2026-10-07T22:45:00Z,,orchestrator: complete/merging
crates/sverb-tui/src/runtime/mod.rs,orchestrator,MERGE-M1-10,locked,2026-10-07T22:45:00Z,,merge
crates/sverb/tests/kitty_keyboard.rs,orchestrator,MERGE,released,2026-10-07T22:45:47Z,,merged; tests green
crates/sverb-tui/src/app/effect.rs,orchestrator,MERGE,released,2026-10-07T22:45:47Z,,merged; tests green
crates/sverb-tui/src/app/input/remote_io.rs,orchestrator,MERGE,released,2026-10-07T22:45:47Z,,merged; tests green
crates/sverb-tui/src/app/input.rs,orchestrator,MERGE,released,2026-10-07T22:45:47Z,,merged; tests green
crates/sverb-tui/src/app/sessions.rs,orchestrator,MERGE,released,2026-10-07T22:45:47Z,,merged; tests green
crates/sverb-tui/src/runtime/mod.rs,orchestrator,MERGE,released,2026-10-07T22:45:47Z,,merged; tests green
crates/sverb-tui/src/services/clipboard.rs,orchestrator,MERGE,released,2026-10-07T22:45:47Z,,merged; tests green
crates/sverb-tui/src/services/mod.rs,orchestrator,MERGE,released,2026-10-07T22:45:47Z,,merged; tests green
crates/sverb-tui/src/services/sessions.rs,orchestrator,MERGE,released,2026-10-07T22:45:47Z,,merged; tests green
crates/sverb-proto/src/share.rs,agent-M6-01,M6-01,locked,2026-10-07T22:48:03Z,,share relay DTOs
crates/sverb-proto/src/lib.rs,agent-M6-01,M6-01,locked,2026-10-07T22:48:03Z,,share relay DTOs
crates/sverb-proto/src/lib.rs,agent-M6-01,M6-01,modified,2026-10-07T22:49:12Z,,add mod share
crates/sverb-proto/src/share.rs,agent-M6-01,M6-01,modified,2026-10-07T22:49:12Z,,new: relay envelope + share control msgs
crates/sverb-server/src/share/mod.rs,agent-M6-01,M6-01,locked,2026-10-07T22:50:26Z,,share relay
crates/sverb-server/src/share/sessions.rs,agent-M6-01,M6-01,locked,2026-10-07T22:50:26Z,,share relay
crates/sverb-server/src/share/relay.rs,agent-M6-01,M6-01,locked,2026-10-07T22:50:26Z,,share relay
crates/sverb-server/src/share/routes.rs,agent-M6-01,M6-01,locked,2026-10-07T22:50:26Z,,share relay
migrations/server/0004_share.sql,agent-M6-01,M6-01,locked,2026-10-07T22:50:26Z,,share relay
crates/sverb-server/src/db.rs,agent-M6-01,M6-01,locked,2026-10-07T22:50:26Z,,share relay
crates/sverb-server/src/lib.rs,agent-M6-01,M6-01,locked,2026-10-07T22:50:26Z,,share relay
crates/sverb-server/src/state.rs,agent-M6-01,M6-01,locked,2026-10-07T22:50:26Z,,share relay
crates/sverb-server/src/routes/mod.rs,agent-M6-01,M6-01,locked,2026-10-07T22:50:26Z,,share relay
crates/sverb-server/src/metrics.rs,agent-M6-01,M6-01,locked,2026-10-07T22:50:26Z,,share relay
crates/sverb-server/tests/share.rs,agent-M6-01,M6-01,locked,2026-10-07T22:50:26Z,,share relay
crates/sverb-server/tests/db.rs,agent-M6-01,M6-01,locked,2026-10-07T22:50:26Z,,share relay
migrations/server/0004_share.sql,agent-M6-01,M6-01,modified,2026-10-07T22:50:32Z,,migration 0004 share require_account
crates/sverb-server/src/db.rs,agent-M6-01,M6-01,modified,2026-10-07T22:50:32Z,,migration 0004 share require_account
crates/sverb-server/tests/db.rs,agent-M6-01,M6-01,modified,2026-10-07T22:50:32Z,,migration 0004 share require_account
crates/sverb-server/src/lib.rs,agent-M6-01,M6-01,modified,2026-10-07T22:54:54Z,,share relay wiring/impl
crates/sverb-server/src/state.rs,agent-M6-01,M6-01,modified,2026-10-07T22:54:54Z,,share relay wiring/impl
crates/sverb-server/src/routes/mod.rs,agent-M6-01,M6-01,modified,2026-10-07T22:54:54Z,,share relay wiring/impl
crates/sverb-server/src/metrics.rs,agent-M6-01,M6-01,modified,2026-10-07T22:54:54Z,,share relay wiring/impl
crates/sverb-server/src/share/mod.rs,agent-M6-01,M6-01,modified,2026-10-07T22:54:54Z,,share relay wiring/impl
crates/sverb-server/src/share/sessions.rs,agent-M6-01,M6-01,modified,2026-10-07T22:54:54Z,,share relay wiring/impl
crates/sverb-server/src/share/relay.rs,agent-M6-01,M6-01,modified,2026-10-07T22:54:54Z,,share relay wiring/impl
crates/sverb-server/src/share/routes.rs,agent-M6-01,M6-01,modified,2026-10-07T22:54:54Z,,share relay wiring/impl
crates/sverb/tests/kitty_keyboard.rs,agent-M1-04,M1-04,locked,2026-10-07T22:56:52Z,,unlock before typing (TUI starts locked)
crates/sverb-server/tests/share.rs,agent-M6-01,M6-01,modified,2026-10-07T22:58:20Z,,new: share relay tests
crates/sverb-tui/src/app/vault/tests.rs,agent-M1-04,M1-04,locked,2026-10-07T23:00:42Z,,new vault reducer tests
crates/sverb-tui/src/app/vault/snapshots/sverb_tui__app__vault__tests__t11_lock_overlay_80x24.snap,agent-M1-04,M1-04,locked,2026-10-07T23:00:42Z,,new vault reducer tests
crates/sverb-tui/src/app/vault/snapshots/sverb_tui__app__vault__tests__first_run_80x24.snap,agent-M1-04,M1-04,locked,2026-10-07T23:00:42Z,,new vault reducer tests
crates/sverb-tui/src/app/effect.rs,agent-M1-04,M1-04,copy,2026-10-07T23:00:42Z,.merge/agent-M1-04/crates/sverb-tui/src/app/effect.rs,Effect::Vault(VaultEffect) variant
crates/sverb-tui/src/app/event.rs,agent-M1-04,M1-04,copy,2026-10-07T23:00:42Z,.merge/agent-M1-04/crates/sverb-tui/src/app/event.rs,UiEvent::Vault + TimerKind::UnlockCountdown
crates/sverb-tui/src/app/mod.rs,agent-M1-04,M1-04,copy,2026-10-07T23:00:42Z,.merge/agent-M1-04/crates/sverb-tui/src/app/mod.rs,pub mod vault; App.vault field; Vault event arm; input hook; LockVault action; timers; deferred launch; render_vault
crates/sverb-tui/src/services/mod.rs,agent-M1-04,M1-04,copy,2026-10-07T23:00:42Z,.merge/agent-M1-04/crates/sverb-tui/src/services/mod.rs,pub mod vault; vault field; with_vault/with_vault_opt; Effect::Vault + SetMetaFlag arms
crates/sverb-tui/src/runtime/mod.rs,agent-M1-04,M1-04,copy,2026-10-07T23:00:42Z,.merge/agent-M1-04/crates/sverb-tui/src/runtime/mod.rs,LaunchCtx.paths; open VaultService; app.with_vault(); services.with_vault_opt
crates/sverb-tui/src/app/vault.rs,agent-M1-04,M1-04,copy,2026-10-07T23:00:43Z,.merge/agent-M1-04/crates/sverb-tui/src/app/vault.rs,new: reducer vault state/effects/events
crates/sverb-tui/src/app/vault/tests.rs,agent-M1-04,M1-04,copy,2026-10-07T23:00:43Z,.merge/agent-M1-04/crates/sverb-tui/src/app/vault/tests.rs,new: T-10/T-11/T-12 reducer tests
crates/sverb-tui/src/app/vault/snapshots/sverb_tui__app__vault__tests__t11_lock_overlay_80x24.snap,agent-M1-04,M1-04,copy,2026-10-07T23:00:43Z,.merge/agent-M1-04/crates/sverb-tui/src/app/vault/snapshots/sverb_tui__app__vault__tests__t11_lock_overlay_80x24.snap,new snapshot
crates/sverb-tui/src/app/vault/snapshots/sverb_tui__app__vault__tests__first_run_80x24.snap,agent-M1-04,M1-04,copy,2026-10-07T23:00:43Z,.merge/agent-M1-04/crates/sverb-tui/src/app/vault/snapshots/sverb_tui__app__vault__tests__first_run_80x24.snap,new snapshot
crates/sverb-tui/src/services/vault.rs,agent-M1-04,M1-04,copy,2026-10-07T23:00:43Z,.merge/agent-M1-04/crates/sverb-tui/src/services/vault.rs,new: VaultService
crates/sverb-tui/src/services/vault/engine.rs,agent-M1-04,M1-04,copy,2026-10-07T23:00:43Z,.merge/agent-M1-04/crates/sverb-tui/src/services/vault/engine.rs,new: VaultEngine
crates/sverb-tui/src/services/vault/os_keyring.rs,agent-M1-04,M1-04,copy,2026-10-07T23:00:43Z,.merge/agent-M1-04/crates/sverb-tui/src/services/vault/os_keyring.rs,new: OS keyring + SVERB_KEYRING
crates/sverb-tui/tests/vault.rs,agent-M1-04,M1-04,copy,2026-10-07T23:00:43Z,.merge/agent-M1-04/crates/sverb-tui/tests/vault.rs,new: engine/service integration tests
crates/sverb/src/cli/vault.rs,agent-M1-04,M1-04,copy,2026-10-07T23:00:43Z,.merge/agent-M1-04/crates/sverb/src/cli/vault.rs,lock/unlock/require_unlocked implemented
crates/sverb/src/cli/mod.rs,agent-M1-04,M1-04,copy,2026-10-07T23:00:43Z,.merge/agent-M1-04/crates/sverb/src/cli/mod.rs,unlock awaited; LaunchCtx paths
crates/sverb/src/cli/tests.rs,agent-M1-04,M1-04,copy,2026-10-07T23:00:43Z,.merge/agent-M1-04/crates/sverb/src/cli/tests.rs,lock/unlock no longer stubs; T-08 unit test with a real vault
crates/sverb/tests/common/mod.rs,agent-M1-04,M1-04,copy,2026-10-07T23:00:43Z,.merge/agent-M1-04/crates/sverb/tests/common/mod.rs,init_vault/unlock helpers
crates/sverb/tests/shell.rs,agent-M1-04,M1-04,copy,2026-10-07T23:00:43Z,.merge/agent-M1-04/crates/sverb/tests/shell.rs,unlock before typing; SVERB_KEYRING=off
crates/sverb/tests/event_loop.rs,agent-M1-04,M1-04,copy,2026-10-07T23:00:43Z,.merge/agent-M1-04/crates/sverb/tests/event_loop.rs,unlock before typing; SVERB_KEYRING=off
crates/sverb/tests/kitty_keyboard.rs,agent-M1-04,M1-04,copy,2026-10-07T23:00:43Z,.merge/agent-M1-04/crates/sverb/tests/kitty_keyboard.rs,unlock before typing; SVERB_KEYRING=off
crates/sverb/tests/vault.rs,agent-M1-04,M1-04,copy,2026-10-07T23:00:43Z,.merge/agent-M1-04/crates/sverb/tests/vault.rs,new: T-16 CLI/PTY tests
crates/sverb-proto/src/lib.rs,agent-M6-01,M6-01,released,2026-10-07T23:01:28Z,,orchestrator: complete
crates/sverb-proto/src/share.rs,agent-M6-01,M6-01,released,2026-10-07T23:01:28Z,,orchestrator: complete
crates/sverb-server/src/db.rs,agent-M6-01,M6-01,released,2026-10-07T23:01:28Z,,orchestrator: complete
crates/sverb-server/src/lib.rs,agent-M6-01,M6-01,released,2026-10-07T23:01:28Z,,orchestrator: complete
crates/sverb-server/src/metrics.rs,agent-M6-01,M6-01,released,2026-10-07T23:01:28Z,,orchestrator: complete
crates/sverb-server/src/routes/mod.rs,agent-M6-01,M6-01,released,2026-10-07T23:01:28Z,,orchestrator: complete
crates/sverb-server/src/share/mod.rs,agent-M6-01,M6-01,released,2026-10-07T23:01:28Z,,orchestrator: complete
crates/sverb-server/src/share/relay.rs,agent-M6-01,M6-01,released,2026-10-07T23:01:28Z,,orchestrator: complete
crates/sverb-server/src/share/routes.rs,agent-M6-01,M6-01,released,2026-10-07T23:01:28Z,,orchestrator: complete
crates/sverb-server/src/share/sessions.rs,agent-M6-01,M6-01,released,2026-10-07T23:01:28Z,,orchestrator: complete
crates/sverb-server/src/state.rs,agent-M6-01,M6-01,released,2026-10-07T23:01:28Z,,orchestrator: complete
crates/sverb-server/tests/db.rs,agent-M6-01,M6-01,released,2026-10-07T23:01:28Z,,orchestrator: complete
crates/sverb-server/tests/share.rs,agent-M6-01,M6-01,released,2026-10-07T23:01:28Z,,orchestrator: complete
migrations/server/0004_share.sql,agent-M6-01,M6-01,released,2026-10-07T23:01:28Z,,orchestrator: complete
crates/sverb/Cargo.toml,agent-M1-04,M1-04,released,2026-10-07T23:01:49Z,,orchestrator merging
crates/sverb-core/Cargo.toml,agent-M1-04,M1-04,released,2026-10-07T23:01:49Z,,orchestrator merging
crates/sverb-core/src/lib.rs,agent-M1-04,M1-04,released,2026-10-07T23:01:49Z,,orchestrator merging
crates/sverb-core/src/vault/keyring.rs,agent-M1-04,M1-04,released,2026-10-07T23:01:49Z,,orchestrator merging
crates/sverb-core/src/vault/lock.rs,agent-M1-04,M1-04,released,2026-10-07T23:01:49Z,,orchestrator merging
crates/sverb-core/src/vault/mod.rs,agent-M1-04,M1-04,released,2026-10-07T23:01:49Z,,orchestrator merging
crates/sverb-core/src/vault/password.rs,agent-M1-04,M1-04,released,2026-10-07T23:01:49Z,,orchestrator merging
crates/sverb-core/src/vault/unlock.rs,agent-M1-04,M1-04,released,2026-10-07T23:01:49Z,,orchestrator merging
crates/sverb/src/cli/mod.rs,agent-M1-04,M1-04,released,2026-10-07T23:01:49Z,,orchestrator merging
crates/sverb/src/cli/tests.rs,agent-M1-04,M1-04,released,2026-10-07T23:01:49Z,,orchestrator merging
crates/sverb/src/cli/vault.rs,agent-M1-04,M1-04,released,2026-10-07T23:01:49Z,,orchestrator merging
crates/sverb-store/src/meta.rs,agent-M1-04,M1-04,released,2026-10-07T23:01:49Z,,orchestrator merging
crates/sverb/tests/common/mod.rs,agent-M1-04,M1-04,released,2026-10-07T23:01:49Z,,orchestrator merging
crates/sverb/tests/event_loop.rs,agent-M1-04,M1-04,released,2026-10-07T23:01:49Z,,orchestrator merging
crates/sverb/tests/kitty_keyboard.rs,agent-M1-04,M1-04,released,2026-10-07T23:01:49Z,,orchestrator merging
crates/sverb/tests/shell.rs,agent-M1-04,M1-04,released,2026-10-07T23:01:49Z,,orchestrator merging
crates/sverb/tests/vault.rs,agent-M1-04,M1-04,released,2026-10-07T23:01:49Z,,orchestrator merging
crates/sverb-tui/Cargo.toml,agent-M1-04,M1-04,released,2026-10-07T23:01:49Z,,orchestrator merging
crates/sverb-tui/src/app/effect.rs,agent-M1-04,M1-04,released,2026-10-07T23:01:49Z,,orchestrator merging
crates/sverb-tui/src/app/event.rs,agent-M1-04,M1-04,released,2026-10-07T23:01:49Z,,orchestrator merging
crates/sverb-tui/src/app/mod.rs,agent-M1-04,M1-04,released,2026-10-07T23:01:49Z,,orchestrator merging
crates/sverb-tui/src/app/vault.rs,agent-M1-04,M1-04,released,2026-10-07T23:01:49Z,,orchestrator merging
crates/sverb-tui/src/app/vault/snapshots/sverb_tui__app__vault__tests__first_run_80x24.snap,agent-M1-04,M1-04,released,2026-10-07T23:01:49Z,,orchestrator merging
crates/sverb-tui/src/app/vault/snapshots/sverb_tui__app__vault__tests__t11_lock_overlay_80x24.snap,agent-M1-04,M1-04,released,2026-10-07T23:01:49Z,,orchestrator merging
crates/sverb-tui/src/app/vault/tests.rs,agent-M1-04,M1-04,released,2026-10-07T23:01:49Z,,orchestrator merging
crates/sverb-tui/src/runtime/mod.rs,agent-M1-04,M1-04,released,2026-10-07T23:01:49Z,,orchestrator merging
crates/sverb-tui/src/services/mod.rs,agent-M1-04,M1-04,released,2026-10-07T23:01:49Z,,orchestrator merging
crates/sverb-tui/src/services/vault/engine.rs,agent-M1-04,M1-04,released,2026-10-07T23:01:49Z,,orchestrator merging
crates/sverb-tui/src/services/vault/os_keyring.rs,agent-M1-04,M1-04,released,2026-10-07T23:01:49Z,,orchestrator merging
crates/sverb-tui/src/services/vault.rs,agent-M1-04,M1-04,released,2026-10-07T23:01:49Z,,orchestrator merging
crates/sverb-tui/src/views/first_run.rs,agent-M1-04,M1-04,released,2026-10-07T23:01:49Z,,orchestrator merging
crates/sverb-tui/src/views/lock_overlay.rs,agent-M1-04,M1-04,released,2026-10-07T23:01:49Z,,orchestrator merging
crates/sverb-tui/src/views/mod.rs,agent-M1-04,M1-04,released,2026-10-07T23:01:49Z,,orchestrator merging
crates/sverb-tui/src/views/unlock.rs,agent-M1-04,M1-04,released,2026-10-07T23:01:49Z,,orchestrator merging
crates/sverb-tui/tests/vault.rs,agent-M1-04,M1-04,released,2026-10-07T23:01:49Z,,orchestrator merging
crates/sverb-tui/src/services/vault/engine.rs,orchestrator,MERGE-M1-04,locked,2026-10-07T23:01:49Z,,merge
crates/sverb-tui/src/services/vault/os_keyring.rs,orchestrator,MERGE-M1-04,locked,2026-10-07T23:01:49Z,,merge
crates/sverb-tui/src/services/mod.rs,orchestrator,MERGE-M1-04,locked,2026-10-07T23:01:49Z,,merge
crates/sverb-tui/src/services/vault.rs,orchestrator,MERGE-M1-04,locked,2026-10-07T23:01:49Z,,merge
crates/sverb-tui/src/app/effect.rs,orchestrator,MERGE-M1-04,locked,2026-10-07T23:01:49Z,,merge
crates/sverb-tui/src/app/mod.rs,orchestrator,MERGE-M1-04,locked,2026-10-07T23:01:49Z,,merge
crates/sverb-tui/src/app/event.rs,orchestrator,MERGE-M1-04,locked,2026-10-07T23:01:49Z,,merge
crates/sverb-tui/src/app/vault.rs,orchestrator,MERGE-M1-04,locked,2026-10-07T23:01:49Z,,merge
crates/sverb-tui/src/app/vault/tests.rs,orchestrator,MERGE-M1-04,locked,2026-10-07T23:01:49Z,,merge
crates/sverb-tui/src/app/vault/snapshots/sverb_tui__app__vault__tests__first_run_80x24.snap,orchestrator,MERGE-M1-04,locked,2026-10-07T23:01:49Z,,merge
crates/sverb-tui/src/app/vault/snapshots/sverb_tui__app__vault__tests__t11_lock_overlay_80x24.snap,orchestrator,MERGE-M1-04,locked,2026-10-07T23:01:49Z,,merge
crates/sverb-tui/src/runtime/mod.rs,orchestrator,MERGE-M1-04,locked,2026-10-07T23:01:49Z,,merge
crates/sverb-tui/tests/vault.rs,orchestrator,MERGE-M1-04,locked,2026-10-07T23:01:49Z,,merge
crates/sverb/src/cli/vault.rs,orchestrator,MERGE-M1-04,locked,2026-10-07T23:01:49Z,,merge
crates/sverb/src/cli/mod.rs,orchestrator,MERGE-M1-04,locked,2026-10-07T23:01:49Z,,merge
crates/sverb/src/cli/tests.rs,orchestrator,MERGE-M1-04,locked,2026-10-07T23:01:49Z,,merge
crates/sverb/tests/common/mod.rs,orchestrator,MERGE-M1-04,locked,2026-10-07T23:01:49Z,,merge
crates/sverb/tests/shell.rs,orchestrator,MERGE-M1-04,locked,2026-10-07T23:01:49Z,,merge
crates/sverb/tests/event_loop.rs,orchestrator,MERGE-M1-04,locked,2026-10-07T23:01:49Z,,merge
crates/sverb/tests/vault.rs,orchestrator,MERGE-M1-04,locked,2026-10-07T23:01:49Z,,merge
crates/sverb/tests/kitty_keyboard.rs,orchestrator,MERGE-M1-04,locked,2026-10-07T23:01:49Z,,merge
crates/sverb/src/cli/mod.rs,orchestrator,MERGE,released,2026-10-07T23:04:46Z,,merged; workspace green
crates/sverb/src/cli/tests.rs,orchestrator,MERGE,released,2026-10-07T23:04:46Z,,merged; workspace green
crates/sverb/src/cli/vault.rs,orchestrator,MERGE,released,2026-10-07T23:04:46Z,,merged; workspace green
crates/sverb/tests/common/mod.rs,orchestrator,MERGE,released,2026-10-07T23:04:46Z,,merged; workspace green
crates/sverb/tests/event_loop.rs,orchestrator,MERGE,released,2026-10-07T23:04:46Z,,merged; workspace green
crates/sverb/tests/kitty_keyboard.rs,orchestrator,MERGE,released,2026-10-07T23:04:46Z,,merged; workspace green
crates/sverb/tests/shell.rs,orchestrator,MERGE,released,2026-10-07T23:04:46Z,,merged; workspace green
crates/sverb/tests/vault.rs,orchestrator,MERGE,released,2026-10-07T23:04:46Z,,merged; workspace green
crates/sverb-tui/src/app/effect.rs,orchestrator,MERGE,released,2026-10-07T23:04:46Z,,merged; workspace green
crates/sverb-tui/src/app/event.rs,orchestrator,MERGE,released,2026-10-07T23:04:46Z,,merged; workspace green
crates/sverb-tui/src/app/mod.rs,orchestrator,MERGE,released,2026-10-07T23:04:46Z,,merged; workspace green
crates/sverb-tui/src/app/vault.rs,orchestrator,MERGE,released,2026-10-07T23:04:46Z,,merged; workspace green
crates/sverb-tui/src/app/vault/snapshots/sverb_tui__app__vault__tests__first_run_80x24.snap,orchestrator,MERGE,released,2026-10-07T23:04:47Z,,merged; workspace green
crates/sverb-tui/src/app/vault/snapshots/sverb_tui__app__vault__tests__t11_lock_overlay_80x24.snap,orchestrator,MERGE,released,2026-10-07T23:04:47Z,,merged; workspace green
crates/sverb-tui/src/app/vault/tests.rs,orchestrator,MERGE,released,2026-10-07T23:04:47Z,,merged; workspace green
crates/sverb-tui/src/runtime/mod.rs,orchestrator,MERGE,released,2026-10-07T23:04:47Z,,merged; workspace green
crates/sverb-tui/src/services/mod.rs,orchestrator,MERGE,released,2026-10-07T23:04:47Z,,merged; workspace green
crates/sverb-tui/src/services/vault/engine.rs,orchestrator,MERGE,released,2026-10-07T23:04:47Z,,merged; workspace green
crates/sverb-tui/src/services/vault/os_keyring.rs,orchestrator,MERGE,released,2026-10-07T23:04:47Z,,merged; workspace green
crates/sverb-tui/src/services/vault.rs,orchestrator,MERGE,released,2026-10-07T23:04:47Z,,merged; workspace green
crates/sverb-tui/tests/vault.rs,orchestrator,MERGE,released,2026-10-07T23:04:47Z,,merged; workspace green
Cargo.toml,agent-M1-05,M1-05,locked,2026-10-07T23:08:00Z,,search index (M1-05)
crates/sverb-core/Cargo.toml,agent-M1-05,M1-05,locked,2026-10-07T23:08:01Z,,search index (M1-05)
crates/sverb-core/src/lib.rs,agent-M1-05,M1-05,locked,2026-10-07T23:08:01Z,,search index (M1-05)
crates/sverb-core/src/host_arg.rs,agent-M1-05,M1-05,locked,2026-10-07T23:08:01Z,,search index (M1-05)
crates/sverb-core/src/search/mod.rs,agent-M1-05,M1-05,locked,2026-10-07T23:08:01Z,,search index (M1-05)
crates/sverb-core/src/search/index.rs,agent-M1-05,M1-05,locked,2026-10-07T23:08:01Z,,search index (M1-05)
crates/sverb-core/src/search/query.rs,agent-M1-05,M1-05,locked,2026-10-07T23:08:01Z,,search index (M1-05)
crates/sverb-core/src/search/tests.rs,agent-M1-05,M1-05,locked,2026-10-07T23:08:01Z,,search index (M1-05)
crates/sverb-core/benches/search.rs,agent-M1-05,M1-05,locked,2026-10-07T23:08:01Z,,search index (M1-05)
Cargo.toml,agent-M1-05,M1-05,modified,2026-10-07T23:08:06Z,,add nucleo-matcher 0.3.1 to workspace deps
crates/sverb-core/Cargo.toml,agent-M1-05,M1-05,modified,2026-10-07T23:08:06Z,,nucleo-matcher dep; criterion dev-dep; search bench
crates/sverb-term/Cargo.toml,agent-M3-05,M3-05,locked,2026-10-07T23:08:58Z,,recording writer/reader/player
crates/sverb-term/src/lib.rs,agent-M3-05,M3-05,locked,2026-10-07T23:08:58Z,,recording writer/reader/player
crates/sverb-term/src/recording/mod.rs,agent-M3-05,M3-05,locked,2026-10-07T23:08:58Z,,recording writer/reader/player
crates/sverb-term/src/recording/asciicast.rs,agent-M3-05,M3-05,locked,2026-10-07T23:08:58Z,,recording writer/reader/player
crates/sverb-term/src/recording/writer.rs,agent-M3-05,M3-05,locked,2026-10-07T23:08:58Z,,recording writer/reader/player
crates/sverb-term/src/recording/reader.rs,agent-M3-05,M3-05,locked,2026-10-07T23:08:58Z,,recording writer/reader/player
crates/sverb-term/src/recording/player.rs,agent-M3-05,M3-05,locked,2026-10-07T23:08:58Z,,recording writer/reader/player
crates/sverb-term/src/recording/tap.rs,agent-M3-05,M3-05,locked,2026-10-07T23:08:58Z,,recording writer/reader/player
crates/sverb-term/src/recording/tests.rs,agent-M3-05,M3-05,locked,2026-10-07T23:08:58Z,,recording writer/reader/player
crates/sverb-term/tests/recording.rs,agent-M3-05,M3-05,locked,2026-10-07T23:08:58Z,,recording writer/reader/player
crates/sverb-term/Cargo.toml,agent-M3-05,M3-05,modified,2026-10-07T23:09:07Z,,deps for recording
crates/sverb-term/src/lib.rs,agent-M3-05,M3-05,modified,2026-10-07T23:09:07Z,,pub mod recording
crates/sverb-core/src/host_arg.rs,agent-M1-05,M1-05,modified,2026-10-07T23:10:36Z,,fuzzy step uses nucleo-matcher
crates/sverb-core/src/lib.rs,agent-M1-05,M1-05,modified,2026-10-07T23:10:36Z,,pub mod search
crates/sverb-core/src/search/mod.rs,agent-M1-05,M1-05,modified,2026-10-07T23:12:08Z,,new (M1-05 search)
crates/sverb-core/src/search/index.rs,agent-M1-05,M1-05,modified,2026-10-07T23:12:08Z,,new (M1-05 search)
crates/sverb-core/src/search/query.rs,agent-M1-05,M1-05,modified,2026-10-07T23:12:08Z,,new (M1-05 search)
crates/sverb-core/src/search/tests.rs,agent-M1-05,M1-05,modified,2026-10-07T23:12:08Z,,new (M1-05 search)
crates/sverb-core/benches/search.rs,agent-M1-05,M1-05,modified,2026-10-07T23:12:08Z,,new (M1-05 search)
crates/sverb-conn/src/session/cmd.rs,agent-M3-05,M3-05,locked,2026-10-07T23:14:00Z,,recording tap in session actor
crates/sverb-conn/src/session/actor.rs,agent-M3-05,M3-05,locked,2026-10-07T23:14:00Z,,recording tap in session actor
crates/sverb-conn/src/manager.rs,agent-M3-05,M3-05,locked,2026-10-07T23:14:00Z,,recording tap in session actor
crates/sverb-conn/src/transport.rs,agent-M3-05,M3-05,locked,2026-10-07T23:14:00Z,,recording tap in session actor
crates/sverb-conn/src/session/tests.rs,agent-M3-05,M3-05,locked,2026-10-07T23:14:00Z,,recording tap in session actor
crates/sverb-conn/Cargo.toml,agent-M3-05,M3-05,locked,2026-10-07T23:14:00Z,,recording tap in session actor
crates/sverb-tui/src/app/event.rs,agent-M1-05,M1-05,locked,2026-10-07T23:14:11Z,,M1-05 index wiring
crates/sverb-tui/src/app/mod.rs,agent-M1-05,M1-05,locked,2026-10-07T23:14:11Z,,M1-05 index wiring
crates/sverb-conn/src/session/cmd.rs,agent-M3-05,M3-05,modified,2026-10-07T23:14:11Z,,M3-05 recording tap wiring
crates/sverb-tui/src/app/vault.rs,agent-M1-05,M1-05,locked,2026-10-07T23:14:11Z,,M1-05 index wiring
crates/sverb-conn/src/manager.rs,agent-M3-05,M3-05,modified,2026-10-07T23:14:11Z,,M3-05 recording tap wiring
crates/sverb-tui/src/services/vault.rs,agent-M1-05,M1-05,locked,2026-10-07T23:14:11Z,,M1-05 index wiring
crates/sverb-conn/src/transport.rs,agent-M3-05,M3-05,modified,2026-10-07T23:14:11Z,,M3-05 recording tap wiring
crates/sverb-tui/src/services/vault/engine.rs,agent-M1-05,M1-05,locked,2026-10-07T23:14:11Z,,M1-05 index wiring
crates/sverb-conn/Cargo.toml,agent-M3-05,M3-05,modified,2026-10-07T23:14:11Z,,M3-05 recording tap wiring
crates/sverb-tui/tests/search_index.rs,agent-M1-05,M1-05,locked,2026-10-07T23:14:11Z,,M1-05 index wiring
crates/sverb-tui/src/app/event.rs,agent-M1-05,M1-05,modified,2026-10-07T23:14:17Z,,UiEvent::IndexUpdated
crates/sverb-tui/src/app/mod.rs,agent-M1-05,M1-05,modified,2026-10-07T23:14:17Z,,IndexUpdated match arm
crates/sverb-tui/src/app/vault.rs,agent-M1-05,M1-05,modified,2026-10-07T23:14:27Z,,VaultUi.index; on_index_updated; App::index(); dropped on lock
crates/sverb-conn/src/session/actor.rs,agent-M3-05,M3-05,modified,2026-10-07T23:14:30Z,,recording tap: output/resize/input + attach/stop
crates/sverb-conn/src/session/tests.rs,agent-M3-05,M3-05,modified,2026-10-07T23:14:44Z,,recording tap test
crates/sverb-tui/src/services/vault/engine.rs,agent-M1-05,M1-05,modified,2026-10-07T23:14:50Z,,build ItemIndex in the unlock decrypt pass; take_index
crates/sverb-core/src/model/host.rs,agent-M3-05,M3-05,locked,2026-10-07T23:14:56Z,,host record_sessions field
crates/sverb-core/src/model/tests.rs,agent-M3-05,M3-05,locked,2026-10-07T23:14:56Z,,host record_sessions field
docs/data-model.md,agent-M3-05,M3-05,locked,2026-10-07T23:14:56Z,,host record_sessions field
crates/sverb-tui/src/services/vault.rs,agent-M1-05,M1-05,modified,2026-10-07T23:15:14Z,,owns ItemIndex; IndexUpdated after unlock; upsert/remove; drop on lock
crates/sverb-core/src/model/host.rs,agent-M3-05,M3-05,modified,2026-10-07T23:15:16Z,,record_sessions field + resolution
crates/sverb-core/src/model/tests.rs,agent-M3-05,M3-05,modified,2026-10-07T23:15:16Z,,record_sessions field + resolution
docs/data-model.md,agent-M3-05,M3-05,modified,2026-10-07T23:15:16Z,,record_sessions field + resolution
crates/sverb-core/src/model/mod.rs,agent-M3-05,M3-05,locked,2026-10-07T23:15:19Z,,export resolve_record_sessions
crates/sverb-core/src/model/mod.rs,agent-M3-05,M3-05,modified,2026-10-07T23:15:23Z,,pub use resolve_record_sessions
crates/sverb-tui/tests/search_index.rs,agent-M1-05,M1-05,modified,2026-10-07T23:16:01Z,,new T-13 integration test
crates/sverb-tui/src/app/state.rs,agent-M3-05,M3-05,locked,2026-10-07T23:16:12Z,,recording toggle wiring
crates/sverb-tui/src/app/sessions.rs,agent-M3-05,M3-05,locked,2026-10-07T23:16:12Z,,recording toggle wiring
crates/sverb-tui/src/app/sessions/recording.rs,agent-M3-05,M3-05,locked,2026-10-07T23:16:12Z,,recording toggle wiring
crates/sverb-tui/src/app/input.rs,agent-M3-05,M3-05,locked,2026-10-07T23:16:12Z,,recording toggle wiring
crates/sverb-tui/src/app/shell.rs,agent-M3-05,M3-05,locked,2026-10-07T23:16:12Z,,recording toggle wiring
crates/sverb-tui/src/app/local.rs,agent-M3-05,M3-05,locked,2026-10-07T23:16:12Z,,recording toggle wiring
crates/sverb-tui/src/app/effect.rs,agent-M3-05,M3-05,locked,2026-10-07T23:16:12Z,,recording toggle wiring
crates/sverb-tui/src/services/mod.rs,agent-M3-05,M3-05,locked,2026-10-07T23:16:12Z,,recording toggle wiring
crates/sverb-tui/src/services/sessions.rs,agent-M3-05,M3-05,locked,2026-10-07T23:16:12Z,,recording toggle wiring
crates/sverb-tui/src/services/recording.rs,agent-M3-05,M3-05,locked,2026-10-07T23:16:12Z,,recording toggle wiring
crates/sverb-tui/src/runtime/mod.rs,agent-M3-05,M3-05,locked,2026-10-07T23:16:12Z,,recording toggle wiring
crates/sverb-conn/src/session/event.rs,agent-M3-05,M3-05,locked,2026-10-07T23:16:12Z,,recording toggle wiring
crates/sverb-conn/src/session/event.rs,agent-M3-05,M3-05,modified,2026-10-07T23:16:29Z,,SessionEvent::Recording + RecordingStatus
crates/sverb-tui/src/app/effect.rs,agent-M3-05,M3-05,modified,2026-10-07T23:16:29Z,,Effect::StartRecording/StopRecording
crates/sverb-tui/src/app/state.rs,agent-M3-05,M3-05,modified,2026-10-07T23:16:29Z,,Tabs.recording state
crates/sverb-tui/src/app/sessions.rs,agent-M3-05,M3-05,modified,2026-10-07T23:17:27Z,,recording toggle wiring
crates/sverb-tui/src/app/input.rs,agent-M3-05,M3-05,modified,2026-10-07T23:17:27Z,,recording toggle wiring
crates/sverb-tui/src/app/shell.rs,agent-M3-05,M3-05,modified,2026-10-07T23:17:27Z,,recording toggle wiring
crates/sverb-tui/src/app/local.rs,agent-M3-05,M3-05,modified,2026-10-07T23:17:27Z,,recording toggle wiring
crates/sverb-tui/src/app/sessions/recording.rs,agent-M3-05,M3-05,modified,2026-10-07T23:17:27Z,,recording toggle wiring
crates/sverb-tui/src/services/sessions.rs,agent-M3-05,M3-05,modified,2026-10-07T23:18:10Z,,notify/clone_notifier
crates/sverb-tui/src/runtime/mod.rs,agent-M3-05,M3-05,modified,2026-10-07T23:18:34Z,,recording service wiring
crates/sverb-tui/src/services/mod.rs,agent-M3-05,M3-05,modified,2026-10-07T23:18:34Z,,recording service wiring
crates/sverb-tui/src/services/recording.rs,agent-M3-05,M3-05,modified,2026-10-07T23:18:34Z,,recording service wiring
crates/sverb-tui/src/views/mod.rs,agent-M3-05,M3-05,locked,2026-10-07T23:19:03Z,,replay player view
crates/sverb-tui/src/views/logs/mod.rs,agent-M3-05,M3-05,locked,2026-10-07T23:19:03Z,,replay player view
crates/sverb-tui/src/views/logs/replay.rs,agent-M3-05,M3-05,locked,2026-10-07T23:19:03Z,,replay player view
crates/sverb-tui/src/views/mod.rs,agent-M3-05,M3-05,modified,2026-10-07T23:19:08Z,,pub mod logs
crates/sverb-tui/src/views/logs/mod.rs,agent-M3-05,M3-05,modified,2026-10-07T23:19:08Z,,new: logs module (replay)
crates/sverb-tui/src/views/logs/replay.rs,agent-M3-05,M3-05,modified,2026-10-07T23:19:48Z,,new: replay player view
crates/sverb/src/cli/export.rs,agent-M3-05,M3-05,locked,2026-10-07T23:20:32Z,,sverb export recording
crates/sverb/src/cli/mod.rs,agent-M3-05,M3-05,locked,2026-10-07T23:20:32Z,,sverb export recording
crates/sverb/src/cli/tests.rs,agent-M3-05,M3-05,locked,2026-10-07T23:20:32Z,,sverb export recording
crates/sverb/src/cli/snapshots/help@local.snap,agent-M3-05,M3-05,locked,2026-10-07T23:20:32Z,,sverb export recording
crates/sverb/src/cli/snapshots/help@sync.snap,agent-M3-05,M3-05,locked,2026-10-07T23:20:32Z,,sverb export recording
crates/sverb/Cargo.toml,agent-M3-05,M3-05,locked,2026-10-07T23:20:32Z,,sverb export recording
crates/sverb/tests/export_recording.rs,agent-M3-05,M3-05,locked,2026-10-07T23:20:32Z,,sverb export recording
crates/sverb/src/cli/export.rs,agent-M3-05,M3-05,modified,2026-10-07T23:21:38Z,,export recording
crates/sverb/src/cli/mod.rs,agent-M3-05,M3-05,modified,2026-10-07T23:21:38Z,,export recording
crates/sverb/src/cli/tests.rs,agent-M3-05,M3-05,modified,2026-10-07T23:21:38Z,,export recording
crates/sverb/Cargo.toml,agent-M3-05,M3-05,modified,2026-10-07T23:21:38Z,,export recording
crates/sverb/tests/export_recording.rs,agent-M3-05,M3-05,modified,2026-10-07T23:21:38Z,,export recording
crates/sverb-tui/tests/vault.rs,agent-M1-05,M1-05,locked,2026-10-07T23:22:05Z,,consume IndexUpdated after unlock
crates/sverb-tui/tests/vault.rs,agent-M1-05,M1-05,modified,2026-10-07T23:22:09Z,,expect IndexUpdated after Meta (t08/t13)
crates/sverb/src/cli/snapshots/help@local.snap,agent-M3-05,M3-05,modified,2026-10-07T23:22:52Z,,export recording --yes
crates/sverb/src/cli/snapshots/help@sync.snap,agent-M3-05,M3-05,modified,2026-10-07T23:22:52Z,,export recording --yes
Cargo.toml,agent-M1-05,M1-05,released,2026-10-07T23:23:00Z,,orchestrator: complete
crates/sverb-core/benches/search.rs,agent-M1-05,M1-05,released,2026-10-07T23:23:00Z,,orchestrator: complete
crates/sverb-core/Cargo.toml,agent-M1-05,M1-05,released,2026-10-07T23:23:00Z,,orchestrator: complete
crates/sverb-core/src/host_arg.rs,agent-M1-05,M1-05,released,2026-10-07T23:23:00Z,,orchestrator: complete
crates/sverb-core/src/lib.rs,agent-M1-05,M1-05,released,2026-10-07T23:23:00Z,,orchestrator: complete
crates/sverb-core/src/search/index.rs,agent-M1-05,M1-05,released,2026-10-07T23:23:00Z,,orchestrator: complete
crates/sverb-core/src/search/mod.rs,agent-M1-05,M1-05,released,2026-10-07T23:23:00Z,,orchestrator: complete
crates/sverb-core/src/search/query.rs,agent-M1-05,M1-05,released,2026-10-07T23:23:00Z,,orchestrator: complete
crates/sverb-core/src/search/tests.rs,agent-M1-05,M1-05,released,2026-10-07T23:23:00Z,,orchestrator: complete
crates/sverb-tui/src/app/event.rs,agent-M1-05,M1-05,released,2026-10-07T23:23:00Z,,orchestrator: complete
crates/sverb-tui/src/app/mod.rs,agent-M1-05,M1-05,released,2026-10-07T23:23:00Z,,orchestrator: complete
crates/sverb-tui/src/app/vault.rs,agent-M1-05,M1-05,released,2026-10-07T23:23:00Z,,orchestrator: complete
crates/sverb-tui/src/services/vault/engine.rs,agent-M1-05,M1-05,released,2026-10-07T23:23:00Z,,orchestrator: complete
crates/sverb-tui/src/services/vault.rs,agent-M1-05,M1-05,released,2026-10-07T23:23:00Z,,orchestrator: complete
crates/sverb-tui/tests/search_index.rs,agent-M1-05,M1-05,released,2026-10-07T23:23:00Z,,orchestrator: complete
crates/sverb-tui/tests/vault.rs,agent-M1-05,M1-05,released,2026-10-07T23:23:00Z,,orchestrator: complete
crates/sverb-core/src/model/merge.rs,orchestrator,DOCFIX,locked,2026-10-07T23:23:05Z,,escape <label> in doc
crates/sverb-core/src/model/merge.rs,orchestrator,DOCFIX,released,2026-10-07T23:23:12Z,,doc fix
crates/sverb-e2e/tests/workspace_metadata.rs,agent-M3-05,M3-05,locked,2026-10-07T23:25:17Z,,allow sverb-term -> sverb-crypto
crates/sverb-e2e/tests/workspace_metadata.rs,agent-M3-05,M3-05,modified,2026-10-07T23:25:17Z,,sverb-term may depend on sverb-crypto
crates/sverb-tui/Cargo.toml,agent-M1-06,M1-06,locked,2026-10-07T23:25:32Z,,add ratatui-textarea + nucleo-matcher
crates/sverb-tui/Cargo.toml,agent-M1-06,M1-06,modified,2026-10-07T23:25:38Z,,deps: nucleo-matcher + ratatui-textarea 0.9.2
crates/sverb-tui/src/widgets/mod.rs,agent-M1-06,M1-06,locked,2026-10-07T23:27:52Z,,M1-06 shared widgets
crates/sverb-tui/src/widgets/list.rs,agent-M1-06,M1-06,locked,2026-10-07T23:27:52Z,,M1-06 shared widgets
crates/sverb-tui/src/widgets/list_tests.rs,agent-M1-06,M1-06,locked,2026-10-07T23:27:52Z,,M1-06 shared widgets
crates/sverb-tui/src/widgets/dialog.rs,agent-M1-06,M1-06,locked,2026-10-07T23:27:52Z,,M1-06 shared widgets
crates/sverb-tui/src/widgets/confirm.rs,agent-M1-06,M1-06,locked,2026-10-07T23:27:52Z,,M1-06 shared widgets
crates/sverb-tui/src/widgets/dialog_tests.rs,agent-M1-06,M1-06,locked,2026-10-07T23:27:52Z,,M1-06 shared widgets
crates/sverb-tui/src/widgets/form/mod.rs,agent-M1-06,M1-06,locked,2026-10-07T23:27:52Z,,M1-06 shared widgets
crates/sverb-tui/src/widgets/form/text.rs,agent-M1-06,M1-06,locked,2026-10-07T23:27:52Z,,M1-06 shared widgets
crates/sverb-tui/src/widgets/form/secret.rs,agent-M1-06,M1-06,locked,2026-10-07T23:27:52Z,,M1-06 shared widgets
crates/sverb-tui/src/widgets/form/number.rs,agent-M1-06,M1-06,locked,2026-10-07T23:27:52Z,,M1-06 shared widgets
crates/sverb-tui/src/widgets/form/select.rs,agent-M1-06,M1-06,locked,2026-10-07T23:27:52Z,,M1-06 shared widgets
crates/sverb-tui/src/widgets/form/multiselect.rs,agent-M1-06,M1-06,locked,2026-10-07T23:27:52Z,,M1-06 shared widgets
crates/sverb-tui/src/widgets/form/reference.rs,agent-M1-06,M1-06,locked,2026-10-07T23:27:52Z,,M1-06 shared widgets
crates/sverb-tui/src/widgets/form/kv_list.rs,agent-M1-06,M1-06,locked,2026-10-07T23:27:52Z,,M1-06 shared widgets
crates/sverb-tui/src/widgets/form/multiline.rs,agent-M1-06,M1-06,locked,2026-10-07T23:27:52Z,,M1-06 shared widgets
crates/sverb-tui/src/widgets/form/tests.rs,agent-M1-06,M1-06,locked,2026-10-07T23:27:52Z,,M1-06 shared widgets
crates/sverb-tui/src/widgets/test_util.rs,agent-M1-06,M1-06,locked,2026-10-07T23:27:53Z,,M1-06 shared widgets
crates/sverb-term/src/recording/asciicast.rs,agent-M3-05,M3-05,modified,2026-10-07T23:29:41Z,,new (M3-05 recording)
crates/sverb-term/src/recording/mod.rs,agent-M3-05,M3-05,modified,2026-10-07T23:29:41Z,,new (M3-05 recording)
crates/sverb-term/src/recording/player.rs,agent-M3-05,M3-05,modified,2026-10-07T23:29:41Z,,new (M3-05 recording)
crates/sverb-term/src/recording/reader.rs,agent-M3-05,M3-05,modified,2026-10-07T23:29:41Z,,new (M3-05 recording)
crates/sverb-term/src/recording/tap.rs,agent-M3-05,M3-05,modified,2026-10-07T23:29:41Z,,new (M3-05 recording)
crates/sverb-term/src/recording/tests.rs,agent-M3-05,M3-05,modified,2026-10-07T23:29:41Z,,new (M3-05 recording)
crates/sverb-term/src/recording/writer.rs,agent-M3-05,M3-05,modified,2026-10-07T23:29:41Z,,new (M3-05 recording)
crates/sverb-term/tests/recording.rs,agent-M3-05,M3-05,modified,2026-10-07T23:29:41Z,,new (M3-05 T-02/06/07/12)
crates/sverb/Cargo.toml,agent-M3-05,M3-05,released,2026-10-07T23:30:17Z,,orchestrator: complete
crates/sverb-conn/Cargo.toml,agent-M3-05,M3-05,released,2026-10-07T23:30:17Z,,orchestrator: complete
crates/sverb-conn/src/manager.rs,agent-M3-05,M3-05,released,2026-10-07T23:30:17Z,,orchestrator: complete
crates/sverb-conn/src/session/actor.rs,agent-M3-05,M3-05,released,2026-10-07T23:30:17Z,,orchestrator: complete
crates/sverb-conn/src/session/cmd.rs,agent-M3-05,M3-05,released,2026-10-07T23:30:17Z,,orchestrator: complete
crates/sverb-conn/src/session/event.rs,agent-M3-05,M3-05,released,2026-10-07T23:30:18Z,,orchestrator: complete
crates/sverb-conn/src/session/tests.rs,agent-M3-05,M3-05,released,2026-10-07T23:30:18Z,,orchestrator: complete
crates/sverb-conn/src/transport.rs,agent-M3-05,M3-05,released,2026-10-07T23:30:18Z,,orchestrator: complete
crates/sverb-core/src/model/host.rs,agent-M3-05,M3-05,released,2026-10-07T23:30:18Z,,orchestrator: complete
crates/sverb-core/src/model/mod.rs,agent-M3-05,M3-05,released,2026-10-07T23:30:18Z,,orchestrator: complete
crates/sverb-core/src/model/tests.rs,agent-M3-05,M3-05,released,2026-10-07T23:30:18Z,,orchestrator: complete
crates/sverb-e2e/tests/workspace_metadata.rs,agent-M3-05,M3-05,released,2026-10-07T23:30:18Z,,orchestrator: complete
crates/sverb/src/cli/export.rs,agent-M3-05,M3-05,released,2026-10-07T23:30:18Z,,orchestrator: complete
crates/sverb/src/cli/mod.rs,agent-M3-05,M3-05,released,2026-10-07T23:30:18Z,,orchestrator: complete
crates/sverb/src/cli/snapshots/help@local.snap,agent-M3-05,M3-05,released,2026-10-07T23:30:18Z,,orchestrator: complete
crates/sverb/src/cli/snapshots/help@sync.snap,agent-M3-05,M3-05,released,2026-10-07T23:30:18Z,,orchestrator: complete
crates/sverb/src/cli/tests.rs,agent-M3-05,M3-05,released,2026-10-07T23:30:18Z,,orchestrator: complete
crates/sverb-term/Cargo.toml,agent-M3-05,M3-05,released,2026-10-07T23:30:18Z,,orchestrator: complete
crates/sverb-term/src/lib.rs,agent-M3-05,M3-05,released,2026-10-07T23:30:18Z,,orchestrator: complete
crates/sverb-term/src/recording/asciicast.rs,agent-M3-05,M3-05,released,2026-10-07T23:30:18Z,,orchestrator: complete
crates/sverb-term/src/recording/mod.rs,agent-M3-05,M3-05,released,2026-10-07T23:30:18Z,,orchestrator: complete
crates/sverb-term/src/recording/player.rs,agent-M3-05,M3-05,released,2026-10-07T23:30:18Z,,orchestrator: complete
crates/sverb-term/src/recording/reader.rs,agent-M3-05,M3-05,released,2026-10-07T23:30:18Z,,orchestrator: complete
crates/sverb-term/src/recording/tap.rs,agent-M3-05,M3-05,released,2026-10-07T23:30:18Z,,orchestrator: complete
crates/sverb-term/src/recording/tests.rs,agent-M3-05,M3-05,released,2026-10-07T23:30:18Z,,orchestrator: complete
crates/sverb-term/src/recording/writer.rs,agent-M3-05,M3-05,released,2026-10-07T23:30:18Z,,orchestrator: complete
crates/sverb-term/tests/recording.rs,agent-M3-05,M3-05,released,2026-10-07T23:30:18Z,,orchestrator: complete
crates/sverb/tests/export_recording.rs,agent-M3-05,M3-05,released,2026-10-07T23:30:18Z,,orchestrator: complete
crates/sverb-tui/src/app/effect.rs,agent-M3-05,M3-05,released,2026-10-07T23:30:18Z,,orchestrator: complete
crates/sverb-tui/src/app/input.rs,agent-M3-05,M3-05,released,2026-10-07T23:30:18Z,,orchestrator: complete
crates/sverb-tui/src/app/local.rs,agent-M3-05,M3-05,released,2026-10-07T23:30:18Z,,orchestrator: complete
crates/sverb-tui/src/app/sessions/recording.rs,agent-M3-05,M3-05,released,2026-10-07T23:30:18Z,,orchestrator: complete
crates/sverb-tui/src/app/sessions.rs,agent-M3-05,M3-05,released,2026-10-07T23:30:18Z,,orchestrator: complete
crates/sverb-tui/src/app/shell.rs,agent-M3-05,M3-05,released,2026-10-07T23:30:18Z,,orchestrator: complete
crates/sverb-tui/src/app/state.rs,agent-M3-05,M3-05,released,2026-10-07T23:30:18Z,,orchestrator: complete
crates/sverb-tui/src/runtime/mod.rs,agent-M3-05,M3-05,released,2026-10-07T23:30:18Z,,orchestrator: complete
crates/sverb-tui/src/services/mod.rs,agent-M3-05,M3-05,released,2026-10-07T23:30:18Z,,orchestrator: complete
crates/sverb-tui/src/services/recording.rs,agent-M3-05,M3-05,released,2026-10-07T23:30:18Z,,orchestrator: complete
crates/sverb-tui/src/services/sessions.rs,agent-M3-05,M3-05,released,2026-10-07T23:30:18Z,,orchestrator: complete
crates/sverb-tui/src/views/logs/mod.rs,agent-M3-05,M3-05,released,2026-10-07T23:30:18Z,,orchestrator: complete
crates/sverb-tui/src/views/logs/replay.rs,agent-M3-05,M3-05,released,2026-10-07T23:30:18Z,,orchestrator: complete
crates/sverb-tui/src/views/mod.rs,agent-M3-05,M3-05,released,2026-10-07T23:30:18Z,,orchestrator: complete
docs/data-model.md,agent-M3-05,M3-05,released,2026-10-07T23:30:18Z,,orchestrator: complete
scripts/check-layering.py,orchestrator,FIX-LAYERING,locked,2026-10-07T23:30:24Z,,term->crypto
scripts/check-layering.py,orchestrator,FIX-LAYERING,released,2026-10-07T23:30:25Z,,term may depend on crypto
crates/sverb-tui/src/widgets/mod.rs,agent-M1-06,M1-06,modified,2026-10-07T23:34:54Z,,M1-06 module declarations
crates/sverb-core/src/model/items.rs,agent-M3-06,M3-06,locked,2026-10-07T23:35:12Z,,ConnLog spec additions
crates/sverb-core/src/model/tests.rs,agent-M3-06,M3-06,locked,2026-10-07T23:35:12Z,,ConnLog spec additions
crates/sverb-core/src/model/items.rs,agent-M3-06,M3-06,modified,2026-10-07T23:35:38Z,,ConnLog: optional host_id; label/target/error_detail spec additions
crates/sverb-core/src/model/tests.rs,agent-M3-06,M3-06,modified,2026-10-07T23:35:38Z,,ConnLog: optional host_id; label/target/error_detail spec additions
crates/sverb-core/src/config/model.rs,agent-M3-06,M3-06,locked,2026-10-07T23:35:49Z,,recording.retention_days (spec addition)
crates/sverb-core/src/config/default_config.toml,agent-M3-06,M3-06,locked,2026-10-07T23:35:49Z,,recording.retention_days (spec addition)
docs/config.schema.json,agent-M3-06,M3-06,locked,2026-10-07T23:35:49Z,,recording.retention_days (spec addition)
crates/sverb-core/src/config/tests.rs,agent-M3-06,M3-06,locked,2026-10-07T23:35:50Z,,recording.retention_days (spec addition)
crates/sverb-core/src/config/model.rs,agent-M3-06,M3-06,modified,2026-10-07T23:36:04Z,,recording.retention_days = 0 (spec addition)
crates/sverb-core/src/config/default_config.toml,agent-M3-06,M3-06,modified,2026-10-07T23:36:04Z,,recording.retention_days = 0 (spec addition)
docs/config.schema.json,agent-M3-06,M3-06,modified,2026-10-07T23:36:04Z,,recording.retention_days = 0 (spec addition)
crates/sverb-core/src/config/tests.rs,agent-M3-06,M3-06,modified,2026-10-07T23:36:04Z,,recording.retention_days = 0 (spec addition)
docs/data-model.md,agent-M3-06,M3-06,locked,2026-10-07T23:36:17Z,,ConnLog spec additions
docs/data-model.md,agent-M3-06,M3-06,modified,2026-10-07T23:36:17Z,,ConnLog spec additions; sync decision; retention
crates/sverb-conn/src/connlog.rs,agent-M3-06,M3-06,locked,2026-10-07T23:36:38Z,,ConnLog hooks
crates/sverb-conn/src/lib.rs,agent-M3-06,M3-06,locked,2026-10-07T23:36:38Z,,ConnLog hooks
crates/sverb-conn/src/session/actor.rs,agent-M3-06,M3-06,locked,2026-10-07T23:36:38Z,,ConnLog hooks
crates/sverb-conn/src/manager.rs,agent-M3-06,M3-06,locked,2026-10-07T23:36:38Z,,ConnLog hooks
crates/sverb-tui/src/views/dialogs.rs,agent-M1-06,M1-06,locked,2026-10-07T23:38:05Z,,M1-06 generic modal dialog wiring
crates/sverb-tui/src/app/event.rs,agent-M1-06,M1-06,locked,2026-10-07T23:38:05Z,,M1-06 generic modal dialog wiring
crates/sverb-tui/src/app/mod.rs,agent-M1-06,M1-06,locked,2026-10-07T23:38:05Z,,M1-06 generic modal dialog wiring
crates/sverb-tui/src/app/modal.rs,agent-M1-06,M1-06,locked,2026-10-07T23:38:05Z,,M1-06 generic modal dialog wiring
crates/sverb-tui/src/testing.rs,agent-M1-06,M1-06,locked,2026-10-07T23:38:05Z,,M1-06 generic modal dialog wiring
crates/sverb-conn/src/connlog_tests.rs,agent-M3-06,M3-06,locked,2026-10-07T23:38:28Z,,ConnLog actor tests
crates/sverb-conn/src/connlog_tests.rs,agent-M3-06,M3-06,modified,2026-10-07T23:38:28Z,,new: actor ConnLog tests
crates/sverb-conn/src/connlog.rs,agent-M3-06,M3-06,modified,2026-10-07T23:38:28Z,,ConnLogSink hooks + byte counters
crates/sverb-conn/src/lib.rs,agent-M3-06,M3-06,modified,2026-10-07T23:38:28Z,,ConnLogSink hooks + byte counters
crates/sverb-conn/src/session/actor.rs,agent-M3-06,M3-06,modified,2026-10-07T23:38:28Z,,ConnLogSink hooks + byte counters
crates/sverb-conn/src/manager.rs,agent-M3-06,M3-06,modified,2026-10-07T23:38:28Z,,ConnLogSink hooks + byte counters
crates/sverb-tui/src/views/dialogs.rs,agent-M1-06,M1-06,modified,2026-10-07T23:38:37Z,,M1-06 generic modal dialog (DialogKind::Modal; TimerKind::DialogTick; push_modal)
crates/sverb-tui/src/app/event.rs,agent-M1-06,M1-06,modified,2026-10-07T23:38:37Z,,M1-06 generic modal dialog (DialogKind::Modal; TimerKind::DialogTick; push_modal)
crates/sverb-tui/src/app/mod.rs,agent-M1-06,M1-06,modified,2026-10-07T23:38:37Z,,M1-06 generic modal dialog (DialogKind::Modal; TimerKind::DialogTick; push_modal)
crates/sverb-tui/src/app/modal.rs,agent-M1-06,M1-06,modified,2026-10-07T23:38:37Z,,M1-06 generic modal dialog (DialogKind::Modal; TimerKind::DialogTick; push_modal)
crates/sverb-tui/src/testing.rs,agent-M1-06,M1-06,modified,2026-10-07T23:38:37Z,,M1-06 generic modal dialog (DialogKind::Modal; TimerKind::DialogTick; push_modal)
crates/sverb-tui/src/views/logs/list.rs,agent-M3-06,M3-06,locked,2026-10-07T23:41:59Z,,Logs list view
crates/sverb-tui/src/views/logs/list.rs,agent-M3-06,M3-06,modified,2026-10-07T23:41:59Z,,new: Logs list view
crates/sverb-tui/src/views/logs/detail.rs,agent-M3-06,M3-06,locked,2026-10-07T23:41:59Z,,M3-06 logs
crates/sverb-tui/src/views/logs/mod.rs,agent-M3-06,M3-06,locked,2026-10-07T23:41:59Z,,M3-06 logs
crates/sverb-tui/src/app/logs.rs,agent-M3-06,M3-06,locked,2026-10-07T23:41:59Z,,M3-06 logs
crates/sverb-tui/src/services/connlog.rs,agent-M3-06,M3-06,locked,2026-10-07T23:41:59Z,,M3-06 logs
crates/sverb-tui/src/services/maintenance.rs,agent-M3-06,M3-06,locked,2026-10-07T23:41:59Z,,M3-06 logs
crates/sverb-tui/src/app/input.rs,agent-M1-06,M1-06,locked,2026-10-07T23:42:21Z,,Insert mode for prompts/list filter
crates/sverb-tui/src/views/mod.rs,agent-M1-06,M1-06,locked,2026-10-07T23:42:21Z,,View::insert_mode
crates/sverb-tui/src/views/logs/mod.rs,agent-M3-06,M3-06,modified,2026-10-07T23:42:37Z,,list + detail modules
crates/sverb-tui/src/views/logs/detail.rs,agent-M3-06,M3-06,modified,2026-10-07T23:42:37Z,,new: detail pane + dialogs
crates/sverb-tui/src/app/input.rs,agent-M1-06,M1-06,modified,2026-10-07T23:42:49Z,,Insert mode for text prompts and View::insert_mode of the Hosts section view
crates/sverb-tui/src/views/mod.rs,agent-M1-06,M1-06,modified,2026-10-07T23:42:49Z,,View::insert_mode default method
crates/sverb-tui/src/app/effect.rs,agent-M3-06,M3-06,locked,2026-10-07T23:44:14Z,,M3-06 logs wiring
crates/sverb-tui/src/app/shell.rs,agent-M3-06,M3-06,locked,2026-10-07T23:44:14Z,,M3-06 logs wiring
crates/sverb-tui/src/app/logs_tests.rs,agent-M3-06,M3-06,locked,2026-10-07T23:44:14Z,,M3-06 logs wiring
crates/sverb-tui/src/services/mod.rs,agent-M3-06,M3-06,locked,2026-10-07T23:44:52Z,,M3-06 logs wiring
crates/sverb-tui/src/services/recording.rs,agent-M3-06,M3-06,locked,2026-10-07T23:44:52Z,,M3-06 logs wiring
crates/sverb-tui/src/runtime/mod.rs,agent-M3-06,M3-06,locked,2026-10-07T23:44:52Z,,M3-06 logs wiring
crates/sverb-tui/src/widgets/form/snapshots/sverb_tui__widgets__form__tests__form_error_80x24.snap,agent-M1-06,M1-06,locked,2026-10-07T23:44:58Z,,M1-06 snapshot
crates/sverb-tui/src/widgets/form/snapshots/sverb_tui__widgets__form__tests__form_error_80x24.snap,agent-M1-06,M1-06,modified,2026-10-07T23:44:58Z,,new M1-06 snapshot
crates/sverb-tui/src/widgets/form/snapshots/sverb_tui__widgets__form__tests__t15_inherited_60x10.snap,agent-M1-06,M1-06,locked,2026-10-07T23:44:58Z,,M1-06 snapshot
crates/sverb-tui/src/widgets/form/snapshots/sverb_tui__widgets__form__tests__t15_inherited_60x10.snap,agent-M1-06,M1-06,modified,2026-10-07T23:44:58Z,,new M1-06 snapshot
crates/sverb-tui/src/widgets/snapshots/sverb_tui__widgets__dialog_tests__t21_choice_80x24.snap,agent-M1-06,M1-06,locked,2026-10-07T23:44:58Z,,M1-06 snapshot
crates/sverb-tui/src/widgets/snapshots/sverb_tui__widgets__dialog_tests__t21_choice_80x24.snap,agent-M1-06,M1-06,modified,2026-10-07T23:44:58Z,,new M1-06 snapshot
crates/sverb-tui/src/widgets/snapshots/sverb_tui__widgets__dialog_tests__t21_confirm_80x24.snap,agent-M1-06,M1-06,locked,2026-10-07T23:44:58Z,,M1-06 snapshot
crates/sverb-tui/src/widgets/snapshots/sverb_tui__widgets__dialog_tests__t21_confirm_80x24.snap,agent-M1-06,M1-06,modified,2026-10-07T23:44:58Z,,new M1-06 snapshot
crates/sverb-tui/src/widgets/snapshots/sverb_tui__widgets__dialog_tests__t21_danger_80x24.snap,agent-M1-06,M1-06,locked,2026-10-07T23:44:58Z,,M1-06 snapshot
crates/sverb-tui/src/widgets/snapshots/sverb_tui__widgets__dialog_tests__t21_danger_80x24.snap,agent-M1-06,M1-06,modified,2026-10-07T23:44:58Z,,new M1-06 snapshot
crates/sverb-tui/src/widgets/snapshots/sverb_tui__widgets__dialog_tests__t21_info_80x24.snap,agent-M1-06,M1-06,locked,2026-10-07T23:44:58Z,,M1-06 snapshot
crates/sverb-tui/src/widgets/snapshots/sverb_tui__widgets__dialog_tests__t21_info_80x24.snap,agent-M1-06,M1-06,modified,2026-10-07T23:44:58Z,,new M1-06 snapshot
crates/sverb-tui/src/widgets/snapshots/sverb_tui__widgets__dialog_tests__t21_progress_80x24.snap,agent-M1-06,M1-06,locked,2026-10-07T23:44:58Z,,M1-06 snapshot
crates/sverb-tui/src/widgets/snapshots/sverb_tui__widgets__dialog_tests__t21_progress_80x24.snap,agent-M1-06,M1-06,modified,2026-10-07T23:44:58Z,,new M1-06 snapshot
crates/sverb-tui/src/widgets/snapshots/sverb_tui__widgets__dialog_tests__t21_prompt_secret_80x24.snap,agent-M1-06,M1-06,locked,2026-10-07T23:44:58Z,,M1-06 snapshot
crates/sverb-tui/src/widgets/snapshots/sverb_tui__widgets__dialog_tests__t21_prompt_secret_80x24.snap,agent-M1-06,M1-06,modified,2026-10-07T23:44:58Z,,new M1-06 snapshot
crates/sverb-tui/src/widgets/snapshots/sverb_tui__widgets__dialog_tests__t21_prompt_text_80x24.snap,agent-M1-06,M1-06,locked,2026-10-07T23:44:58Z,,M1-06 snapshot
crates/sverb-tui/src/widgets/snapshots/sverb_tui__widgets__dialog_tests__t21_prompt_text_80x24.snap,agent-M1-06,M1-06,modified,2026-10-07T23:44:58Z,,new M1-06 snapshot
crates/sverb-tui/src/widgets/snapshots/sverb_tui__widgets__list_tests__t01_scrolled_80x24.snap,agent-M1-06,M1-06,locked,2026-10-07T23:44:58Z,,M1-06 snapshot
crates/sverb-tui/src/widgets/snapshots/sverb_tui__widgets__list_tests__t01_scrolled_80x24.snap,agent-M1-06,M1-06,modified,2026-10-07T23:44:58Z,,new M1-06 snapshot
crates/sverb-tui/src/widgets/snapshots/sverb_tui__widgets__list_tests__t06_detail_160x48.snap,agent-M1-06,M1-06,locked,2026-10-07T23:44:58Z,,M1-06 snapshot
crates/sverb-tui/src/widgets/snapshots/sverb_tui__widgets__list_tests__t06_detail_160x48.snap,agent-M1-06,M1-06,modified,2026-10-07T23:44:58Z,,new M1-06 snapshot
crates/sverb-tui/src/widgets/snapshots/sverb_tui__widgets__list_tests__t06_no_detail_80x24.snap,agent-M1-06,M1-06,locked,2026-10-07T23:44:58Z,,M1-06 snapshot
crates/sverb-tui/src/widgets/snapshots/sverb_tui__widgets__list_tests__t06_no_detail_80x24.snap,agent-M1-06,M1-06,modified,2026-10-07T23:44:58Z,,new M1-06 snapshot
crates/sverb-tui/src/widgets/confirm.rs,agent-M1-06,M1-06,modified,2026-10-07T23:44:58Z,,new M1-06 file
crates/sverb-tui/src/widgets/dialog.rs,agent-M1-06,M1-06,modified,2026-10-07T23:44:58Z,,new M1-06 file
crates/sverb-tui/src/widgets/dialog_tests.rs,agent-M1-06,M1-06,modified,2026-10-07T23:44:58Z,,new M1-06 file
crates/sverb-tui/src/widgets/form/kv_list.rs,agent-M1-06,M1-06,modified,2026-10-07T23:44:58Z,,new M1-06 file
crates/sverb-tui/src/widgets/form/mod.rs,agent-M1-06,M1-06,modified,2026-10-07T23:44:58Z,,new M1-06 file
crates/sverb-tui/src/widgets/form/multiline.rs,agent-M1-06,M1-06,modified,2026-10-07T23:44:58Z,,new M1-06 file
crates/sverb-tui/src/widgets/form/multiselect.rs,agent-M1-06,M1-06,modified,2026-10-07T23:44:58Z,,new M1-06 file
crates/sverb-tui/src/widgets/form/number.rs,agent-M1-06,M1-06,modified,2026-10-07T23:44:58Z,,new M1-06 file
crates/sverb-tui/src/widgets/form/reference.rs,agent-M1-06,M1-06,modified,2026-10-07T23:44:58Z,,new M1-06 file
crates/sverb-tui/src/widgets/form/secret.rs,agent-M1-06,M1-06,modified,2026-10-07T23:44:58Z,,new M1-06 file
crates/sverb-tui/src/widgets/form/select.rs,agent-M1-06,M1-06,modified,2026-10-07T23:44:58Z,,new M1-06 file
crates/sverb-tui/src/widgets/form/tests.rs,agent-M1-06,M1-06,modified,2026-10-07T23:44:58Z,,new M1-06 file
crates/sverb-tui/src/widgets/form/text.rs,agent-M1-06,M1-06,modified,2026-10-07T23:44:58Z,,new M1-06 file
crates/sverb-tui/src/widgets/list.rs,agent-M1-06,M1-06,modified,2026-10-07T23:44:58Z,,new M1-06 file
crates/sverb-tui/src/widgets/list_tests.rs,agent-M1-06,M1-06,modified,2026-10-07T23:44:58Z,,new M1-06 file
crates/sverb-tui/src/widgets/test_util.rs,agent-M1-06,M1-06,modified,2026-10-07T23:44:58Z,,new M1-06 file
crates/sverb-tui/Cargo.toml,agent-M1-06,M1-06,released,2026-10-07T23:45:33Z,,orchestrator: complete
crates/sverb-tui/src/app/event.rs,agent-M1-06,M1-06,released,2026-10-07T23:45:33Z,,orchestrator: complete
crates/sverb-tui/src/app/input.rs,agent-M1-06,M1-06,released,2026-10-07T23:45:33Z,,orchestrator: complete
crates/sverb-tui/src/app/modal.rs,agent-M1-06,M1-06,released,2026-10-07T23:45:33Z,,orchestrator: complete
crates/sverb-tui/src/app/mod.rs,agent-M1-06,M1-06,released,2026-10-07T23:45:33Z,,orchestrator: complete
crates/sverb-tui/src/testing.rs,agent-M1-06,M1-06,released,2026-10-07T23:45:34Z,,orchestrator: complete
crates/sverb-tui/src/views/dialogs.rs,agent-M1-06,M1-06,released,2026-10-07T23:45:34Z,,orchestrator: complete
crates/sverb-tui/src/views/mod.rs,agent-M1-06,M1-06,released,2026-10-07T23:45:34Z,,orchestrator: complete
crates/sverb-tui/src/widgets/confirm.rs,agent-M1-06,M1-06,released,2026-10-07T23:45:34Z,,orchestrator: complete
crates/sverb-tui/src/widgets/dialog.rs,agent-M1-06,M1-06,released,2026-10-07T23:45:34Z,,orchestrator: complete
crates/sverb-tui/src/widgets/dialog_tests.rs,agent-M1-06,M1-06,released,2026-10-07T23:45:34Z,,orchestrator: complete
crates/sverb-tui/src/widgets/form/kv_list.rs,agent-M1-06,M1-06,released,2026-10-07T23:45:34Z,,orchestrator: complete
crates/sverb-tui/src/widgets/form/mod.rs,agent-M1-06,M1-06,released,2026-10-07T23:45:34Z,,orchestrator: complete
crates/sverb-tui/src/widgets/form/multiline.rs,agent-M1-06,M1-06,released,2026-10-07T23:45:34Z,,orchestrator: complete
crates/sverb-tui/src/widgets/form/multiselect.rs,agent-M1-06,M1-06,released,2026-10-07T23:45:34Z,,orchestrator: complete
crates/sverb-tui/src/widgets/form/number.rs,agent-M1-06,M1-06,released,2026-10-07T23:45:34Z,,orchestrator: complete
crates/sverb-tui/src/widgets/form/reference.rs,agent-M1-06,M1-06,released,2026-10-07T23:45:34Z,,orchestrator: complete
crates/sverb-tui/src/widgets/form/secret.rs,agent-M1-06,M1-06,released,2026-10-07T23:45:34Z,,orchestrator: complete
crates/sverb-tui/src/widgets/form/select.rs,agent-M1-06,M1-06,released,2026-10-07T23:45:34Z,,orchestrator: complete
crates/sverb-tui/src/widgets/form/snapshots/sverb_tui__widgets__form__tests__form_error_80x24.snap,agent-M1-06,M1-06,released,2026-10-07T23:45:34Z,,orchestrator: complete
crates/sverb-tui/src/widgets/form/snapshots/sverb_tui__widgets__form__tests__t15_inherited_60x10.snap,agent-M1-06,M1-06,released,2026-10-07T23:45:34Z,,orchestrator: complete
crates/sverb-tui/src/widgets/form/tests.rs,agent-M1-06,M1-06,released,2026-10-07T23:45:34Z,,orchestrator: complete
crates/sverb-tui/src/widgets/form/text.rs,agent-M1-06,M1-06,released,2026-10-07T23:45:34Z,,orchestrator: complete
crates/sverb-tui/src/widgets/list.rs,agent-M1-06,M1-06,released,2026-10-07T23:45:34Z,,orchestrator: complete
crates/sverb-tui/src/widgets/list_tests.rs,agent-M1-06,M1-06,released,2026-10-07T23:45:34Z,,orchestrator: complete
crates/sverb-tui/src/widgets/mod.rs,agent-M1-06,M1-06,released,2026-10-07T23:45:34Z,,orchestrator: complete
crates/sverb-tui/src/widgets/snapshots/sverb_tui__widgets__dialog_tests__t21_choice_80x24.snap,agent-M1-06,M1-06,released,2026-10-07T23:45:34Z,,orchestrator: complete
crates/sverb-tui/src/widgets/snapshots/sverb_tui__widgets__dialog_tests__t21_confirm_80x24.snap,agent-M1-06,M1-06,released,2026-10-07T23:45:34Z,,orchestrator: complete
crates/sverb-tui/src/widgets/snapshots/sverb_tui__widgets__dialog_tests__t21_danger_80x24.snap,agent-M1-06,M1-06,released,2026-10-07T23:45:34Z,,orchestrator: complete
crates/sverb-tui/src/widgets/snapshots/sverb_tui__widgets__dialog_tests__t21_info_80x24.snap,agent-M1-06,M1-06,released,2026-10-07T23:45:34Z,,orchestrator: complete
crates/sverb-tui/src/widgets/snapshots/sverb_tui__widgets__dialog_tests__t21_progress_80x24.snap,agent-M1-06,M1-06,released,2026-10-07T23:45:34Z,,orchestrator: complete
crates/sverb-tui/src/widgets/snapshots/sverb_tui__widgets__dialog_tests__t21_prompt_secret_80x24.snap,agent-M1-06,M1-06,released,2026-10-07T23:45:34Z,,orchestrator: complete
crates/sverb-tui/src/widgets/snapshots/sverb_tui__widgets__dialog_tests__t21_prompt_text_80x24.snap,agent-M1-06,M1-06,released,2026-10-07T23:45:34Z,,orchestrator: complete
crates/sverb-tui/src/widgets/snapshots/sverb_tui__widgets__list_tests__t01_scrolled_80x24.snap,agent-M1-06,M1-06,released,2026-10-07T23:45:34Z,,orchestrator: complete
crates/sverb-tui/src/widgets/snapshots/sverb_tui__widgets__list_tests__t06_detail_160x48.snap,agent-M1-06,M1-06,released,2026-10-07T23:45:34Z,,orchestrator: complete
crates/sverb-tui/src/widgets/snapshots/sverb_tui__widgets__list_tests__t06_no_detail_80x24.snap,agent-M1-06,M1-06,released,2026-10-07T23:45:34Z,,orchestrator: complete
crates/sverb-tui/src/widgets/test_util.rs,agent-M1-06,M1-06,released,2026-10-07T23:45:34Z,,orchestrator: complete
crates/sverb-core/src/quick_connect.rs,agent-M1-07,M1-07,locked,2026-10-07T23:51:02Z,,quick connect parser and ssh command render
crates/sverb-core/src/ssh_command.rs,agent-M1-07,M1-07,locked,2026-10-07T23:51:02Z,,quick connect parser and ssh command render
crates/sverb-core/src/lib.rs,agent-M1-07,M1-07,locked,2026-10-07T23:51:02Z,,quick connect parser and ssh command render
crates/sverb-tui/src/app/snapshots/sverb_tui__app__logs__tests__t09_logs_160x48.snap,agent-M3-06,M3-06,locked,2026-10-07T23:51:11Z,,T-09 snapshot
crates/sverb-tui/tests/connlog.rs,agent-M3-06,M3-06,locked,2026-10-07T23:51:26Z,,ConnLog integration tests
crates/sverb-core/src/quick_connect.rs,agent-M1-07,M1-07,modified,2026-10-07T23:52:07Z,,M1-07 quick_connect + ssh_command
crates/sverb-core/src/ssh_command.rs,agent-M1-07,M1-07,modified,2026-10-07T23:52:07Z,,M1-07 quick_connect + ssh_command
crates/sverb-core/src/lib.rs,agent-M1-07,M1-07,modified,2026-10-07T23:52:07Z,,M1-07 quick_connect + ssh_command
crates/sverb-tui/src/views/hosts.rs,agent-M1-07,M1-07,locked,2026-10-07T23:53:20Z,,hosts view / item service
crates/sverb-tui/src/views/hosts/mod.rs,agent-M1-07,M1-07,locked,2026-10-07T23:53:20Z,,hosts view / item service
crates/sverb-tui/src/views/hosts/catalog.rs,agent-M1-07,M1-07,locked,2026-10-07T23:53:20Z,,hosts view / item service
crates/sverb-tui/src/views/hosts/form.rs,agent-M1-07,M1-07,locked,2026-10-07T23:53:20Z,,hosts view / item service
crates/sverb-tui/src/views/hosts/detail.rs,agent-M1-07,M1-07,locked,2026-10-07T23:53:20Z,,hosts view / item service
crates/sverb-tui/src/views/hosts/quick.rs,agent-M1-07,M1-07,locked,2026-10-07T23:53:20Z,,hosts view / item service
crates/sverb-tui/src/views/hosts/tests.rs,agent-M1-07,M1-07,locked,2026-10-07T23:53:20Z,,hosts view / item service
crates/sverb-tui/src/services/vault/items.rs,agent-M1-07,M1-07,locked,2026-10-07T23:53:20Z,,hosts view / item service
crates/sverb-tui/src/services/vault.rs,agent-M1-07,M1-07,locked,2026-10-07T23:53:20Z,,hosts view / item service
crates/sverb-tui/src/app/hosts.rs,agent-M1-07,M1-07,locked,2026-10-07T23:53:20Z,,hosts view / item service
crates/sverb-tui/src/app/event.rs,agent-M3-06,M3-06,copy,2026-10-07T23:58:36Z,.merge/agent-M3-06/crates/sverb-tui/src/app/event.rs,M3-06 logs wiring (see MERGE-NOTES)
crates/sverb-tui/src/app/mod.rs,agent-M3-06,M3-06,copy,2026-10-07T23:58:36Z,.merge/agent-M3-06/crates/sverb-tui/src/app/mod.rs,M3-06 logs wiring (see MERGE-NOTES)
crates/sverb-tui/src/app/input.rs,agent-M3-06,M3-06,copy,2026-10-07T23:58:36Z,.merge/agent-M3-06/crates/sverb-tui/src/app/input.rs,M3-06 logs wiring (see MERGE-NOTES)
crates/sverb-tui/src/views/mod.rs,agent-M3-06,M3-06,copy,2026-10-07T23:58:36Z,.merge/agent-M3-06/crates/sverb-tui/src/views/mod.rs,M3-06 logs wiring (see MERGE-NOTES)
crates/sverb-tui/src/views/dialogs.rs,agent-M3-06,M3-06,copy,2026-10-07T23:58:36Z,.merge/agent-M3-06/crates/sverb-tui/src/views/dialogs.rs,M3-06 logs wiring (see MERGE-NOTES)
crates/sverb-tui/src/app/effect.rs,agent-M3-06,M3-06,copy,2026-10-07T23:58:36Z,.merge/agent-M3-06/crates/sverb-tui/src/app/effect.rs,M3-06 logs wiring (see MERGE-NOTES)
crates/sverb-tui/src/app/shell.rs,agent-M3-06,M3-06,copy,2026-10-07T23:58:36Z,.merge/agent-M3-06/crates/sverb-tui/src/app/shell.rs,M3-06 logs wiring (see MERGE-NOTES)
crates/sverb-tui/src/services/mod.rs,agent-M3-06,M3-06,copy,2026-10-07T23:58:36Z,.merge/agent-M3-06/crates/sverb-tui/src/services/mod.rs,M3-06 logs wiring (see MERGE-NOTES)
crates/sverb-tui/src/services/recording.rs,agent-M3-06,M3-06,copy,2026-10-07T23:58:36Z,.merge/agent-M3-06/crates/sverb-tui/src/services/recording.rs,M3-06 logs wiring (see MERGE-NOTES)
crates/sverb-tui/src/runtime/mod.rs,agent-M3-06,M3-06,copy,2026-10-07T23:58:36Z,.merge/agent-M3-06/crates/sverb-tui/src/runtime/mod.rs,M3-06 logs wiring (see MERGE-NOTES)
crates/sverb-tui/src/app/logs.rs,agent-M3-06,M3-06,copy,2026-10-07T23:58:36Z,.merge/agent-M3-06/crates/sverb-tui/src/app/logs.rs,M3-06 logs wiring (see MERGE-NOTES)
crates/sverb-tui/src/app/logs_tests.rs,agent-M3-06,M3-06,copy,2026-10-07T23:58:36Z,.merge/agent-M3-06/crates/sverb-tui/src/app/logs_tests.rs,M3-06 logs wiring (see MERGE-NOTES)
crates/sverb-tui/src/services/connlog.rs,agent-M3-06,M3-06,copy,2026-10-07T23:58:36Z,.merge/agent-M3-06/crates/sverb-tui/src/services/connlog.rs,M3-06 logs wiring (see MERGE-NOTES)
crates/sverb-tui/src/services/maintenance.rs,agent-M3-06,M3-06,copy,2026-10-07T23:58:36Z,.merge/agent-M3-06/crates/sverb-tui/src/services/maintenance.rs,M3-06 logs wiring (see MERGE-NOTES)
crates/sverb-tui/tests/connlog.rs,agent-M3-06,M3-06,copy,2026-10-07T23:58:36Z,.merge/agent-M3-06/crates/sverb-tui/tests/connlog.rs,M3-06 logs wiring (see MERGE-NOTES)
crates/sverb-tui/src/app/snapshots/sverb_tui__app__logs__tests__t09_logs_160x48.snap,agent-M3-06,M3-06,copy,2026-10-07T23:58:36Z,.merge/agent-M3-06/crates/sverb-tui/src/app/snapshots/sverb_tui__app__logs__tests__t09_logs_160x48.snap,M3-06 logs wiring (see MERGE-NOTES)
crates/sverb-tui/src/services/vault.rs,agent-M1-07,M1-07,modified,2026-10-07T23:58:47Z,,items module; VaultEffect::Items arm; item clock
crates/sverb-tui/src/app/vault.rs,agent-M1-07,M1-07,locked,2026-10-07T23:58:47Z,,VaultEffect::Items / VaultEvent::ItemFailed
crates/sverb-tui/src/app/vault.rs,agent-M1-07,M1-07,modified,2026-10-07T23:58:59Z,,VaultEffect::Items; VaultEvent::ItemFailed; HostForm discard on lock
crates/sverb-tui/src/app/state.rs,agent-M1-07,M1-07,locked,2026-10-07T23:58:59Z,,M1-07 wiring
crates/sverb-tui/src/app/sessions.rs,agent-M1-07,M1-07,locked,2026-10-07T23:58:59Z,,M1-07 wiring
crates/sverb-conn/src/connlog.rs,agent-M3-06,M3-06,released,2026-10-07T23:59:12Z,,orchestrator: complete
crates/sverb-conn/src/connlog_tests.rs,agent-M3-06,M3-06,released,2026-10-07T23:59:12Z,,orchestrator: complete
crates/sverb-conn/src/lib.rs,agent-M3-06,M3-06,released,2026-10-07T23:59:12Z,,orchestrator: complete
crates/sverb-conn/src/manager.rs,agent-M3-06,M3-06,released,2026-10-07T23:59:12Z,,orchestrator: complete
crates/sverb-conn/src/session/actor.rs,agent-M3-06,M3-06,released,2026-10-07T23:59:12Z,,orchestrator: complete
crates/sverb-core/src/config/default_config.toml,agent-M3-06,M3-06,released,2026-10-07T23:59:12Z,,orchestrator: complete
crates/sverb-core/src/config/model.rs,agent-M3-06,M3-06,released,2026-10-07T23:59:12Z,,orchestrator: complete
crates/sverb-core/src/config/tests.rs,agent-M3-06,M3-06,released,2026-10-07T23:59:12Z,,orchestrator: complete
crates/sverb-core/src/model/items.rs,agent-M3-06,M3-06,released,2026-10-07T23:59:12Z,,orchestrator: complete
crates/sverb-core/src/model/tests.rs,agent-M3-06,M3-06,released,2026-10-07T23:59:12Z,,orchestrator: complete
crates/sverb-tui/src/views/logs/detail.rs,agent-M3-06,M3-06,released,2026-10-07T23:59:12Z,,orchestrator: complete
crates/sverb-tui/src/views/logs/list.rs,agent-M3-06,M3-06,released,2026-10-07T23:59:12Z,,orchestrator: complete
crates/sverb-tui/src/views/logs/mod.rs,agent-M3-06,M3-06,released,2026-10-07T23:59:12Z,,orchestrator: complete
docs/config.schema.json,agent-M3-06,M3-06,released,2026-10-07T23:59:12Z,,orchestrator: complete
docs/data-model.md,agent-M3-06,M3-06,released,2026-10-07T23:59:12Z,,orchestrator: complete
crates/sverb-tui/src/app/effect.rs,agent-M3-06,M3-06,released,2026-10-07T23:59:20Z,,orchestrator merging
crates/sverb-tui/src/app/event.rs,agent-M3-06,M3-06,released,2026-10-07T23:59:20Z,,orchestrator merging
crates/sverb-tui/src/app/input.rs,agent-M3-06,M3-06,released,2026-10-07T23:59:20Z,,orchestrator merging
crates/sverb-tui/src/app/logs.rs,agent-M3-06,M3-06,released,2026-10-07T23:59:20Z,,orchestrator merging
crates/sverb-tui/src/app/logs_tests.rs,agent-M3-06,M3-06,released,2026-10-07T23:59:20Z,,orchestrator merging
crates/sverb-tui/src/app/mod.rs,agent-M3-06,M3-06,released,2026-10-07T23:59:20Z,,orchestrator merging
crates/sverb-tui/src/app/shell.rs,agent-M3-06,M3-06,released,2026-10-07T23:59:20Z,,orchestrator merging
crates/sverb-tui/src/app/snapshots/sverb_tui__app__logs__tests__t09_logs_160x48.snap,agent-M3-06,M3-06,released,2026-10-07T23:59:20Z,,orchestrator merging
crates/sverb-tui/src/runtime/mod.rs,agent-M3-06,M3-06,released,2026-10-07T23:59:20Z,,orchestrator merging
crates/sverb-tui/src/services/connlog.rs,agent-M3-06,M3-06,released,2026-10-07T23:59:20Z,,orchestrator merging
crates/sverb-tui/src/services/maintenance.rs,agent-M3-06,M3-06,released,2026-10-07T23:59:20Z,,orchestrator merging
crates/sverb-tui/src/services/mod.rs,agent-M3-06,M3-06,released,2026-10-07T23:59:20Z,,orchestrator merging
crates/sverb-tui/src/services/recording.rs,agent-M3-06,M3-06,released,2026-10-07T23:59:20Z,,orchestrator merging
crates/sverb-tui/src/views/dialogs.rs,agent-M3-06,M3-06,released,2026-10-07T23:59:20Z,,orchestrator merging
crates/sverb-tui/src/views/mod.rs,agent-M3-06,M3-06,released,2026-10-07T23:59:20Z,,orchestrator merging
crates/sverb-tui/tests/connlog.rs,agent-M3-06,M3-06,released,2026-10-07T23:59:20Z,,orchestrator merging
crates/sverb-tui/src/app/event.rs,orchestrator,MERGE-M3-06,locked,2026-10-07T23:59:20Z,,merge
crates/sverb-tui/src/app/mod.rs,orchestrator,MERGE-M3-06,locked,2026-10-07T23:59:20Z,,merge
crates/sverb-tui/src/app/input.rs,orchestrator,MERGE-M3-06,locked,2026-10-07T23:59:20Z,,merge
crates/sverb-tui/src/app/effect.rs,orchestrator,MERGE-M3-06,locked,2026-10-07T23:59:20Z,,merge
crates/sverb-tui/src/app/shell.rs,orchestrator,MERGE-M3-06,locked,2026-10-07T23:59:20Z,,merge
crates/sverb-tui/src/app/logs_tests.rs,orchestrator,MERGE-M3-06,locked,2026-10-07T23:59:20Z,,merge
crates/sverb-tui/src/app/logs.rs,orchestrator,MERGE-M3-06,locked,2026-10-07T23:59:20Z,,merge
crates/sverb-tui/src/app/snapshots/sverb_tui__app__logs__tests__t09_logs_160x48.snap,orchestrator,MERGE-M3-06,locked,2026-10-07T23:59:20Z,,merge
crates/sverb-tui/src/views/mod.rs,orchestrator,MERGE-M3-06,locked,2026-10-07T23:59:20Z,,merge
crates/sverb-tui/src/views/dialogs.rs,orchestrator,MERGE-M3-06,locked,2026-10-07T23:59:20Z,,merge
crates/sverb-tui/src/services/mod.rs,orchestrator,MERGE-M3-06,locked,2026-10-07T23:59:20Z,,merge
crates/sverb-tui/src/services/recording.rs,orchestrator,MERGE-M3-06,locked,2026-10-07T23:59:20Z,,merge
crates/sverb-tui/src/services/maintenance.rs,orchestrator,MERGE-M3-06,locked,2026-10-07T23:59:20Z,,merge
crates/sverb-tui/src/services/connlog.rs,orchestrator,MERGE-M3-06,locked,2026-10-07T23:59:20Z,,merge
crates/sverb-tui/src/runtime/mod.rs,orchestrator,MERGE-M3-06,locked,2026-10-07T23:59:20Z,,merge
crates/sverb-tui/tests/connlog.rs,orchestrator,MERGE-M3-06,locked,2026-10-07T23:59:20Z,,merge
crates/sverb-tui/src/app/effect.rs,orchestrator,MERGE-M3-06,released,2026-10-07T23:59:38Z,,merged
crates/sverb-tui/src/app/event.rs,orchestrator,MERGE-M3-06,released,2026-10-07T23:59:38Z,,merged
crates/sverb-tui/src/app/input.rs,orchestrator,MERGE-M3-06,released,2026-10-07T23:59:38Z,,merged
crates/sverb-tui/src/app/logs.rs,orchestrator,MERGE-M3-06,released,2026-10-07T23:59:38Z,,merged
crates/sverb-tui/src/app/logs_tests.rs,orchestrator,MERGE-M3-06,released,2026-10-07T23:59:38Z,,merged
crates/sverb-tui/src/app/mod.rs,orchestrator,MERGE-M3-06,released,2026-10-07T23:59:38Z,,merged
crates/sverb-tui/src/app/shell.rs,orchestrator,MERGE-M3-06,released,2026-10-07T23:59:38Z,,merged
crates/sverb-tui/src/app/snapshots/sverb_tui__app__logs__tests__t09_logs_160x48.snap,orchestrator,MERGE-M3-06,released,2026-10-07T23:59:38Z,,merged
crates/sverb-tui/src/runtime/mod.rs,orchestrator,MERGE-M3-06,released,2026-10-07T23:59:38Z,,merged
crates/sverb-tui/src/services/connlog.rs,orchestrator,MERGE-M3-06,released,2026-10-07T23:59:38Z,,merged
crates/sverb-tui/src/services/maintenance.rs,orchestrator,MERGE-M3-06,released,2026-10-07T23:59:38Z,,merged
crates/sverb-tui/src/services/mod.rs,orchestrator,MERGE-M3-06,released,2026-10-07T23:59:38Z,,merged
crates/sverb-tui/src/services/recording.rs,orchestrator,MERGE-M3-06,released,2026-10-07T23:59:38Z,,merged
crates/sverb-tui/src/views/dialogs.rs,orchestrator,MERGE-M3-06,released,2026-10-07T23:59:38Z,,merged
crates/sverb-tui/src/views/mod.rs,orchestrator,MERGE-M3-06,released,2026-10-07T23:59:38Z,,merged
crates/sverb-tui/tests/connlog.rs,orchestrator,MERGE-M3-06,released,2026-10-07T23:59:38Z,,merged
crates/sverb-tui/src/app/event.rs,agent-M1-07,M1-07,locked,2026-10-08T00:00:12Z,,M1-07 wiring
crates/sverb-tui/src/views/dialogs.rs,agent-M1-07,M1-07,locked,2026-10-08T00:00:12Z,,M1-07 wiring
crates/sverb-tui/src/views/mod.rs,agent-M1-07,M1-07,locked,2026-10-08T00:00:12Z,,M1-07 wiring
crates/sverb-tui/src/app/mod.rs,agent-M1-07,M1-07,locked,2026-10-08T00:00:12Z,,M1-07 wiring
crates/sverb-tui/src/app/input.rs,agent-M1-07,M1-07,locked,2026-10-08T00:00:12Z,,M1-07 wiring
crates/sverb-tui/src/app/shell.rs,agent-M1-07,M1-07,locked,2026-10-08T00:00:12Z,,M1-07 wiring
crates/sverb-tui/src/app/effect.rs,agent-M1-07,M1-07,locked,2026-10-08T00:00:12Z,,M1-07 wiring
crates/sverb-tui/src/services/mod.rs,agent-M1-07,M1-07,locked,2026-10-08T00:00:12Z,,M1-07 wiring
crates/sverb-tui/src/app/logs.rs,agent-M1-07,M1-07,locked,2026-10-08T00:02:57Z,,reconnect via host_id
crates/sverb-tui/src/views/hosts.rs,agent-M1-07,M1-07,modified,2026-10-08T00:03:39Z,,M1-07 hosts
crates/sverb-tui/src/views/hosts/mod.rs,agent-M1-07,M1-07,modified,2026-10-08T00:03:39Z,,M1-07 hosts
crates/sverb-tui/src/views/hosts/catalog.rs,agent-M1-07,M1-07,modified,2026-10-08T00:03:39Z,,M1-07 hosts
crates/sverb-tui/src/views/hosts/form.rs,agent-M1-07,M1-07,modified,2026-10-08T00:03:39Z,,M1-07 hosts
crates/sverb-tui/src/views/hosts/detail.rs,agent-M1-07,M1-07,modified,2026-10-08T00:03:39Z,,M1-07 hosts
crates/sverb-tui/src/views/hosts/quick.rs,agent-M1-07,M1-07,modified,2026-10-08T00:03:39Z,,M1-07 hosts
crates/sverb-tui/src/services/vault/items.rs,agent-M1-07,M1-07,modified,2026-10-08T00:03:39Z,,M1-07 hosts
crates/sverb-tui/src/app/hosts.rs,agent-M1-07,M1-07,modified,2026-10-08T00:03:39Z,,M1-07 hosts
crates/sverb-tui/src/app/event.rs,agent-M1-07,M1-07,modified,2026-10-08T00:03:39Z,,M1-07 hosts
crates/sverb-tui/src/app/state.rs,agent-M1-07,M1-07,modified,2026-10-08T00:03:39Z,,M1-07 hosts
crates/sverb-tui/src/views/dialogs.rs,agent-M1-07,M1-07,modified,2026-10-08T00:03:39Z,,M1-07 hosts
crates/sverb-tui/src/views/mod.rs,agent-M1-07,M1-07,modified,2026-10-08T00:03:39Z,,M1-07 hosts
crates/sverb-tui/src/app/mod.rs,agent-M1-07,M1-07,modified,2026-10-08T00:03:39Z,,M1-07 hosts
crates/sverb-tui/src/app/input.rs,agent-M1-07,M1-07,modified,2026-10-08T00:03:39Z,,M1-07 hosts
crates/sverb-tui/src/app/shell.rs,agent-M1-07,M1-07,modified,2026-10-08T00:03:39Z,,M1-07 hosts
crates/sverb-tui/src/app/effect.rs,agent-M1-07,M1-07,modified,2026-10-08T00:03:39Z,,M1-07 hosts
crates/sverb-tui/src/services/mod.rs,agent-M1-07,M1-07,modified,2026-10-08T00:03:39Z,,M1-07 hosts
crates/sverb-tui/src/app/sessions.rs,agent-M1-07,M1-07,modified,2026-10-08T00:03:39Z,,M1-07 hosts
crates/sverb-tui/src/app/logs.rs,agent-M1-07,M1-07,modified,2026-10-08T00:03:39Z,,M1-07 hosts
crates/sverb-tui/src/testing.rs,agent-M1-07,M1-07,locked,2026-10-08T00:04:26Z,,ItemForm -> HostForm; seeded hosts
crates/sverb-tui/src/keymap/tests.rs,agent-M1-07,M1-07,locked,2026-10-08T00:04:26Z,,ItemForm -> HostForm; seeded hosts
crates/sverb-tui/src/app/vault/tests.rs,agent-M1-07,M1-07,locked,2026-10-08T00:04:26Z,,ItemForm -> HostForm; seeded hosts
crates/sverb-tui/src/widgets/dialog_tests.rs,agent-M1-07,M1-07,locked,2026-10-08T00:04:26Z,,ItemForm -> HostForm; seeded hosts
crates/sverb-tui/src/app/hosts_tests.rs,agent-M1-07,M1-07,locked,2026-10-08T00:05:07Z,,reducer tests
crates/sverb-tui/src/shell_tests.rs,agent-M1-07,M1-07,locked,2026-10-08T00:05:28Z,,hosts list replaces placeholder
crates/sverb-tui/src/runtime/tests.rs,agent-M1-07,M1-07,locked,2026-10-08T00:05:28Z,,hosts list replaces placeholder
crates/sverb-tui/src/widgets/list.rs,agent-M1-07,M1-07,locked,2026-10-08T00:06:17Z,,fix stale-index panic in set_rows
crates/sverb-tui/src/widgets/list.rs,agent-M1-07,M1-07,modified,2026-10-08T00:06:17Z,,set_rows: keep the cursor key before replacing rows (index panic)
crates/sverb-tui/src/views/hosts/tests.rs,agent-M1-07,M1-07,modified,2026-10-08T00:07:35Z,,T-03 T-11 T-12
crates/sverb-tui/src/app/hosts_tests.rs,agent-M1-07,M1-07,modified,2026-10-08T00:07:35Z,,T-08 T-09 T-10
crates/sverb-tui/tests/hosts.rs,agent-M1-07,M1-07,locked,2026-10-08T00:08:04Z,,T-04..T-07
crates/sverb/src/cli/hosts.rs,agent-M1-07,M1-07,locked,2026-10-08T00:13:12Z,,CLI hosts
crates/sverb/src/cli/mod.rs,agent-M1-07,M1-07,locked,2026-10-08T00:13:12Z,,CLI hosts
crates/sverb/src/cli/tests.rs,agent-M1-07,M1-07,locked,2026-10-08T00:13:12Z,,CLI hosts
crates/sverb/src/cli/vault.rs,agent-M1-07,M1-07,locked,2026-10-08T00:13:12Z,,CLI hosts
crates/sverb/src/cli/exit.rs,agent-M1-07,M1-07,locked,2026-10-08T00:13:12Z,,CLI hosts
crates/sverb/src/cli/snapshots/help@sync.snap,agent-M1-07,M1-07,locked,2026-10-08T00:14:41Z,,help text
crates/sverb/src/cli/snapshots/help@local.snap,agent-M1-07,M1-07,locked,2026-10-08T00:14:41Z,,help text
crates/sverb/src/cli/snapshots/help@sync.snap,agent-M1-07,M1-07,modified,2026-10-08T00:15:01Z,,hosts add --create-group; rm --yes
crates/sverb/src/cli/snapshots/help@local.snap,agent-M1-07,M1-07,modified,2026-10-08T00:15:01Z,,hosts add --create-group; rm --yes
crates/sverb/src/cli/hosts.rs,agent-M1-07,M1-07,modified,2026-10-08T00:15:01Z,,CLI hosts list/add/rm
crates/sverb/src/cli/mod.rs,agent-M1-07,M1-07,modified,2026-10-08T00:15:01Z,,CLI hosts list/add/rm
crates/sverb/src/cli/tests.rs,agent-M1-07,M1-07,modified,2026-10-08T00:15:01Z,,CLI hosts list/add/rm
crates/sverb/src/cli/vault.rs,agent-M1-07,M1-07,released,2026-10-08T00:15:01Z,,unchanged
crates/sverb/src/cli/exit.rs,agent-M1-07,M1-07,released,2026-10-08T00:15:01Z,,unchanged
crates/sverb-tui/src/snapshots/sverb_tui__shell_tests__t06_default-light_80x24.snap,agent-M1-07,M1-07,locked,2026-10-08T00:15:12Z,,hosts list in snapshot
crates/sverb-tui/src/snapshots/sverb_tui__shell_tests__t06_default-light_80x24.snap,agent-M1-07,M1-07,modified,2026-10-08T00:15:12Z,,M1-07 hosts list replaces placeholder
crates/sverb-tui/src/snapshots/sverb_tui__shell_tests__t11_merged_80x20.snap,agent-M1-07,M1-07,locked,2026-10-08T00:15:12Z,,hosts list in snapshot
crates/sverb-tui/src/snapshots/sverb_tui__shell_tests__t11_merged_80x20.snap,agent-M1-07,M1-07,modified,2026-10-08T00:15:12Z,,M1-07 hosts list replaces placeholder
crates/sverb-tui/src/snapshots/sverb_tui__shell_tests__t05_no_color_160x48.snap,agent-M1-07,M1-07,locked,2026-10-08T00:15:12Z,,hosts list in snapshot
crates/sverb-tui/src/snapshots/sverb_tui__shell_tests__t05_no_color_160x48.snap,agent-M1-07,M1-07,modified,2026-10-08T00:15:12Z,,M1-07 hosts list replaces placeholder
crates/sverb-tui/src/snapshots/sverb_tui__shell_tests__t06_high-contrast_80x24.snap,agent-M1-07,M1-07,locked,2026-10-08T00:15:12Z,,hosts list in snapshot
crates/sverb-tui/src/snapshots/sverb_tui__shell_tests__t06_high-contrast_80x24.snap,agent-M1-07,M1-07,modified,2026-10-08T00:15:12Z,,M1-07 hosts list replaces placeholder
crates/sverb-tui/src/snapshots/sverb_tui__shell_tests__t04_default_dark_160x48.snap,agent-M1-07,M1-07,locked,2026-10-08T00:15:12Z,,hosts list in snapshot
crates/sverb-tui/src/snapshots/sverb_tui__shell_tests__t04_default_dark_160x48.snap,agent-M1-07,M1-07,modified,2026-10-08T00:15:12Z,,M1-07 hosts list replaces placeholder
crates/sverb-tui/src/snapshots/sverb_tui__shell_tests__t07_which_key_160x48.snap,agent-M1-07,M1-07,locked,2026-10-08T00:15:12Z,,hosts list in snapshot
crates/sverb-tui/src/snapshots/sverb_tui__shell_tests__t07_which_key_160x48.snap,agent-M1-07,M1-07,modified,2026-10-08T00:15:12Z,,M1-07 hosts list replaces placeholder
crates/sverb-tui/src/snapshots/sverb_tui__testing__tests__initial_80x24.snap,agent-M1-07,M1-07,locked,2026-10-08T00:15:12Z,,hosts list in snapshot
crates/sverb-tui/src/snapshots/sverb_tui__testing__tests__initial_80x24.snap,agent-M1-07,M1-07,modified,2026-10-08T00:15:12Z,,M1-07 hosts list replaces placeholder
crates/sverb-tui/src/snapshots/sverb_tui__testing__tests__confirm_quit_80x24.snap,agent-M1-07,M1-07,locked,2026-10-08T00:15:12Z,,hosts list in snapshot
crates/sverb-tui/src/snapshots/sverb_tui__testing__tests__confirm_quit_80x24.snap,agent-M1-07,M1-07,modified,2026-10-08T00:15:12Z,,M1-07 hosts list replaces placeholder
crates/sverb-tui/src/snapshots/sverb_tui__testing__tests__initial_160x48.snap,agent-M1-07,M1-07,locked,2026-10-08T00:15:12Z,,hosts list in snapshot
crates/sverb-tui/src/snapshots/sverb_tui__testing__tests__initial_160x48.snap,agent-M1-07,M1-07,modified,2026-10-08T00:15:12Z,,M1-07 hosts list replaces placeholder
crates/sverb-tui/src/snapshots/sverb_tui__shell_tests__t05_no_color_80x24.snap,agent-M1-07,M1-07,locked,2026-10-08T00:15:13Z,,hosts list in snapshot
crates/sverb-tui/src/snapshots/sverb_tui__shell_tests__t05_no_color_80x24.snap,agent-M1-07,M1-07,modified,2026-10-08T00:15:13Z,,M1-07 hosts list replaces placeholder
crates/sverb-tui/src/snapshots/sverb_tui__shell_tests__t07_which_key_80x24.snap,agent-M1-07,M1-07,locked,2026-10-08T00:15:13Z,,hosts list in snapshot
crates/sverb-tui/src/snapshots/sverb_tui__shell_tests__t07_which_key_80x24.snap,agent-M1-07,M1-07,modified,2026-10-08T00:15:13Z,,M1-07 hosts list replaces placeholder
crates/sverb-tui/src/snapshots/sverb_tui__shell_tests__t04_default_dark_80x24.snap,agent-M1-07,M1-07,locked,2026-10-08T00:15:13Z,,hosts list in snapshot
crates/sverb-tui/src/snapshots/sverb_tui__shell_tests__t04_default_dark_80x24.snap,agent-M1-07,M1-07,modified,2026-10-08T00:15:13Z,,M1-07 hosts list replaces placeholder
crates/sverb-tui/src/snapshots/sverb_tui__shell_tests__t09_three_toasts_80x24.snap,agent-M1-07,M1-07,locked,2026-10-08T00:15:13Z,,hosts list in snapshot
crates/sverb-tui/src/snapshots/sverb_tui__shell_tests__t09_three_toasts_80x24.snap,agent-M1-07,M1-07,modified,2026-10-08T00:15:13Z,,M1-07 hosts list replaces placeholder
crates/sverb-tui/src/keymap/snapshots/sverb_tui__keymap__tests__leader_notice_80x24.snap,agent-M1-07,M1-07,locked,2026-10-08T00:15:13Z,,hosts list in snapshot
crates/sverb-tui/src/keymap/snapshots/sverb_tui__keymap__tests__leader_notice_80x24.snap,agent-M1-07,M1-07,modified,2026-10-08T00:15:13Z,,M1-07 hosts list replaces placeholder
crates/sverb-tui/src/views/hosts/snapshots/sverb_tui__views__hosts__tests__t11_hosts_80x24.snap,agent-M1-07,M1-07,locked,2026-10-08T00:15:13Z,,hosts list in snapshot
crates/sverb-tui/src/views/hosts/snapshots/sverb_tui__views__hosts__tests__t11_hosts_80x24.snap,agent-M1-07,M1-07,modified,2026-10-08T00:15:13Z,,M1-07 hosts list replaces placeholder
crates/sverb-tui/src/views/hosts/snapshots/sverb_tui__views__hosts__tests__t12_host_form_160x48.snap,agent-M1-07,M1-07,locked,2026-10-08T00:15:13Z,,hosts list in snapshot
crates/sverb-tui/src/views/hosts/snapshots/sverb_tui__views__hosts__tests__t12_host_form_160x48.snap,agent-M1-07,M1-07,modified,2026-10-08T00:15:13Z,,M1-07 hosts list replaces placeholder
crates/sverb-tui/src/views/hosts/snapshots/sverb_tui__views__hosts__tests__t11_hosts_160x48.snap,agent-M1-07,M1-07,locked,2026-10-08T00:15:13Z,,hosts list in snapshot
crates/sverb-tui/src/views/hosts/snapshots/sverb_tui__views__hosts__tests__t11_hosts_160x48.snap,agent-M1-07,M1-07,modified,2026-10-08T00:15:13Z,,M1-07 hosts list replaces placeholder
crates/sverb-tui/src/testing.rs,agent-M1-07,M1-07,modified,2026-10-08T00:15:13Z,,ItemForm->HostForm; seeded hosts; M1-07 tests
crates/sverb-tui/src/keymap/tests.rs,agent-M1-07,M1-07,modified,2026-10-08T00:15:13Z,,ItemForm->HostForm; seeded hosts; M1-07 tests
crates/sverb-tui/src/app/vault/tests.rs,agent-M1-07,M1-07,modified,2026-10-08T00:15:13Z,,ItemForm->HostForm; seeded hosts; M1-07 tests
crates/sverb-tui/src/widgets/dialog_tests.rs,agent-M1-07,M1-07,modified,2026-10-08T00:15:13Z,,ItemForm->HostForm; seeded hosts; M1-07 tests
crates/sverb-tui/src/shell_tests.rs,agent-M1-07,M1-07,modified,2026-10-08T00:15:13Z,,ItemForm->HostForm; seeded hosts; M1-07 tests
crates/sverb-tui/src/runtime/tests.rs,agent-M1-07,M1-07,modified,2026-10-08T00:15:13Z,,ItemForm->HostForm; seeded hosts; M1-07 tests
crates/sverb-tui/tests/hosts.rs,agent-M1-07,M1-07,modified,2026-10-08T00:15:13Z,,ItemForm->HostForm; seeded hosts; M1-07 tests
README.md,agent-M1-07,M1-07,locked,2026-10-08T00:15:13Z,,Managing hosts section
README.md,agent-M1-07,M1-07,modified,2026-10-08T00:15:26Z,,Managing hosts section
crates/sverb/tests/cli.rs,agent-M1-07,M1-07,locked,2026-10-08T00:16:26Z,,hosts list is no longer a stub
crates/sverb/tests/cli.rs,agent-M1-07,M1-07,modified,2026-10-08T00:16:26Z,,hosts list exits 3 on a fresh home
docs/cli-json.md,agent-M1-07,M1-07,locked,2026-10-08T00:17:53Z,,hosts list schema
docs/cli-json.md,agent-M1-07,M1-07,modified,2026-10-08T00:17:53Z,,hosts list schema
crates/sverb-core/src/lib.rs,agent-M1-07,M1-07,released,2026-10-08T00:19:40Z,,orchestrator: complete
crates/sverb-core/src/quick_connect.rs,agent-M1-07,M1-07,released,2026-10-08T00:19:40Z,,orchestrator: complete
crates/sverb-core/src/ssh_command.rs,agent-M1-07,M1-07,released,2026-10-08T00:19:40Z,,orchestrator: complete
crates/sverb/src/cli/hosts.rs,agent-M1-07,M1-07,released,2026-10-08T00:19:40Z,,orchestrator: complete
crates/sverb/src/cli/mod.rs,agent-M1-07,M1-07,released,2026-10-08T00:19:40Z,,orchestrator: complete
crates/sverb/src/cli/snapshots/help@local.snap,agent-M1-07,M1-07,released,2026-10-08T00:19:40Z,,orchestrator: complete
crates/sverb/src/cli/snapshots/help@sync.snap,agent-M1-07,M1-07,released,2026-10-08T00:19:40Z,,orchestrator: complete
crates/sverb/src/cli/tests.rs,agent-M1-07,M1-07,released,2026-10-08T00:19:40Z,,orchestrator: complete
crates/sverb/tests/cli.rs,agent-M1-07,M1-07,released,2026-10-08T00:19:40Z,,orchestrator: complete
crates/sverb-tui/src/app/effect.rs,agent-M1-07,M1-07,released,2026-10-08T00:19:40Z,,orchestrator: complete
crates/sverb-tui/src/app/event.rs,agent-M1-07,M1-07,released,2026-10-08T00:19:40Z,,orchestrator: complete
crates/sverb-tui/src/app/hosts.rs,agent-M1-07,M1-07,released,2026-10-08T00:19:40Z,,orchestrator: complete
crates/sverb-tui/src/app/hosts_tests.rs,agent-M1-07,M1-07,released,2026-10-08T00:19:40Z,,orchestrator: complete
crates/sverb-tui/src/app/input.rs,agent-M1-07,M1-07,released,2026-10-08T00:19:40Z,,orchestrator: complete
crates/sverb-tui/src/app/logs.rs,agent-M1-07,M1-07,released,2026-10-08T00:19:40Z,,orchestrator: complete
crates/sverb-tui/src/app/mod.rs,agent-M1-07,M1-07,released,2026-10-08T00:19:40Z,,orchestrator: complete
crates/sverb-tui/src/app/sessions.rs,agent-M1-07,M1-07,released,2026-10-08T00:19:40Z,,orchestrator: complete
crates/sverb-tui/src/app/shell.rs,agent-M1-07,M1-07,released,2026-10-08T00:19:40Z,,orchestrator: complete
crates/sverb-tui/src/app/state.rs,agent-M1-07,M1-07,released,2026-10-08T00:19:40Z,,orchestrator: complete
crates/sverb-tui/src/app/vault.rs,agent-M1-07,M1-07,released,2026-10-08T00:19:40Z,,orchestrator: complete
crates/sverb-tui/src/app/vault/tests.rs,agent-M1-07,M1-07,released,2026-10-08T00:19:40Z,,orchestrator: complete
crates/sverb-tui/src/keymap/snapshots/sverb_tui__keymap__tests__leader_notice_80x24.snap,agent-M1-07,M1-07,released,2026-10-08T00:19:40Z,,orchestrator: complete
crates/sverb-tui/src/keymap/tests.rs,agent-M1-07,M1-07,released,2026-10-08T00:19:40Z,,orchestrator: complete
crates/sverb-tui/src/runtime/tests.rs,agent-M1-07,M1-07,released,2026-10-08T00:19:40Z,,orchestrator: complete
crates/sverb-tui/src/services/mod.rs,agent-M1-07,M1-07,released,2026-10-08T00:19:40Z,,orchestrator: complete
crates/sverb-tui/src/services/vault/items.rs,agent-M1-07,M1-07,released,2026-10-08T00:19:40Z,,orchestrator: complete
crates/sverb-tui/src/services/vault.rs,agent-M1-07,M1-07,released,2026-10-08T00:19:40Z,,orchestrator: complete
crates/sverb-tui/src/shell_tests.rs,agent-M1-07,M1-07,released,2026-10-08T00:19:40Z,,orchestrator: complete
crates/sverb-tui/src/snapshots/sverb_tui__shell_tests__t04_default_dark_160x48.snap,agent-M1-07,M1-07,released,2026-10-08T00:19:40Z,,orchestrator: complete
crates/sverb-tui/src/snapshots/sverb_tui__shell_tests__t04_default_dark_80x24.snap,agent-M1-07,M1-07,released,2026-10-08T00:19:40Z,,orchestrator: complete
crates/sverb-tui/src/snapshots/sverb_tui__shell_tests__t05_no_color_160x48.snap,agent-M1-07,M1-07,released,2026-10-08T00:19:40Z,,orchestrator: complete
crates/sverb-tui/src/snapshots/sverb_tui__shell_tests__t05_no_color_80x24.snap,agent-M1-07,M1-07,released,2026-10-08T00:19:40Z,,orchestrator: complete
crates/sverb-tui/src/snapshots/sverb_tui__shell_tests__t06_default-light_80x24.snap,agent-M1-07,M1-07,released,2026-10-08T00:19:40Z,,orchestrator: complete
crates/sverb-tui/src/snapshots/sverb_tui__shell_tests__t06_high-contrast_80x24.snap,agent-M1-07,M1-07,released,2026-10-08T00:19:40Z,,orchestrator: complete
crates/sverb-tui/src/snapshots/sverb_tui__shell_tests__t07_which_key_160x48.snap,agent-M1-07,M1-07,released,2026-10-08T00:19:40Z,,orchestrator: complete
crates/sverb-tui/src/snapshots/sverb_tui__shell_tests__t07_which_key_80x24.snap,agent-M1-07,M1-07,released,2026-10-08T00:19:40Z,,orchestrator: complete
crates/sverb-tui/src/snapshots/sverb_tui__shell_tests__t09_three_toasts_80x24.snap,agent-M1-07,M1-07,released,2026-10-08T00:19:40Z,,orchestrator: complete
crates/sverb-tui/src/snapshots/sverb_tui__shell_tests__t11_merged_80x20.snap,agent-M1-07,M1-07,released,2026-10-08T00:19:40Z,,orchestrator: complete
crates/sverb-tui/src/snapshots/sverb_tui__testing__tests__confirm_quit_80x24.snap,agent-M1-07,M1-07,released,2026-10-08T00:19:40Z,,orchestrator: complete
crates/sverb-tui/src/snapshots/sverb_tui__testing__tests__initial_160x48.snap,agent-M1-07,M1-07,released,2026-10-08T00:19:40Z,,orchestrator: complete
crates/sverb-tui/src/snapshots/sverb_tui__testing__tests__initial_80x24.snap,agent-M1-07,M1-07,released,2026-10-08T00:19:40Z,,orchestrator: complete
crates/sverb-tui/src/testing.rs,agent-M1-07,M1-07,released,2026-10-08T00:19:40Z,,orchestrator: complete
crates/sverb-tui/src/views/dialogs.rs,agent-M1-07,M1-07,released,2026-10-08T00:19:40Z,,orchestrator: complete
crates/sverb-tui/src/views/hosts/catalog.rs,agent-M1-07,M1-07,released,2026-10-08T00:19:40Z,,orchestrator: complete
crates/sverb-tui/src/views/hosts/detail.rs,agent-M1-07,M1-07,released,2026-10-08T00:19:40Z,,orchestrator: complete
crates/sverb-tui/src/views/hosts/form.rs,agent-M1-07,M1-07,released,2026-10-08T00:19:40Z,,orchestrator: complete
crates/sverb-tui/src/views/hosts/mod.rs,agent-M1-07,M1-07,released,2026-10-08T00:19:40Z,,orchestrator: complete
crates/sverb-tui/src/views/hosts/quick.rs,agent-M1-07,M1-07,released,2026-10-08T00:19:40Z,,orchestrator: complete
crates/sverb-tui/src/views/hosts.rs,agent-M1-07,M1-07,released,2026-10-08T00:19:40Z,,orchestrator: complete
crates/sverb-tui/src/views/hosts/snapshots/sverb_tui__views__hosts__tests__t11_hosts_160x48.snap,agent-M1-07,M1-07,released,2026-10-08T00:19:40Z,,orchestrator: complete
crates/sverb-tui/src/views/hosts/snapshots/sverb_tui__views__hosts__tests__t11_hosts_80x24.snap,agent-M1-07,M1-07,released,2026-10-08T00:19:40Z,,orchestrator: complete
crates/sverb-tui/src/views/hosts/snapshots/sverb_tui__views__hosts__tests__t12_host_form_160x48.snap,agent-M1-07,M1-07,released,2026-10-08T00:19:40Z,,orchestrator: complete
crates/sverb-tui/src/views/hosts/tests.rs,agent-M1-07,M1-07,released,2026-10-08T00:19:40Z,,orchestrator: complete
crates/sverb-tui/src/views/mod.rs,agent-M1-07,M1-07,released,2026-10-08T00:19:40Z,,orchestrator: complete
crates/sverb-tui/src/widgets/dialog_tests.rs,agent-M1-07,M1-07,released,2026-10-08T00:19:40Z,,orchestrator: complete
crates/sverb-tui/src/widgets/list.rs,agent-M1-07,M1-07,released,2026-10-08T00:19:40Z,,orchestrator: complete
crates/sverb-tui/tests/hosts.rs,agent-M1-07,M1-07,released,2026-10-08T00:19:40Z,,orchestrator: complete
docs/cli-json.md,agent-M1-07,M1-07,released,2026-10-08T00:19:40Z,,orchestrator: complete
README.md,agent-M1-07,M1-07,released,2026-10-08T00:19:40Z,,orchestrator: complete
crates/sverb-core/src/resolve.rs,agent-M2-01,M2-01,locked,2026-10-08T00:21:41Z,,settings resolution with provenance
crates/sverb-core/src/resolve/provenance.rs,agent-M2-01,M2-01,locked,2026-10-08T00:21:41Z,,settings resolution with provenance
crates/sverb-core/src/resolve/tests.rs,agent-M2-01,M2-01,locked,2026-10-08T00:21:41Z,,settings resolution with provenance
crates/sverb-core/src/lib.rs,agent-M2-01,M2-01,locked,2026-10-08T00:21:41Z,,settings resolution with provenance
crates/sverb-conn/Cargo.toml,agent-M1-13,M1-13,locked,2026-10-08T00:22:11Z,,add russh dep
crates/sverb-conn/Cargo.toml,agent-M1-13,M1-13,modified,2026-10-08T00:22:15Z,,add russh dependency
crates/sverb-core/src/model/host.rs,agent-M2-01,M2-01,locked,2026-10-08T00:24:55Z,,groups/tags model: explicit-empty lists; vault defaults flag; tag palette
crates/sverb-core/src/model/mod.rs,agent-M2-01,M2-01,locked,2026-10-08T00:24:55Z,,groups/tags model: explicit-empty lists; vault defaults flag; tag palette
crates/sverb-core/src/model/tests.rs,agent-M2-01,M2-01,locked,2026-10-08T00:24:55Z,,groups/tags model: explicit-empty lists; vault defaults flag; tag palette
crates/sverb-core/src/model/group.rs,agent-M2-01,M2-01,locked,2026-10-08T00:24:55Z,,groups/tags model: explicit-empty lists; vault defaults flag; tag palette
crates/sverb-core/src/model/tag.rs,agent-M2-01,M2-01,locked,2026-10-08T00:24:56Z,,groups/tags model: explicit-empty lists; vault defaults flag; tag palette
crates/sverb-core/src/model/host.rs,agent-M2-01,M2-01,modified,2026-10-08T00:25:16Z,,Host.explicit_empty (absent vs empty lists); Group.is_vault_defaults
crates/sverb-core/src/model/tests.rs,agent-M2-01,M2-01,modified,2026-10-08T00:25:21Z,,literals gain M2-01 fields
crates/sverb-core/src/model/mod.rs,agent-M2-01,M2-01,modified,2026-10-08T00:25:21Z,,mod group; mod tag; re-export ExplicitEmpty
crates/sverb-core/src/model/group.rs,agent-M2-01,M2-01,modified,2026-10-08T00:26:06Z,,new: M2-01 helpers
crates/sverb-core/src/model/tag.rs,agent-M2-01,M2-01,modified,2026-10-08T00:26:06Z,,new: M2-01 helpers
crates/sverb-conn/src/ssh/mod.rs,agent-M1-13,M1-13,locked,2026-10-08T00:26:30Z,,ssh transport core
crates/sverb-conn/src/ssh/connect.rs,agent-M1-13,M1-13,locked,2026-10-08T00:26:30Z,,ssh transport core
crates/sverb-conn/src/ssh/tcp.rs,agent-M1-13,M1-13,locked,2026-10-08T00:26:30Z,,ssh transport core
crates/sverb-conn/src/ssh/handler.rs,agent-M1-13,M1-13,locked,2026-10-08T00:26:30Z,,ssh transport core
crates/sverb-conn/src/ssh/channel.rs,agent-M1-13,M1-13,locked,2026-10-08T00:26:30Z,,ssh transport core
crates/sverb-conn/src/ssh/algorithms.rs,agent-M1-13,M1-13,locked,2026-10-08T00:26:30Z,,ssh transport core
crates/sverb-conn/src/ssh/errors.rs,agent-M1-13,M1-13,locked,2026-10-08T00:26:30Z,,ssh transport core
crates/sverb-conn/src/ssh/keepalive.rs,agent-M1-13,M1-13,locked,2026-10-08T00:26:30Z,,ssh transport core
crates/sverb-conn/src/ssh/resolved.rs,agent-M1-13,M1-13,locked,2026-10-08T00:26:30Z,,ssh transport core
crates/sverb-conn/src/ssh/auth_stub.rs,agent-M1-13,M1-13,locked,2026-10-08T00:26:30Z,,ssh transport core
crates/sverb-conn/src/ssh/tests.rs,agent-M1-13,M1-13,locked,2026-10-08T00:26:30Z,,ssh transport core
crates/sverb-conn/src/transport.rs,agent-M1-13,M1-13,locked,2026-10-08T00:26:30Z,,ssh transport core
crates/sverb-conn/src/session/actor.rs,agent-M1-13,M1-13,locked,2026-10-08T00:26:30Z,,ssh transport core
crates/sverb-conn/src/session/mod.rs,agent-M1-13,M1-13,locked,2026-10-08T00:26:30Z,,ssh transport core
crates/sverb-conn/src/session/event.rs,agent-M1-13,M1-13,locked,2026-10-08T00:26:30Z,,ssh transport core
crates/sverb-conn/src/lib.rs,agent-M1-13,M1-13,locked,2026-10-08T00:26:30Z,,ssh transport core
crates/sverb-conn/src/connlog.rs,agent-M1-13,M1-13,locked,2026-10-08T00:26:30Z,,ssh transport core
crates/sverb-conn/src/connlog_tests.rs,agent-M1-13,M1-13,locked,2026-10-08T00:26:30Z,,ssh transport core
crates/sverb-core/src/lib.rs,agent-M2-01,M2-01,modified,2026-10-08T00:28:31Z,,pub mod resolve
crates/sverb-core/src/resolve.rs,agent-M2-01,M2-01,modified,2026-10-08T00:28:31Z,,full resolution with provenance
crates/sverb-core/src/resolve/provenance.rs,agent-M2-01,M2-01,modified,2026-10-08T00:28:31Z,,new
crates/sverb-core/src/resolve/tests.rs,agent-M2-01,M2-01,modified,2026-10-08T00:29:40Z,,T-01..T-04
crates/sverb-core/src/model/fields.rs,agent-M2-01,M2-01,locked,2026-10-08T00:30:01Z,,remove now-unused Writer::pairs
crates/sverb-core/src/model/fields.rs,agent-M2-01,M2-01,modified,2026-10-08T00:30:01Z,,M2-01: removed Writer::pairs (host env now written via opt_pairs)
crates/sverb-tui/src/views/hosts/catalog.rs,agent-M2-01,M2-01,locked,2026-10-08T00:31:23Z,,M2-01 groups/tags UI
crates/sverb-tui/src/views/hosts/mod.rs,agent-M2-01,M2-01,locked,2026-10-08T00:31:23Z,,M2-01 groups/tags UI
crates/sverb-tui/src/views/hosts/detail.rs,agent-M2-01,M2-01,locked,2026-10-08T00:31:23Z,,M2-01 groups/tags UI
crates/sverb-tui/src/views/hosts/form.rs,agent-M2-01,M2-01,locked,2026-10-08T00:31:23Z,,M2-01 groups/tags UI
crates/sverb-tui/src/views/hosts/organize.rs,agent-M2-01,M2-01,locked,2026-10-08T00:31:23Z,,M2-01 groups/tags UI
crates/sverb-tui/src/views/hosts/catalog.rs,agent-M2-01,M2-01,modified,2026-10-08T00:31:59Z,,resolution in the catalog (lookup table; resolved ssh target)
crates/sverb-tui/src/views/hosts/form.rs,agent-M2-01,M2-01,modified,2026-10-08T00:33:33Z,,inherited placeholders from resolution; group/vault-defaults form
crates/sverb-conn/src/ssh/mod.rs,agent-M1-13,M1-13,modified,2026-10-08T00:33:43Z,,M1-13 ssh transport core
crates/sverb-conn/src/ssh/connect.rs,agent-M1-13,M1-13,modified,2026-10-08T00:33:43Z,,M1-13 ssh transport core
crates/sverb-conn/src/ssh/tcp.rs,agent-M1-13,M1-13,modified,2026-10-08T00:33:43Z,,M1-13 ssh transport core
crates/sverb-conn/src/ssh/handler.rs,agent-M1-13,M1-13,modified,2026-10-08T00:33:43Z,,M1-13 ssh transport core
crates/sverb-conn/src/ssh/channel.rs,agent-M1-13,M1-13,modified,2026-10-08T00:33:43Z,,M1-13 ssh transport core
crates/sverb-conn/src/ssh/algorithms.rs,agent-M1-13,M1-13,modified,2026-10-08T00:33:43Z,,M1-13 ssh transport core
crates/sverb-conn/src/ssh/errors.rs,agent-M1-13,M1-13,modified,2026-10-08T00:33:43Z,,M1-13 ssh transport core
crates/sverb-conn/src/ssh/keepalive.rs,agent-M1-13,M1-13,modified,2026-10-08T00:33:43Z,,M1-13 ssh transport core
crates/sverb-conn/src/ssh/resolved.rs,agent-M1-13,M1-13,modified,2026-10-08T00:33:43Z,,M1-13 ssh transport core
crates/sverb-conn/src/ssh/auth_stub.rs,agent-M1-13,M1-13,modified,2026-10-08T00:33:43Z,,M1-13 ssh transport core
crates/sverb-conn/src/ssh/tests.rs,agent-M1-13,M1-13,modified,2026-10-08T00:33:43Z,,M1-13 ssh transport core
crates/sverb-conn/src/transport.rs,agent-M1-13,M1-13,modified,2026-10-08T00:33:43Z,,M1-13 ssh transport core
crates/sverb-conn/src/session/actor.rs,agent-M1-13,M1-13,modified,2026-10-08T00:33:43Z,,M1-13 ssh transport core
crates/sverb-conn/src/session/mod.rs,agent-M1-13,M1-13,modified,2026-10-08T00:33:43Z,,M1-13 ssh transport core
crates/sverb-conn/src/session/event.rs,agent-M1-13,M1-13,modified,2026-10-08T00:33:43Z,,M1-13 ssh transport core
crates/sverb-conn/src/lib.rs,agent-M1-13,M1-13,modified,2026-10-08T00:33:43Z,,M1-13 ssh transport core
crates/sverb-conn/src/connlog.rs,agent-M1-13,M1-13,modified,2026-10-08T00:33:43Z,,M1-13 ssh transport core
crates/sverb-conn/src/connlog_tests.rs,agent-M1-13,M1-13,modified,2026-10-08T00:33:43Z,,M1-13 ssh transport core
crates/sverb-tui/src/views/hosts/organize.rs,agent-M2-01,M2-01,modified,2026-10-08T00:35:05Z,,new: group form; move/tag pickers; delete group; tag manager
crates/sverb-tui/src/views/hosts/mod.rs,agent-M2-01,M2-01,modified,2026-10-08T00:35:39Z,,tree of groups; group keys; requests
crates/sverb-tui/src/views/hosts/detail.rs,agent-M2-01,M2-01,modified,2026-10-08T00:36:13Z,,provenance lines; missing-group chip; group detail
crates/sverb-tui/src/views/dialogs.rs,agent-M2-01,M2-01,locked,2026-10-08T00:36:20Z,,M2-01 wiring
crates/sverb-tui/src/app/input.rs,agent-M2-01,M2-01,locked,2026-10-08T00:36:20Z,,M2-01 wiring
crates/sverb-tui/src/app/hosts.rs,agent-M2-01,M2-01,locked,2026-10-08T00:36:20Z,,M2-01 wiring
crates/sverb-tui/src/services/vault/items.rs,agent-M2-01,M2-01,locked,2026-10-08T00:36:20Z,,M2-01 wiring
crates/sverb-tui/src/views/dialogs.rs,agent-M2-01,M2-01,modified,2026-10-08T00:36:30Z,,DialogKind::Organize; host form placeholders sync
crates/sverb-tui/src/app/input.rs,agent-M2-01,M2-01,modified,2026-10-08T00:36:30Z,,Organize dialogs edit text
crates/sverb-tui/src/app/hosts.rs,agent-M2-01,M2-01,modified,2026-10-08T00:37:13Z,,organize requests; ItemEffect M2-01 variants; resolved connect
crates/sverb-conn/src/ssh/testing.rs,agent-M1-13,M1-13,locked,2026-10-08T00:37:39Z,,loopback ssh test server; T-17
crates/sverb-conn/tests/ssh_logs.rs,agent-M1-13,M1-13,locked,2026-10-08T00:37:39Z,,loopback ssh test server; T-17
crates/sverb-tui/src/services/vault/items.rs,agent-M2-01,M2-01,modified,2026-10-08T00:38:02Z,,group/tag saves; move; bulk tags; delete group; catalog lookup
crates/sverb-conn/src/ssh/testing.rs,agent-M1-13,M1-13,modified,2026-10-08T00:38:52Z,,loopback test server (test-util)
crates/sverb-conn/tests/ssh_logs.rs,agent-M1-13,M1-13,modified,2026-10-08T00:38:52Z,,T-17
crates/sverb-tui/src/app/hosts_tests.rs,agent-M2-01,M2-01,locked,2026-10-08T00:39:54Z,,M2-01 reducer tests; SshSpec literals
crates/sverb-tui/src/app/hosts_tests.rs,agent-M2-01,M2-01,modified,2026-10-08T00:40:00Z,,SshSpec literals with ..default (M1-13 fields)
crates/sverb-tui/src/app/logs.rs,agent-M1-13,M1-13,locked,2026-10-08T00:40:23Z,,SshSpec new fields
crates/sverb-tui/src/app/logs_tests.rs,agent-M1-13,M1-13,locked,2026-10-08T00:40:23Z,,SshSpec new fields
crates/sverb-tui/src/app/logs.rs,agent-M1-13,M1-13,modified,2026-10-08T00:40:23Z,,SshSpec ..default() for the M1-13 fields
crates/sverb-tui/src/app/logs_tests.rs,agent-M1-13,M1-13,modified,2026-10-08T00:40:23Z,,SshSpec ..default() for the M1-13 fields
crates/sverb-tui/src/services/ssh.rs,agent-M1-13,M1-13,locked,2026-10-08T00:41:30Z,,ssh connector wiring
crates/sverb-tui/src/services/sessions.rs,agent-M1-13,M1-13,locked,2026-10-08T00:41:30Z,,ssh connector wiring
crates/sverb-tui/src/services/mod.rs,agent-M1-13,M1-13,locked,2026-10-08T00:41:30Z,,ssh connector wiring
crates/sverb-tui/src/runtime/mod.rs,agent-M1-13,M1-13,locked,2026-10-08T00:41:30Z,,ssh connector wiring
crates/sverb-tui/Cargo.toml,agent-M1-13,M1-13,locked,2026-10-08T00:41:30Z,,ssh connector wiring
crates/sverb-tui/src/views/hosts/tests.rs,agent-M2-01,M2-01,locked,2026-10-08T00:42:29Z,,M2-01 view tests
crates/sverb-tui/src/views/hosts/snapshots/sverb_tui__views__hosts__tests__m2_01__t11_m2_inherited_host_form_120x40.snap,agent-M2-01,M2-01,locked,2026-10-08T00:43:07Z,,T-11 snapshot
crates/sverb-tui/src/views/hosts/snapshots/sverb_tui__views__hosts__tests__m2_01__t11_m2_inherited_host_form_120x40.snap,agent-M2-01,M2-01,modified,2026-10-08T00:43:07Z,,new snapshot
crates/sverb-tui/src/views/hosts/tests.rs,agent-M2-01,M2-01,modified,2026-10-08T00:43:07Z,,M2-01 view tests T-08 T-11
crates/sverb-tui/src/widgets/session_info.rs,agent-M1-13,M1-13,locked,2026-10-08T00:43:11Z,,ssh latency / session info
crates/sverb-tui/src/widgets/mod.rs,agent-M1-13,M1-13,locked,2026-10-08T00:43:11Z,,ssh latency / session info
crates/sverb-tui/src/app/state.rs,agent-M1-13,M1-13,locked,2026-10-08T00:43:11Z,,ssh latency / session info
crates/sverb-tui/src/app/sessions.rs,agent-M1-13,M1-13,locked,2026-10-08T00:43:11Z,,ssh latency / session info
crates/sverb-tui/src/app/shell.rs,agent-M1-13,M1-13,locked,2026-10-08T00:43:11Z,,ssh latency / session info
crates/sverb-tui/tests/groups.rs,agent-M2-01,M2-01,locked,2026-10-08T00:43:51Z,,M2-01 service integration tests
crates/sverb-tui/tests/groups.rs,agent-M2-01,M2-01,modified,2026-10-08T00:43:51Z,,new
crates/sverb-tui/src/services/ssh.rs,agent-M1-13,M1-13,modified,2026-10-08T00:44:52Z,,M1-13 ssh wiring / latency / session info
crates/sverb-tui/src/services/sessions.rs,agent-M1-13,M1-13,modified,2026-10-08T00:44:52Z,,M1-13 ssh wiring / latency / session info
crates/sverb-tui/src/services/mod.rs,agent-M1-13,M1-13,modified,2026-10-08T00:44:52Z,,M1-13 ssh wiring / latency / session info
crates/sverb-tui/src/runtime/mod.rs,agent-M1-13,M1-13,modified,2026-10-08T00:44:52Z,,M1-13 ssh wiring / latency / session info
crates/sverb-tui/Cargo.toml,agent-M1-13,M1-13,modified,2026-10-08T00:44:52Z,,M1-13 ssh wiring / latency / session info
crates/sverb-tui/src/widgets/session_info.rs,agent-M1-13,M1-13,modified,2026-10-08T00:44:52Z,,M1-13 ssh wiring / latency / session info
crates/sverb-tui/src/widgets/mod.rs,agent-M1-13,M1-13,modified,2026-10-08T00:44:52Z,,M1-13 ssh wiring / latency / session info
crates/sverb-tui/src/app/state.rs,agent-M1-13,M1-13,modified,2026-10-08T00:44:52Z,,M1-13 ssh wiring / latency / session info
crates/sverb-tui/src/app/sessions.rs,agent-M1-13,M1-13,modified,2026-10-08T00:44:52Z,,M1-13 ssh wiring / latency / session info
crates/sverb-tui/src/app/shell.rs,agent-M1-13,M1-13,modified,2026-10-08T00:44:52Z,,M1-13 ssh wiring / latency / session info
docs/data-model.md,agent-M2-01,M2-01,locked,2026-10-08T00:48:00Z,,inheritance rules
docs/data-model.md,agent-M2-01,M2-01,modified,2026-10-08T00:48:16Z,,inheritance rules; vault defaults decision; tag rules
crates/sverb-core/src/lib.rs,agent-M2-01,M2-01,released,2026-10-08T00:52:46Z,,orchestrator: complete
crates/sverb-core/src/model/fields.rs,agent-M2-01,M2-01,released,2026-10-08T00:52:46Z,,orchestrator: complete
crates/sverb-core/src/model/group.rs,agent-M2-01,M2-01,released,2026-10-08T00:52:46Z,,orchestrator: complete
crates/sverb-core/src/model/host.rs,agent-M2-01,M2-01,released,2026-10-08T00:52:46Z,,orchestrator: complete
crates/sverb-core/src/model/mod.rs,agent-M2-01,M2-01,released,2026-10-08T00:52:46Z,,orchestrator: complete
crates/sverb-core/src/model/tag.rs,agent-M2-01,M2-01,released,2026-10-08T00:52:46Z,,orchestrator: complete
crates/sverb-core/src/model/tests.rs,agent-M2-01,M2-01,released,2026-10-08T00:52:47Z,,orchestrator: complete
crates/sverb-core/src/resolve/provenance.rs,agent-M2-01,M2-01,released,2026-10-08T00:52:47Z,,orchestrator: complete
crates/sverb-core/src/resolve.rs,agent-M2-01,M2-01,released,2026-10-08T00:52:47Z,,orchestrator: complete
crates/sverb-core/src/resolve/tests.rs,agent-M2-01,M2-01,released,2026-10-08T00:52:47Z,,orchestrator: complete
crates/sverb-tui/src/app/hosts.rs,agent-M2-01,M2-01,released,2026-10-08T00:52:47Z,,orchestrator: complete
crates/sverb-tui/src/app/hosts_tests.rs,agent-M2-01,M2-01,released,2026-10-08T00:52:47Z,,orchestrator: complete
crates/sverb-tui/src/app/input.rs,agent-M2-01,M2-01,released,2026-10-08T00:52:47Z,,orchestrator: complete
crates/sverb-tui/src/services/vault/items.rs,agent-M2-01,M2-01,released,2026-10-08T00:52:47Z,,orchestrator: complete
crates/sverb-tui/src/views/dialogs.rs,agent-M2-01,M2-01,released,2026-10-08T00:52:47Z,,orchestrator: complete
crates/sverb-tui/src/views/hosts/catalog.rs,agent-M2-01,M2-01,released,2026-10-08T00:52:47Z,,orchestrator: complete
crates/sverb-tui/src/views/hosts/detail.rs,agent-M2-01,M2-01,released,2026-10-08T00:52:47Z,,orchestrator: complete
crates/sverb-tui/src/views/hosts/form.rs,agent-M2-01,M2-01,released,2026-10-08T00:52:47Z,,orchestrator: complete
crates/sverb-tui/src/views/hosts/mod.rs,agent-M2-01,M2-01,released,2026-10-08T00:52:47Z,,orchestrator: complete
crates/sverb-tui/src/views/hosts/organize.rs,agent-M2-01,M2-01,released,2026-10-08T00:52:47Z,,orchestrator: complete
crates/sverb-tui/src/views/hosts/snapshots/sverb_tui__views__hosts__tests__m2_01__t11_m2_inherited_host_form_120x40.snap,agent-M2-01,M2-01,released,2026-10-08T00:52:47Z,,orchestrator: complete
crates/sverb-tui/src/views/hosts/tests.rs,agent-M2-01,M2-01,released,2026-10-08T00:52:47Z,,orchestrator: complete
crates/sverb-tui/tests/groups.rs,agent-M2-01,M2-01,released,2026-10-08T00:52:47Z,,orchestrator: complete
docs/data-model.md,agent-M2-01,M2-01,released,2026-10-08T00:52:47Z,,orchestrator: complete
crates/sverb-conn/Cargo.toml,agent-M1-13,M1-13,released,2026-10-08T00:53:00Z,,orchestrator: complete
crates/sverb-conn/src/connlog.rs,agent-M1-13,M1-13,released,2026-10-08T00:53:00Z,,orchestrator: complete
crates/sverb-conn/src/connlog_tests.rs,agent-M1-13,M1-13,released,2026-10-08T00:53:00Z,,orchestrator: complete
crates/sverb-conn/src/lib.rs,agent-M1-13,M1-13,released,2026-10-08T00:53:00Z,,orchestrator: complete
crates/sverb-conn/src/session/actor.rs,agent-M1-13,M1-13,released,2026-10-08T00:53:00Z,,orchestrator: complete
crates/sverb-conn/src/session/event.rs,agent-M1-13,M1-13,released,2026-10-08T00:53:00Z,,orchestrator: complete
crates/sverb-conn/src/session/mod.rs,agent-M1-13,M1-13,released,2026-10-08T00:53:00Z,,orchestrator: complete
crates/sverb-conn/src/ssh/algorithms.rs,agent-M1-13,M1-13,released,2026-10-08T00:53:00Z,,orchestrator: complete
crates/sverb-conn/src/ssh/auth_stub.rs,agent-M1-13,M1-13,released,2026-10-08T00:53:00Z,,orchestrator: complete
crates/sverb-conn/src/ssh/channel.rs,agent-M1-13,M1-13,released,2026-10-08T00:53:00Z,,orchestrator: complete
crates/sverb-conn/src/ssh/connect.rs,agent-M1-13,M1-13,released,2026-10-08T00:53:00Z,,orchestrator: complete
crates/sverb-conn/src/ssh/errors.rs,agent-M1-13,M1-13,released,2026-10-08T00:53:00Z,,orchestrator: complete
crates/sverb-conn/src/ssh/handler.rs,agent-M1-13,M1-13,released,2026-10-08T00:53:00Z,,orchestrator: complete
crates/sverb-conn/src/ssh/keepalive.rs,agent-M1-13,M1-13,released,2026-10-08T00:53:00Z,,orchestrator: complete
crates/sverb-conn/src/ssh/mod.rs,agent-M1-13,M1-13,released,2026-10-08T00:53:00Z,,orchestrator: complete
crates/sverb-conn/src/ssh/resolved.rs,agent-M1-13,M1-13,released,2026-10-08T00:53:00Z,,orchestrator: complete
crates/sverb-conn/src/ssh/tcp.rs,agent-M1-13,M1-13,released,2026-10-08T00:53:00Z,,orchestrator: complete
crates/sverb-conn/src/ssh/testing.rs,agent-M1-13,M1-13,released,2026-10-08T00:53:00Z,,orchestrator: complete
crates/sverb-conn/src/ssh/tests.rs,agent-M1-13,M1-13,released,2026-10-08T00:53:00Z,,orchestrator: complete
crates/sverb-conn/src/transport.rs,agent-M1-13,M1-13,released,2026-10-08T00:53:00Z,,orchestrator: complete
crates/sverb-conn/tests/ssh_logs.rs,agent-M1-13,M1-13,released,2026-10-08T00:53:00Z,,orchestrator: complete
crates/sverb-tui/Cargo.toml,agent-M1-13,M1-13,released,2026-10-08T00:53:00Z,,orchestrator: complete
crates/sverb-tui/src/app/logs.rs,agent-M1-13,M1-13,released,2026-10-08T00:53:00Z,,orchestrator: complete
crates/sverb-tui/src/app/logs_tests.rs,agent-M1-13,M1-13,released,2026-10-08T00:53:00Z,,orchestrator: complete
crates/sverb-tui/src/app/sessions.rs,agent-M1-13,M1-13,released,2026-10-08T00:53:00Z,,orchestrator: complete
crates/sverb-tui/src/app/shell.rs,agent-M1-13,M1-13,released,2026-10-08T00:53:00Z,,orchestrator: complete
crates/sverb-tui/src/app/state.rs,agent-M1-13,M1-13,released,2026-10-08T00:53:00Z,,orchestrator: complete
crates/sverb-tui/src/runtime/mod.rs,agent-M1-13,M1-13,released,2026-10-08T00:53:00Z,,orchestrator: complete
crates/sverb-tui/src/services/mod.rs,agent-M1-13,M1-13,released,2026-10-08T00:53:00Z,,orchestrator: complete
crates/sverb-tui/src/services/sessions.rs,agent-M1-13,M1-13,released,2026-10-08T00:53:00Z,,orchestrator: complete
crates/sverb-tui/src/services/ssh.rs,agent-M1-13,M1-13,released,2026-10-08T00:53:00Z,,orchestrator: complete
crates/sverb-tui/src/widgets/mod.rs,agent-M1-13,M1-13,released,2026-10-08T00:53:00Z,,orchestrator: complete
crates/sverb-tui/src/widgets/session_info.rs,agent-M1-13,M1-13,released,2026-10-08T00:53:00Z,,orchestrator: complete
crates/sverb-core/src/model/host.rs,agent-M1-16,M1-16,locked,2026-10-08T00:55:31Z,,auto_reconnect setting
crates/sverb-core/src/resolve.rs,agent-M1-16,M1-16,locked,2026-10-08T00:55:31Z,,auto_reconnect setting
crates/sverb-core/src/resolve/provenance.rs,agent-M1-16,M1-16,locked,2026-10-08T00:55:31Z,,auto_reconnect setting
crates/sverb-core/src/config/model.rs,agent-M1-16,M1-16,locked,2026-10-08T00:55:31Z,,auto_reconnect setting
crates/sverb-core/src/config/default_config.toml,agent-M1-16,M1-16,locked,2026-10-08T00:55:32Z,,auto_reconnect setting
docs/config.schema.json,agent-M1-16,M1-16,locked,2026-10-08T00:55:32Z,,auto_reconnect setting
crates/sverb-core/src/layout.rs,agent-M1-17,M1-17,locked,2026-10-08T00:55:38Z,,pure layout tree
crates/sverb-core/src/lib.rs,agent-M1-17,M1-17,locked,2026-10-08T00:55:38Z,,mod layout
crates/sverb-core/src/model/identity.rs,agent-M2-02,M2-02,locked,2026-10-08T00:55:46Z,,identity helpers: usage counts; vault scoping; inline conversion
crates/sverb-core/src/model/mod.rs,agent-M2-02,M2-02,locked,2026-10-08T00:55:46Z,,mod identity line
crates/sverb-core/src/resolve/tests.rs,agent-M1-16,M1-16,locked,2026-10-08T00:55:58Z,,auto_reconnect setting
crates/sverb-tui/src/views/hosts/catalog.rs,agent-M1-16,M1-16,locked,2026-10-08T00:55:58Z,,auto_reconnect setting
crates/sverb-core/src/model/host.rs,agent-M1-16,M1-16,modified,2026-10-08T00:55:59Z,,auto_reconnect host + defaults field
crates/sverb-core/src/resolve.rs,agent-M1-16,M1-16,modified,2026-10-08T00:56:11Z,,auto_reconnect inheritable setting
crates/sverb-core/src/resolve/provenance.rs,agent-M1-16,M1-16,modified,2026-10-08T00:56:11Z,,auto_reconnect inheritable setting
crates/sverb-core/src/resolve/tests.rs,agent-M1-16,M1-16,modified,2026-10-08T00:56:11Z,,auto_reconnect inheritable setting
crates/sverb-core/src/model/mod.rs,agent-M2-02,M2-02,modified,2026-10-08T00:56:33Z,,pub mod identity
crates/sverb-core/src/model/identity.rs,agent-M2-02,M2-02,modified,2026-10-08T00:56:33Z,,new module
crates/sverb-core/src/config/tests.rs,agent-M1-16,M1-16,locked,2026-10-08T00:56:41Z,,ssh.auto_reconnect default row
crates/sverb-core/src/config/model.rs,agent-M1-16,M1-16,modified,2026-10-08T00:56:41Z,,ssh.auto_reconnect
crates/sverb-core/src/config/default_config.toml,agent-M1-16,M1-16,modified,2026-10-08T00:56:41Z,,ssh.auto_reconnect
crates/sverb-core/src/config/tests.rs,agent-M1-16,M1-16,modified,2026-10-08T00:56:41Z,,ssh.auto_reconnect
crates/sverb-core/src/model/tests.rs,agent-M1-16,M1-16,locked,2026-10-08T00:56:50Z,,Host literal auto_reconnect
crates/sverb-core/src/model/tests.rs,agent-M1-16,M1-16,modified,2026-10-08T00:56:55Z,,auto_reconnect round trip
docs/config.schema.json,agent-M1-16,M1-16,modified,2026-10-08T00:57:06Z,,regenerated: ssh.auto_reconnect
crates/sverb-core/src/layout.rs,agent-M1-17,M1-17,modified,2026-10-08T00:57:10Z,,new pure layout tree
crates/sverb-core/src/lib.rs,agent-M1-17,M1-17,modified,2026-10-08T00:57:10Z,,pub mod layout
docs/data-model.md,agent-M1-16,M1-16,locked,2026-10-08T00:57:26Z,,auto_reconnect spec addition
docs/data-model.md,agent-M1-16,M1-16,modified,2026-10-08T00:57:33Z,,auto_reconnect spec addition
crates/sverb-tui/src/app/state.rs,agent-M1-17,M1-17,locked,2026-10-08T00:57:47Z,,tabs and panes
crates/sverb-tui/src/app/mod.rs,agent-M1-17,M1-17,locked,2026-10-08T00:57:47Z,,tabs and panes
crates/sverb-tui/src/app/effect.rs,agent-M1-17,M1-17,locked,2026-10-08T00:57:47Z,,tabs and panes
crates/sverb-tui/src/app/shell.rs,agent-M1-17,M1-17,locked,2026-10-08T00:57:47Z,,tabs and panes
crates/sverb-tui/src/widgets/tabbar.rs,agent-M1-17,M1-17,locked,2026-10-08T00:57:47Z,,tabs and panes
crates/sverb-tui/src/runtime/mod.rs,agent-M1-17,M1-17,locked,2026-10-08T00:57:47Z,,tabs and panes
crates/sverb-tui/src/views/hosts/catalog.rs,agent-M1-16,M1-16,modified,2026-10-08T00:57:48Z,,HostSummary.auto_reconnect
crates/sverb-tui/src/views/hosts/form.rs,agent-M1-16,M1-16,locked,2026-10-08T00:57:50Z,,auto_reconnect form field
crates/sverb-tui/src/views/hosts/form.rs,agent-M1-16,M1-16,modified,2026-10-08T00:58:02Z,,auto_reconnect field (host + group form)
crates/sverb-tui/src/views/hosts/snapshots/sverb_tui__views__hosts__tests__m2_01__t11_m2_inherited_host_form_120x40.snap,agent-M1-16,M1-16,locked,2026-10-08T00:58:38Z,,auto_reconnect field in host form
crates/sverb-tui/src/views/hosts/snapshots/sverb_tui__views__hosts__tests__m2_01__t11_m2_inherited_host_form_120x40.snap,agent-M1-16,M1-16,modified,2026-10-08T00:58:38Z,,Auto-reconnect row
crates/sverb-tui/src/views/hosts/snapshots/sverb_tui__views__hosts__tests__t12_host_form_160x48.snap,agent-M1-16,M1-16,locked,2026-10-08T00:58:38Z,,auto_reconnect field in host form
crates/sverb-tui/src/views/hosts/snapshots/sverb_tui__views__hosts__tests__t12_host_form_160x48.snap,agent-M1-16,M1-16,modified,2026-10-08T00:58:38Z,,Auto-reconnect row
crates/sverb-conn/src/session/state.rs,agent-M1-14,M1-14,locked,2026-10-08T00:58:43Z,,fill AuthPrompt (kind/title/name/instruction)
crates/sverb-core/Cargo.toml,agent-M1-15,M1-15,locked,2026-10-08T00:58:51Z,,known_hosts module deps and mod line
crates/sverb-conn/src/session/state.rs,agent-M1-14,M1-14,modified,2026-10-08T00:58:58Z,,AuthPrompt: kind/title/name/instruction + PromptKind
crates/sverb-conn/src/session/mod.rs,agent-M1-14,M1-14,locked,2026-10-08T00:59:01Z,,M1-14 wiring (exports / variant / mod lines)
crates/sverb-conn/src/session/event.rs,agent-M1-14,M1-14,locked,2026-10-08T00:59:01Z,,M1-14 wiring (exports / variant / mod lines)
crates/sverb-conn/src/lib.rs,agent-M1-14,M1-14,locked,2026-10-08T00:59:01Z,,M1-14 wiring (exports / variant / mod lines)
crates/sverb-conn/src/ssh/mod.rs,agent-M1-14,M1-14,locked,2026-10-08T00:59:01Z,,M1-14 wiring (exports / variant / mod lines)
crates/sverb-conn/src/session/mod.rs,agent-M1-14,M1-14,modified,2026-10-08T00:59:11Z,,M1-14: PromptKind export / PromptAccepted variant / agent_client mod
crates/sverb-conn/src/session/event.rs,agent-M1-14,M1-14,modified,2026-10-08T00:59:11Z,,M1-14: PromptKind export / PromptAccepted variant / agent_client mod
crates/sverb-conn/src/lib.rs,agent-M1-14,M1-14,modified,2026-10-08T00:59:11Z,,M1-14: PromptKind export / PromptAccepted variant / agent_client mod
crates/sverb-conn/src/ssh/resolved.rs,agent-M1-14,M1-14,locked,2026-10-08T00:59:13Z,,AuthMaterial: key material; attempts; agent; legacy rsa
crates/sverb-tui/src/app/hosts.rs,agent-M1-17,M1-17,locked,2026-10-08T00:59:19Z,,tabs and panes
crates/sverb-tui/src/views/mod.rs,agent-M1-17,M1-17,locked,2026-10-08T00:59:19Z,,tabs and panes
crates/sverb-tui/src/services/mod.rs,agent-M1-17,M1-17,locked,2026-10-08T00:59:19Z,,tabs and panes
crates/sverb-tui/src/services/sessions.rs,agent-M1-17,M1-17,locked,2026-10-08T00:59:19Z,,tabs and panes
crates/sverb-tui/src/views/sessions/mod.rs,agent-M1-17,M1-17,locked,2026-10-08T00:59:19Z,,tabs and panes
crates/sverb-tui/src/views/sessions/tabs.rs,agent-M1-17,M1-17,locked,2026-10-08T00:59:19Z,,tabs and panes
crates/sverb-tui/src/views/sessions/panes.rs,agent-M1-17,M1-17,locked,2026-10-08T00:59:19Z,,tabs and panes
crates/sverb-tui/src/app/tabs.rs,agent-M1-17,M1-17,locked,2026-10-08T00:59:19Z,,tabs and panes
crates/sverb-conn/src/ssh/resolved.rs,agent-M1-14,M1-14,modified,2026-10-08T00:59:27Z,,AuthMaterial gains key/max_attempts/use_system_agent/allow_ssh_rsa; KeyMaterial
crates/sverb-tui/src/widgets/form/reference.rs,agent-M2-02,M2-02,locked,2026-10-08T00:59:28Z,,picker vault filter + create entry
crates/sverb-conn/src/agent_client.rs,agent-M1-14,M1-14,locked,2026-10-08T00:59:40Z,,new: system agent client
crates/sverb-conn/src/ssh/auth.rs,agent-M1-14,M1-14,locked,2026-10-08T00:59:40Z,,new: auth chain
crates/sverb-conn/src/ssh/auth_tests.rs,agent-M1-14,M1-14,locked,2026-10-08T00:59:40Z,,new: auth chain unit tests
crates/sverb-conn/src/ssh/keyfile.rs,agent-M1-14,M1-14,locked,2026-10-08T00:59:40Z,,new: openssh key import
crates/sverb-tui/src/widgets/form/reference.rs,agent-M2-02,M2-02,modified,2026-10-08T00:59:47Z,,vault filter; create entry
crates/sverb-core/Cargo.toml,agent-M1-15,M1-15,modified,2026-10-08T00:59:55Z,,M1-15 deps: ssh-key hmac sha1 base64 getrandom
crates/sverb-tui/src/widgets/terminal_pane.rs,agent-M1-16,M1-16,locked,2026-10-08T01:00:33Z,,M1-16 reconnect
crates/sverb-tui/src/app/panes.rs,agent-M1-16,M1-16,locked,2026-10-08T01:00:33Z,,M1-16 reconnect
crates/sverb-tui/src/app/local.rs,agent-M1-16,M1-16,locked,2026-10-08T01:00:33Z,,M1-16 reconnect
crates/sverb-tui/src/app/input.rs,agent-M1-16,M1-16,locked,2026-10-08T01:00:33Z,,M1-16 reconnect
crates/sverb-tui/src/app/sessions.rs,agent-M1-16,M1-16,locked,2026-10-08T01:00:33Z,,M1-16 reconnect
crates/sverb-tui/src/app/sessions/reconnect.rs,agent-M1-16,M1-16,locked,2026-10-08T01:00:33Z,,M1-16 reconnect
crates/sverb-tui/src/app/modal.rs,agent-M1-16,M1-16,locked,2026-10-08T01:00:34Z,,M1-16 reconnect
crates/sverb-conn/src/session/actor.rs,agent-M1-16,M1-16,locked,2026-10-08T01:00:34Z,,M1-16 reconnect
crates/sverb-conn/src/session/backoff.rs,agent-M1-16,M1-16,locked,2026-10-08T01:00:34Z,,M1-16 reconnect
crates/sverb-tui/src/views/keychain/mod.rs,agent-M2-02,M2-02,locked,2026-10-08T01:00:41Z,,M2-02 identities
crates/sverb-tui/src/views/keychain/identities.rs,agent-M2-02,M2-02,locked,2026-10-08T01:00:41Z,,M2-02 identities
crates/sverb-tui/src/views/keychain/identity_form.rs,agent-M2-02,M2-02,locked,2026-10-08T01:00:41Z,,M2-02 identities
crates/sverb-tui/src/views/keychain/tests.rs,agent-M2-02,M2-02,locked,2026-10-08T01:00:42Z,,M2-02 identities
crates/sverb-tui/src/app/keychain.rs,agent-M2-02,M2-02,locked,2026-10-08T01:00:42Z,,M2-02 identities
crates/sverb-tui/src/app/keychain_tests.rs,agent-M2-02,M2-02,locked,2026-10-08T01:00:42Z,,M2-02 identities
crates/sverb-tui/tests/identities.rs,agent-M2-02,M2-02,locked,2026-10-08T01:00:42Z,,M2-02 identities
crates/sverb-tui/src/app/event.rs,agent-M2-02,M2-02,locked,2026-10-08T01:00:42Z,,M2-02 identities
crates/sverb-tui/src/views/dialogs.rs,agent-M2-02,M2-02,locked,2026-10-08T01:00:42Z,,M2-02 identities
crates/sverb-tui/src/views/hosts/detail.rs,agent-M2-02,M2-02,locked,2026-10-08T01:00:42Z,,M2-02 identities
crates/sverb-tui/src/views/hosts/mod.rs,agent-M2-02,M2-02,locked,2026-10-08T01:00:42Z,,M2-02 identities
crates/sverb-tui/src/services/vault/items.rs,agent-M2-02,M2-02,locked,2026-10-08T01:00:42Z,,M2-02 identities
crates/sverb-tui/src/widgets/tabbar.rs,agent-M1-17,M1-17,modified,2026-10-08T01:01:43Z,,tab items with markers and overflow
crates/sverb-tui/src/views/sessions/mod.rs,agent-M1-17,M1-17,modified,2026-10-08T01:01:43Z,,new sessions view module
crates/sverb-tui/src/views/sessions/tabs.rs,agent-M1-17,M1-17,modified,2026-10-08T01:01:43Z,,new sessions view module
crates/sverb-tui/src/views/sessions/panes.rs,agent-M1-17,M1-17,modified,2026-10-08T01:01:43Z,,new sessions view module
crates/sverb-conn/Cargo.toml,agent-M1-16,M1-16,locked,2026-10-08T01:01:45Z,,chrono for the reconnect separator time
crates/sverb-conn/Cargo.toml,agent-M1-16,M1-16,modified,2026-10-08T01:01:49Z,,chrono dep
crates/sverb-tui/src/app/state.rs,agent-M1-17,M1-17,modified,2026-10-08T01:01:53Z,,Tabs: tab list and resize sizes
crates/sverb-tui/src/app/effect.rs,agent-M1-17,M1-17,modified,2026-10-08T01:01:53Z,,Effect::ResizeSession; SessionInput::Mouse
crates/sverb-tui/src/services/sessions.rs,agent-M1-17,M1-17,modified,2026-10-08T01:02:06Z,,ResizeSession and mouse input
crates/sverb-tui/src/services/mod.rs,agent-M1-17,M1-17,modified,2026-10-08T01:02:06Z,,ResizeSession and mouse input
crates/sverb-conn/src/ssh/test_keys.rs,agent-M1-14,M1-14,locked,2026-10-08T01:02:07Z,,new: throwaway test key fixtures
crates/sverb-tui/src/services/vault/items.rs,agent-M2-02,M2-02,modified,2026-10-08T01:02:19Z,,ItemOps identity save/delete/load; cross-vault checks
crates/sverb-conn/src/session/backoff.rs,agent-M1-16,M1-16,modified,2026-10-08T01:02:42Z,,new: backoff schedule
crates/sverb-conn/src/session/actor.rs,agent-M1-16,M1-16,modified,2026-10-08T01:02:42Z,,mode reset + separator on Reconnect; backoff module
crates/sverb-tui/src/views/hosts/mod.rs,agent-M2-02,M2-02,modified,2026-10-08T01:03:22Z,,missing identity row chip
crates/sverb-tui/src/views/hosts/detail.rs,agent-M2-02,M2-02,modified,2026-10-08T01:03:22Z,,missing identity chip; inherited identity row
crates/sverb-tui/tests/identities.rs,agent-M2-02,M2-02,modified,2026-10-08T01:03:22Z,,new integration tests
crates/sverb-conn/tests/reconnect.rs,agent-M1-16,M1-16,locked,2026-10-08T01:04:03Z,,new: reconnect integration tests
crates/sverb-conn/src/ssh/mod.rs,agent-M1-14,M1-14,modified,2026-10-08T01:04:21Z,,mod auth/keyfile/test_keys/auth_tests; default authenticator = ChainAuthenticator
crates/sverb-conn/src/agent_client.rs,agent-M1-14,M1-14,modified,2026-10-08T01:04:33Z,,M1-14 new file
crates/sverb-conn/src/ssh/auth.rs,agent-M1-14,M1-14,modified,2026-10-08T01:04:33Z,,M1-14 new file
crates/sverb-conn/src/ssh/keyfile.rs,agent-M1-14,M1-14,modified,2026-10-08T01:04:33Z,,M1-14 new file
crates/sverb-conn/src/ssh/test_keys.rs,agent-M1-14,M1-14,modified,2026-10-08T01:04:33Z,,M1-14 new file
crates/sverb-conn/src/ssh/auth_tests.rs,agent-M1-14,M1-14,modified,2026-10-08T01:04:33Z,,M1-14 new file
crates/sverb-conn/tests/reconnect.rs,agent-M1-16,M1-16,modified,2026-10-08T01:04:47Z,,new: T-05 T-06 + ssh reconnect test
crates/sverb-tui/src/app/tabs_tests.rs,agent-M1-17,M1-17,locked,2026-10-08T01:04:51Z,,reducer tests
crates/sverb-tui/src/app/tabs.rs,agent-M1-17,M1-17,modified,2026-10-08T01:04:51Z,,tabs reducer
crates/sverb-tui/src/app/mod.rs,agent-M1-17,M1-17,modified,2026-10-08T01:05:07Z,,M1-17 wiring
crates/sverb-tui/src/app/input.rs,agent-M1-17,M1-17,modified,2026-10-08T01:05:07Z,,M1-17 wiring
crates/sverb-tui/src/views/mod.rs,agent-M1-17,M1-17,modified,2026-10-08T01:05:07Z,,M1-17 wiring
crates/sverb-tui/src/app/hosts.rs,agent-M1-17,M1-17,modified,2026-10-08T01:05:07Z,,M1-17 wiring
crates/sverb-tui/src/app/input.rs,agent-M1-17,M1-17,released,2026-10-08T01:05:24Z,,marked by mistake; not changed
crates/sverb-tui/src/app/shell.rs,agent-M1-17,M1-17,modified,2026-10-08T01:05:36Z,,session area renders tabs; tab bar area
crates/sverb-tui/src/widgets/terminal_pane.rs,agent-M1-16,M1-16,modified,2026-10-08T01:06:47Z,,banner texts; ReconnectInfo in PaneInfo
crates/sverb-tui/src/app/panes.rs,agent-M1-16,M1-16,modified,2026-10-08T01:06:47Z,,test: overlay fields
crates/sverb-conn/src/ssh/auth_testing.rs,agent-M1-14,M1-14,locked,2026-10-08T01:08:00Z,,new: auth test server
crates/sverb-conn/src/ssh/auth_loopback.rs,agent-M1-14,M1-14,locked,2026-10-08T01:08:00Z,,new: loopback auth tests
crates/sverb-conn/src/ssh/tests.rs,agent-M1-14,M1-14,locked,2026-10-08T01:08:00Z,,update auth failure expectation
crates/sverb-tui/src/app/sessions/reconnect_tests.rs,agent-M1-16,M1-16,locked,2026-10-08T01:08:01Z,,new: reducer tests
crates/sverb-tui/src/app/sessions.rs,agent-M1-16,M1-16,modified,2026-10-08T01:08:01Z,,M1-16 banner/reconnect wiring
crates/sverb-tui/src/app/input.rs,agent-M1-16,M1-16,modified,2026-10-08T01:08:01Z,,M1-16 banner/reconnect wiring
crates/sverb-tui/src/app/local.rs,agent-M1-16,M1-16,modified,2026-10-08T01:08:01Z,,M1-16 banner/reconnect wiring
crates/sverb-tui/src/app/modal.rs,agent-M1-16,M1-16,modified,2026-10-08T01:08:01Z,,M1-16 banner/reconnect wiring
crates/sverb-tui/src/app/sessions/reconnect.rs,agent-M1-16,M1-16,modified,2026-10-08T01:08:01Z,,M1-16 banner/reconnect wiring
crates/sverb-tui/src/app/tabs_tests.rs,agent-M1-17,M1-17,modified,2026-10-08T01:08:19Z,,reducer tests
crates/sverb-tui/src/app/sessions/reconnect_tests.rs,agent-M1-16,M1-16,modified,2026-10-08T01:08:59Z,,new: reducer + snapshot tests
crates/sverb-conn/src/ssh/tests.rs,agent-M1-14,M1-14,modified,2026-10-08T01:09:48Z,,loopback_auth_failure: new methods-tried message
crates/sverb-conn/src/ssh/auth_testing.rs,agent-M1-14,M1-14,modified,2026-10-08T01:09:48Z,,M1-14 new file
crates/sverb-conn/src/ssh/auth_loopback.rs,agent-M1-14,M1-14,modified,2026-10-08T01:09:48Z,,M1-14 new file
crates/sverb-tui/src/app/snapshots/sverb_tui__app__tabs__tests__t14_tab_overflow_40x12.snap,agent-M1-17,M1-17,locked,2026-10-08T01:11:24Z,,T-14 snapshot
crates/sverb-tui/src/app/snapshots/sverb_tui__app__tabs__tests__t14_tab_overflow_40x12.snap,agent-M1-17,M1-17,modified,2026-10-08T01:11:24Z,,T-14 snapshot
crates/sverb-tui/src/app/snapshots/sverb_tui__app__tabs__tests__t14_three_tabs_160x48.snap,agent-M1-17,M1-17,locked,2026-10-08T01:11:24Z,,T-14 snapshot
crates/sverb-tui/src/app/snapshots/sverb_tui__app__tabs__tests__t14_three_tabs_160x48.snap,agent-M1-17,M1-17,modified,2026-10-08T01:11:24Z,,T-14 snapshot
crates/sverb-tui/src/app/snapshots/sverb_tui__app__tabs__tests__t14_three_tabs_80x24.snap,agent-M1-17,M1-17,locked,2026-10-08T01:11:24Z,,T-14 snapshot
crates/sverb-tui/src/app/snapshots/sverb_tui__app__tabs__tests__t14_three_tabs_80x24.snap,agent-M1-17,M1-17,modified,2026-10-08T01:11:24Z,,T-14 snapshot
crates/sverb-tui/src/runtime/mod.rs,agent-M1-17,M1-17,modified,2026-10-08T01:11:34Z,,hidden Dirty → activity marker
crates/sverb-tui/src/services/ssh.rs,agent-M1-14,M1-14,locked,2026-10-08T01:12:20Z,,resolver reads key/passphrase/certs; chain authenticator with system agent
crates/sverb-tui/src/services/ssh.rs,agent-M1-14,M1-14,modified,2026-10-08T01:13:34Z,,key material in resolver; ChainAuthenticator+SystemAgent; save_key_changes; import_key_file
crates/sverb-tui/tests/auth.rs,agent-M1-14,M1-14,locked,2026-10-08T01:13:51Z,,new: resolver key material + credential save tests
crates/sverb-tui/src/app/sessions/snapshots/sverb_tui__app__sessions__reconnect__tests__t04_banner_timeout_80x24.snap,agent-M1-16,M1-16,locked,2026-10-08T01:14:00Z,,T-04 snapshot
crates/sverb-tui/src/app/sessions/snapshots/sverb_tui__app__sessions__reconnect__tests__t04_banner_timeout_80x24.snap,agent-M1-16,M1-16,modified,2026-10-08T01:14:00Z,,new T-04 snapshot
crates/sverb-tui/src/app/sessions/snapshots/sverb_tui__app__sessions__reconnect__tests__t04_countdown_80x24.snap,agent-M1-16,M1-16,locked,2026-10-08T01:14:00Z,,T-04 snapshot
crates/sverb-tui/src/app/sessions/snapshots/sverb_tui__app__sessions__reconnect__tests__t04_countdown_80x24.snap,agent-M1-16,M1-16,modified,2026-10-08T01:14:00Z,,new T-04 snapshot
crates/sverb-tui/src/app/sessions/snapshots/sverb_tui__app__sessions__reconnect__tests__t04_exited_footer_80x24.snap,agent-M1-16,M1-16,locked,2026-10-08T01:14:00Z,,T-04 snapshot
crates/sverb-tui/src/app/sessions/snapshots/sverb_tui__app__sessions__reconnect__tests__t04_exited_footer_80x24.snap,agent-M1-16,M1-16,modified,2026-10-08T01:14:00Z,,new T-04 snapshot
crates/sverb-tui/tests/auth.rs,agent-M1-14,M1-14,modified,2026-10-08T01:14:57Z,,new test file
crates/sverb-tui/src/widgets/auth_prompt.rs,agent-M1-14,M1-14,locked,2026-10-08T01:16:15Z,,new: auth prompt dialog + prompt queue
crates/sverb-tui/src/widgets/mod.rs,agent-M1-14,M1-14,locked,2026-10-08T01:16:15Z,,pub mod auth_prompt
crates/sverb-tui/src/widgets/mod.rs,agent-M1-14,M1-14,modified,2026-10-08T01:17:30Z,,pub mod auth_prompt
crates/sverb-tui/src/widgets/auth_prompt.rs,agent-M1-14,M1-14,modified,2026-10-08T01:17:30Z,,new file
crates/sverb/tests/common/mod.rs,agent-M1-17,M1-17,locked,2026-10-08T01:18:21Z,,PtyRun::resize
crates/sverb/tests/tabs_panes.rs,agent-M1-17,M1-17,locked,2026-10-08T01:18:21Z,,T-15 local PTY e2e
crates/sverb/tests/common/mod.rs,agent-M1-17,M1-17,modified,2026-10-08T01:18:21Z,,PtyRun::resize and bytes_from
crates/sverb/tests/tabs_panes.rs,agent-M1-17,M1-17,modified,2026-10-08T01:18:46Z,,T-15 local PTY e2e
crates/sverb-tui/src/app/hosts.rs,agent-M2-02,M2-02,copy,2026-10-08T01:23:36Z,.merge/agent-M2-02/crates/sverb-tui/src/app/hosts.rs,ItemEffect SaveIdentity/LoadIdentity/DeleteIdentity; keychain gets index+catalog; clear on lock; route identity PendingKinds
crates/sverb-tui/src/app/state.rs,agent-M2-02,M2-02,copy,2026-10-08T01:23:36Z,.merge/agent-M2-02/crates/sverb-tui/src/app/state.rs,PendingKind SaveIdentity/EditIdentity
crates/sverb-tui/src/app/mod.rs,agent-M2-02,M2-02,copy,2026-10-08T01:23:36Z,.merge/agent-M2-02/crates/sverb-tui/src/app/mod.rs,mod keychain + keychain_tests; take_keychain_requests after dispatch
crates/sverb-tui/src/app/shell.rs,agent-M2-02,M2-02,copy,2026-10-08T01:23:36Z,.merge/agent-M2-02/crates/sverb-tui/src/app/shell.rs,Keychain section focus/render/detail
crates/sverb-tui/src/app/input.rs,agent-M2-02,M2-02,copy,2026-10-08T01:23:36Z,.merge/agent-M2-02/crates/sverb-tui/src/app/input.rs,Keychain insert_mode; DialogKind::Identity wants_text
crates/sverb-tui/src/views/mod.rs,agent-M2-02,M2-02,copy,2026-10-08T01:23:36Z,.merge/agent-M2-02/crates/sverb-tui/src/views/mod.rs,mod keychain; Views.keychain
crates/sverb-tui/src/views/hosts/form.rs,agent-M2-02,M2-02,copy,2026-10-08T01:23:36Z,.merge/agent-M2-02/crates/sverb-tui/src/views/hosts/form.rs,credentials mode Use identity/Inline; vault-scoped picker; + new identity; credential_changes
crates/sverb-tui/src/views/hosts/snapshots/sverb_tui__views__hosts__tests__m2_01__t11_m2_inherited_host_form_120x40.snap,agent-M2-02,M2-02,copy,2026-10-08T01:23:36Z,.merge/agent-M2-02/crates/sverb-tui/src/views/hosts/snapshots/sverb_tui__views__hosts__tests__m2_01__t11_m2_inherited_host_form_120x40.snap,Credentials row replaces Identity row (inline mode)
crates/sverb-tui/src/views/hosts/snapshots/sverb_tui__views__hosts__tests__t12_host_form_160x48.snap,agent-M2-02,M2-02,copy,2026-10-08T01:23:36Z,.merge/agent-M2-02/crates/sverb-tui/src/views/hosts/snapshots/sverb_tui__views__hosts__tests__t12_host_form_160x48.snap,Credentials row replaces Identity row (inline mode)
crates/sverb-tui/src/app/event.rs,agent-M2-02,M2-02,copy,2026-10-08T01:23:36Z,.merge/agent-M2-02/crates/sverb-tui/src/app/event.rs,EffectOutput::Identity (held by me; in copy because it needs views::keychain)
crates/sverb-tui/src/views/dialogs.rs,agent-M2-02,M2-02,copy,2026-10-08T01:23:36Z,.merge/agent-M2-02/crates/sverb-tui/src/views/dialogs.rs,DialogKind::Identity + arms; credential_changes in host form save (held by me; needs views::keychain)
crates/sverb-tui/src/services/vault/items.rs,agent-M2-02,M2-02,copy,2026-10-08T01:23:36Z,.merge/agent-M2-02/crates/sverb-tui/src/services/vault/items.rs,in-tree: ItemOps identity methods + cross-vault checks (done in place); copy adds execute arms for new ItemEffect variants
crates/sverb-tui/src/views/keychain/mod.rs,agent-M2-02,M2-02,copy,2026-10-08T01:23:36Z,.merge/agent-M2-02/crates/sverb-tui/src/views/keychain/mod.rs,new file; kept in copy set (needs copy wiring)
crates/sverb-tui/src/views/keychain/identities.rs,agent-M2-02,M2-02,copy,2026-10-08T01:23:36Z,.merge/agent-M2-02/crates/sverb-tui/src/views/keychain/identities.rs,new file; kept in copy set (needs copy wiring)
crates/sverb-tui/src/views/keychain/identity_form.rs,agent-M2-02,M2-02,copy,2026-10-08T01:23:36Z,.merge/agent-M2-02/crates/sverb-tui/src/views/keychain/identity_form.rs,new file; kept in copy set (needs copy wiring)
crates/sverb-tui/src/views/keychain/tests.rs,agent-M2-02,M2-02,copy,2026-10-08T01:23:36Z,.merge/agent-M2-02/crates/sverb-tui/src/views/keychain/tests.rs,new file; kept in copy set (needs copy wiring)
crates/sverb-tui/src/app/keychain.rs,agent-M2-02,M2-02,copy,2026-10-08T01:23:36Z,.merge/agent-M2-02/crates/sverb-tui/src/app/keychain.rs,new file; kept in copy set (needs copy wiring)
crates/sverb-tui/src/app/keychain_tests.rs,agent-M2-02,M2-02,copy,2026-10-08T01:23:36Z,.merge/agent-M2-02/crates/sverb-tui/src/app/keychain_tests.rs,new file; kept in copy set (needs copy wiring)
crates/sverb-tui/src/views/keychain/snapshots/sverb_tui__views__keychain__tests__t09_identities_160x48.snap,agent-M2-02,M2-02,locked,2026-10-08T01:23:37Z,,T-09 snapshot
crates/sverb-tui/src/views/keychain/snapshots/sverb_tui__views__keychain__tests__t09_identities_160x48.snap,agent-M2-02,M2-02,copy,2026-10-08T01:23:37Z,.merge/agent-M2-02/crates/sverb-tui/src/views/keychain/snapshots/sverb_tui__views__keychain__tests__t09_identities_160x48.snap,new snapshot; kept in copy set
crates/sverb-tui/src/app/effect.rs,agent-M1-14,M1-14,copy,2026-10-08T01:32:13Z,.merge/agent-M1-14/crates/sverb-tui/src/app/effect.rs,Effect::AuthAnswer + Effect::SaveCredential (append-only M1-14 block)
crates/sverb-tui/src/services/mod.rs,agent-M1-14,M1-14,copy,2026-10-08T01:32:13Z,.merge/agent-M1-14/crates/sverb-tui/src/services/mod.rs,execute arms for AuthAnswer / SaveCredential
crates/sverb-tui/src/views/dialogs.rs,agent-M1-14,M1-14,copy,2026-10-08T01:32:13Z,.merge/agent-M1-14/crates/sverb-tui/src/views/dialogs.rs,DialogKind::AuthPrompt + handle/render arms
crates/sverb-tui/src/app/mod.rs,agent-M1-14,M1-14,copy,2026-10-08T01:32:13Z,.merge/agent-M1-14/crates/sverb-tui/src/app/mod.rs,mod auth; App.auth field; take_auth_answer after dialog dispatch; auth_lock_transition
crates/sverb-tui/src/app/sessions.rs,agent-M1-14,M1-14,copy,2026-10-08T01:32:13Z,.merge/agent-M1-14/crates/sverb-tui/src/app/sessions.rs,auth_on_session call
crates/sverb-tui/src/services/vault/items.rs,agent-M1-14,M1-14,copy,2026-10-08T01:32:13Z,.merge/agent-M1-14/crates/sverb-tui/src/services/vault/items.rs,Save: Key kind -> save_key_changes; host save imports key_file first
crates/sverb-tui/src/views/hosts/form.rs,agent-M1-14,M1-14,copy,2026-10-08T01:32:13Z,.merge/agent-M1-14/crates/sverb-tui/src/views/hosts/form.rs,Key file field (M1 key import)
crates/sverb-tui/src/views/hosts/snapshots/sverb_tui__views__hosts__tests__m2_01__t11_m2_inherited_host_form_120x40.snap,agent-M1-14,M1-14,copy,2026-10-08T01:32:13Z,.merge/agent-M1-14/crates/sverb-tui/src/views/hosts/snapshots/sverb_tui__views__hosts__tests__m2_01__t11_m2_inherited_host_form_120x40.snap,Key file row
crates/sverb-tui/src/views/hosts/snapshots/sverb_tui__views__hosts__tests__t12_host_form_160x48.snap,agent-M1-14,M1-14,copy,2026-10-08T01:32:13Z,.merge/agent-M1-14/crates/sverb-tui/src/views/hosts/snapshots/sverb_tui__views__hosts__tests__t12_host_form_160x48.snap,Key file row
crates/sverb-tui/src/app/auth.rs,agent-M1-14,M1-14,locked,2026-10-08T01:32:13Z,,new: auth prompt reducer (copy-only; needs the wiring copies)
crates/sverb-tui/src/app/auth.rs,agent-M1-14,M1-14,copy,2026-10-08T01:32:13Z,.merge/agent-M1-14/crates/sverb-tui/src/app/auth.rs,new file kept in the copy folder: compiles only with the app/mod.rs + dialogs.rs + effect.rs copies
crates/sverb-conn/Cargo.toml,agent-M1-16,M1-16,released,2026-10-08T01:33:30Z,,orchestrator: complete
crates/sverb-conn/src/session/actor.rs,agent-M1-16,M1-16,released,2026-10-08T01:33:30Z,,orchestrator: complete
crates/sverb-conn/src/session/backoff.rs,agent-M1-16,M1-16,released,2026-10-08T01:33:30Z,,orchestrator: complete
crates/sverb-conn/tests/reconnect.rs,agent-M1-16,M1-16,released,2026-10-08T01:33:30Z,,orchestrator: complete
crates/sverb-core/src/config/default_config.toml,agent-M1-16,M1-16,released,2026-10-08T01:33:30Z,,orchestrator: complete
crates/sverb-core/src/config/model.rs,agent-M1-16,M1-16,released,2026-10-08T01:33:30Z,,orchestrator: complete
crates/sverb-core/src/config/tests.rs,agent-M1-16,M1-16,released,2026-10-08T01:33:30Z,,orchestrator: complete
crates/sverb-core/src/model/host.rs,agent-M1-16,M1-16,released,2026-10-08T01:33:30Z,,orchestrator: complete
crates/sverb-core/src/model/tests.rs,agent-M1-16,M1-16,released,2026-10-08T01:33:30Z,,orchestrator: complete
crates/sverb-core/src/resolve/provenance.rs,agent-M1-16,M1-16,released,2026-10-08T01:33:30Z,,orchestrator: complete
crates/sverb-core/src/resolve.rs,agent-M1-16,M1-16,released,2026-10-08T01:33:30Z,,orchestrator: complete
crates/sverb-core/src/resolve/tests.rs,agent-M1-16,M1-16,released,2026-10-08T01:33:30Z,,orchestrator: complete
crates/sverb-tui/src/app/input.rs,agent-M1-16,M1-16,released,2026-10-08T01:33:30Z,,orchestrator: complete
crates/sverb-tui/src/app/local.rs,agent-M1-16,M1-16,released,2026-10-08T01:33:30Z,,orchestrator: complete
crates/sverb-tui/src/app/modal.rs,agent-M1-16,M1-16,released,2026-10-08T01:33:30Z,,orchestrator: complete
crates/sverb-tui/src/app/panes.rs,agent-M1-16,M1-16,released,2026-10-08T01:33:30Z,,orchestrator: complete
crates/sverb-tui/src/app/sessions/reconnect.rs,agent-M1-16,M1-16,released,2026-10-08T01:33:30Z,,orchestrator: complete
crates/sverb-tui/src/app/sessions/reconnect_tests.rs,agent-M1-16,M1-16,released,2026-10-08T01:33:30Z,,orchestrator: complete
crates/sverb-tui/src/app/sessions.rs,agent-M1-16,M1-16,released,2026-10-08T01:33:30Z,,orchestrator: complete
crates/sverb-tui/src/app/sessions/snapshots/sverb_tui__app__sessions__reconnect__tests__t04_banner_timeout_80x24.snap,agent-M1-16,M1-16,released,2026-10-08T01:33:30Z,,orchestrator: complete
crates/sverb-tui/src/app/sessions/snapshots/sverb_tui__app__sessions__reconnect__tests__t04_countdown_80x24.snap,agent-M1-16,M1-16,released,2026-10-08T01:33:30Z,,orchestrator: complete
crates/sverb-tui/src/app/sessions/snapshots/sverb_tui__app__sessions__reconnect__tests__t04_exited_footer_80x24.snap,agent-M1-16,M1-16,released,2026-10-08T01:33:30Z,,orchestrator: complete
crates/sverb-tui/src/views/hosts/catalog.rs,agent-M1-16,M1-16,released,2026-10-08T01:33:30Z,,orchestrator: complete
crates/sverb-tui/src/views/hosts/form.rs,agent-M1-16,M1-16,released,2026-10-08T01:33:30Z,,orchestrator: complete
crates/sverb-tui/src/views/hosts/snapshots/sverb_tui__views__hosts__tests__m2_01__t11_m2_inherited_host_form_120x40.snap,agent-M1-16,M1-16,released,2026-10-08T01:33:30Z,,orchestrator: complete
crates/sverb-tui/src/views/hosts/snapshots/sverb_tui__views__hosts__tests__t12_host_form_160x48.snap,agent-M1-16,M1-16,released,2026-10-08T01:33:30Z,,orchestrator: complete
crates/sverb-tui/src/widgets/terminal_pane.rs,agent-M1-16,M1-16,released,2026-10-08T01:33:30Z,,orchestrator: complete
docs/config.schema.json,agent-M1-16,M1-16,released,2026-10-08T01:33:30Z,,orchestrator: complete
docs/data-model.md,agent-M1-16,M1-16,released,2026-10-08T01:33:30Z,,orchestrator: complete
crates/sverb-core/src/model/identity.rs,agent-M2-02,M2-02,released,2026-10-08T01:33:30Z,,orchestrator: in-place part complete
crates/sverb-core/src/model/mod.rs,agent-M2-02,M2-02,released,2026-10-08T01:33:30Z,,orchestrator: in-place part complete
crates/sverb-tui/src/views/hosts/detail.rs,agent-M2-02,M2-02,released,2026-10-08T01:33:30Z,,orchestrator: in-place part complete
crates/sverb-tui/src/views/hosts/mod.rs,agent-M2-02,M2-02,released,2026-10-08T01:33:30Z,,orchestrator: in-place part complete
crates/sverb-tui/src/widgets/form/reference.rs,agent-M2-02,M2-02,released,2026-10-08T01:33:30Z,,orchestrator: in-place part complete
crates/sverb-tui/tests/identities.rs,agent-M2-02,M2-02,released,2026-10-08T01:33:30Z,,orchestrator: in-place part complete
crates/sverb-conn/src/agent_client.rs,agent-M1-14,M1-14,released,2026-10-08T07:44:56Z,,orchestrator: in-place part complete
crates/sverb-conn/src/lib.rs,agent-M1-14,M1-14,released,2026-10-08T07:44:56Z,,orchestrator: in-place part complete
crates/sverb-conn/src/session/event.rs,agent-M1-14,M1-14,released,2026-10-08T07:44:56Z,,orchestrator: in-place part complete
crates/sverb-conn/src/session/mod.rs,agent-M1-14,M1-14,released,2026-10-08T07:44:56Z,,orchestrator: in-place part complete
crates/sverb-conn/src/session/state.rs,agent-M1-14,M1-14,released,2026-10-08T07:44:57Z,,orchestrator: in-place part complete
crates/sverb-conn/src/ssh/auth_loopback.rs,agent-M1-14,M1-14,released,2026-10-08T07:44:57Z,,orchestrator: in-place part complete
crates/sverb-conn/src/ssh/auth.rs,agent-M1-14,M1-14,released,2026-10-08T07:44:57Z,,orchestrator: in-place part complete
crates/sverb-conn/src/ssh/auth_testing.rs,agent-M1-14,M1-14,released,2026-10-08T07:44:57Z,,orchestrator: in-place part complete
crates/sverb-conn/src/ssh/auth_tests.rs,agent-M1-14,M1-14,released,2026-10-08T07:44:57Z,,orchestrator: in-place part complete
crates/sverb-conn/src/ssh/keyfile.rs,agent-M1-14,M1-14,released,2026-10-08T07:44:57Z,,orchestrator: in-place part complete
crates/sverb-conn/src/ssh/mod.rs,agent-M1-14,M1-14,released,2026-10-08T07:44:57Z,,orchestrator: in-place part complete
crates/sverb-conn/src/ssh/resolved.rs,agent-M1-14,M1-14,released,2026-10-08T07:44:57Z,,orchestrator: in-place part complete
crates/sverb-conn/src/ssh/test_keys.rs,agent-M1-14,M1-14,released,2026-10-08T07:44:57Z,,orchestrator: in-place part complete
crates/sverb-conn/src/ssh/tests.rs,agent-M1-14,M1-14,released,2026-10-08T07:44:57Z,,orchestrator: in-place part complete
crates/sverb-tui/src/services/ssh.rs,agent-M1-14,M1-14,released,2026-10-08T07:44:57Z,,orchestrator: in-place part complete
crates/sverb-tui/src/widgets/auth_prompt.rs,agent-M1-14,M1-14,released,2026-10-08T07:44:57Z,,orchestrator: in-place part complete
crates/sverb-tui/src/widgets/mod.rs,agent-M1-14,M1-14,released,2026-10-08T07:44:57Z,,orchestrator: in-place part complete
crates/sverb-tui/tests/auth.rs,agent-M1-14,M1-14,released,2026-10-08T07:44:57Z,,orchestrator: in-place part complete
crates/sverb-conn/src/ssh/connect.rs,agent-M2-08,M2-08,locked,2026-10-08T07:47:34Z,,M2-08 hooks: tunnel-only + forwards attach
crates/sverb-conn/src/ssh/handler.rs,agent-M2-08,M2-08,locked,2026-10-08T07:47:34Z,,M2-08 forwarded-tcpip routing
crates/sverb-conn/src/transport.rs,agent-M2-08,M2-08,locked,2026-10-08T07:47:35Z,,M2-08 ConnectCtx forward hook + module bridge
crates/sverb-conn/src/ssh/testing.rs,agent-M2-08,M2-08,locked,2026-10-08T07:47:35Z,,M2-08 test server direct-tcpip/tcpip-forward
crates/sverb-conn/src/session/actor.rs,agent-M2-08,M2-08,locked,2026-10-08T07:47:35Z,,M2-08 pass forward hook into ConnectCtx
crates/sverb-conn/src/manager.rs,agent-M2-08,M2-08,locked,2026-10-08T07:47:35Z,,M2-08 forward hook + tunnel_only option
crates/sverb-conn/src/ssh/verify.rs,agent-M1-15,M1-15,locked,2026-10-08T07:47:57Z,,new file (M1-15)
crates/sverb-conn/src/ssh/verify.rs,agent-M1-15,M1-15,copy,2026-10-08T07:47:57Z,.merge/agent-M1-15/crates/sverb-conn/src/ssh/verify.rs,M1-15 new file; kept in the copy folder because its wiring (sverb-core lib.rs etc.) is in copies
crates/sverb-conn/src/ssh/verify_tests.rs,agent-M1-15,M1-15,locked,2026-10-08T07:47:58Z,,new file (M1-15)
crates/sverb-conn/src/ssh/verify_tests.rs,agent-M1-15,M1-15,copy,2026-10-08T07:47:58Z,.merge/agent-M1-15/crates/sverb-conn/src/ssh/verify_tests.rs,M1-15 new file; kept in the copy folder because its wiring (sverb-core lib.rs etc.) is in copies
crates/sverb-core/src/known_hosts/check.rs,agent-M1-15,M1-15,locked,2026-10-08T07:47:58Z,,new file (M1-15)
crates/sverb-core/src/known_hosts/check.rs,agent-M1-15,M1-15,copy,2026-10-08T07:47:58Z,.merge/agent-M1-15/crates/sverb-core/src/known_hosts/check.rs,M1-15 new file; kept in the copy folder because its wiring (sverb-core lib.rs etc.) is in copies
crates/sverb-core/src/known_hosts/fingerprint.rs,agent-M1-15,M1-15,locked,2026-10-08T07:47:58Z,,new file (M1-15)
crates/sverb-core/src/known_hosts/fingerprint.rs,agent-M1-15,M1-15,copy,2026-10-08T07:47:58Z,.merge/agent-M1-15/crates/sverb-core/src/known_hosts/fingerprint.rs,M1-15 new file; kept in the copy folder because its wiring (sverb-core lib.rs etc.) is in copies
crates/sverb-core/src/known_hosts/hashed.rs,agent-M1-15,M1-15,locked,2026-10-08T07:47:58Z,,new file (M1-15)
crates/sverb-core/src/known_hosts/hashed.rs,agent-M1-15,M1-15,copy,2026-10-08T07:47:58Z,.merge/agent-M1-15/crates/sverb-core/src/known_hosts/hashed.rs,M1-15 new file; kept in the copy folder because its wiring (sverb-core lib.rs etc.) is in copies
crates/sverb-core/src/known_hosts/lookup.rs,agent-M1-15,M1-15,locked,2026-10-08T07:47:58Z,,new file (M1-15)
crates/sverb-core/src/known_hosts/lookup.rs,agent-M1-15,M1-15,copy,2026-10-08T07:47:58Z,.merge/agent-M1-15/crates/sverb-core/src/known_hosts/lookup.rs,M1-15 new file; kept in the copy folder because its wiring (sverb-core lib.rs etc.) is in copies
crates/sverb-core/src/known_hosts/mod.rs,agent-M1-15,M1-15,locked,2026-10-08T07:47:58Z,,new file (M1-15)
crates/sverb-core/src/known_hosts/mod.rs,agent-M1-15,M1-15,copy,2026-10-08T07:47:58Z,.merge/agent-M1-15/crates/sverb-core/src/known_hosts/mod.rs,M1-15 new file; kept in the copy folder because its wiring (sverb-core lib.rs etc.) is in copies
crates/sverb-core/src/known_hosts/parse.rs,agent-M1-15,M1-15,locked,2026-10-08T07:47:58Z,,new file (M1-15)
crates/sverb-core/src/known_hosts/parse.rs,agent-M1-15,M1-15,copy,2026-10-08T07:47:58Z,.merge/agent-M1-15/crates/sverb-core/src/known_hosts/parse.rs,M1-15 new file; kept in the copy folder because its wiring (sverb-core lib.rs etc.) is in copies
crates/sverb-core/src/known_hosts/randomart.rs,agent-M1-15,M1-15,locked,2026-10-08T07:47:58Z,,new file (M1-15)
crates/sverb-core/src/known_hosts/randomart.rs,agent-M1-15,M1-15,copy,2026-10-08T07:47:58Z,.merge/agent-M1-15/crates/sverb-core/src/known_hosts/randomart.rs,M1-15 new file; kept in the copy folder because its wiring (sverb-core lib.rs etc.) is in copies
crates/sverb-core/src/known_hosts/testdata/ca.pub,agent-M1-15,M1-15,locked,2026-10-08T07:47:58Z,,new file (M1-15)
crates/sverb-core/src/known_hosts/testdata/ca.pub,agent-M1-15,M1-15,copy,2026-10-08T07:47:58Z,.merge/agent-M1-15/crates/sverb-core/src/known_hosts/testdata/ca.pub,M1-15 new file; kept in the copy folder because its wiring (sverb-core lib.rs etc.) is in copies
crates/sverb-core/src/known_hosts/testdata/ecdsa.pub,agent-M1-15,M1-15,locked,2026-10-08T07:47:58Z,,new file (M1-15)
crates/sverb-core/src/known_hosts/testdata/ecdsa.pub,agent-M1-15,M1-15,copy,2026-10-08T07:47:58Z,.merge/agent-M1-15/crates/sverb-core/src/known_hosts/testdata/ecdsa.pub,M1-15 new file; kept in the copy folder because its wiring (sverb-core lib.rs etc.) is in copies
crates/sverb-core/src/known_hosts/testdata/ecdsa.randomart.txt,agent-M1-15,M1-15,locked,2026-10-08T07:47:58Z,,new file (M1-15)
crates/sverb-core/src/known_hosts/testdata/ecdsa.randomart.txt,agent-M1-15,M1-15,copy,2026-10-08T07:47:58Z,.merge/agent-M1-15/crates/sverb-core/src/known_hosts/testdata/ecdsa.randomart.txt,M1-15 new file; kept in the copy folder because its wiring (sverb-core lib.rs etc.) is in copies
crates/sverb-core/src/known_hosts/testdata/ed25519.pub,agent-M1-15,M1-15,locked,2026-10-08T07:47:58Z,,new file (M1-15)
crates/sverb-core/src/known_hosts/testdata/ed25519.pub,agent-M1-15,M1-15,copy,2026-10-08T07:47:58Z,.merge/agent-M1-15/crates/sverb-core/src/known_hosts/testdata/ed25519.pub,M1-15 new file; kept in the copy folder because its wiring (sverb-core lib.rs etc.) is in copies
crates/sverb-core/src/known_hosts/testdata/ed25519.randomart.txt,agent-M1-15,M1-15,locked,2026-10-08T07:47:58Z,,new file (M1-15)
crates/sverb-core/src/known_hosts/testdata/ed25519.randomart.txt,agent-M1-15,M1-15,copy,2026-10-08T07:47:58Z,.merge/agent-M1-15/crates/sverb-core/src/known_hosts/testdata/ed25519.randomart.txt,M1-15 new file; kept in the copy folder because its wiring (sverb-core lib.rs etc.) is in copies
crates/sverb-core/src/known_hosts/testdata/hashed_example_com.txt,agent-M1-15,M1-15,locked,2026-10-08T07:47:58Z,,new file (M1-15)
crates/sverb-core/src/known_hosts/testdata/hashed_example_com.txt,agent-M1-15,M1-15,copy,2026-10-08T07:47:58Z,.merge/agent-M1-15/crates/sverb-core/src/known_hosts/testdata/hashed_example_com.txt,M1-15 new file; kept in the copy folder because its wiring (sverb-core lib.rs etc.) is in copies
crates/sverb-core/src/known_hosts/testdata/host-expired-cert.pub,agent-M1-15,M1-15,locked,2026-10-08T07:47:58Z,,new file (M1-15)
crates/sverb-core/src/known_hosts/testdata/host-expired-cert.pub,agent-M1-15,M1-15,copy,2026-10-08T07:47:58Z,.merge/agent-M1-15/crates/sverb-core/src/known_hosts/testdata/host-expired-cert.pub,M1-15 new file; kept in the copy folder because its wiring (sverb-core lib.rs etc.) is in copies
crates/sverb-core/src/known_hosts/testdata/host-valid-cert.pub,agent-M1-15,M1-15,locked,2026-10-08T07:47:58Z,,new file (M1-15)
crates/sverb-core/src/known_hosts/testdata/host-valid-cert.pub,agent-M1-15,M1-15,copy,2026-10-08T07:47:58Z,.merge/agent-M1-15/crates/sverb-core/src/known_hosts/testdata/host-valid-cert.pub,M1-15 new file; kept in the copy folder because its wiring (sverb-core lib.rs etc.) is in copies
crates/sverb-core/src/known_hosts/testdata/known_hosts.txt,agent-M1-15,M1-15,locked,2026-10-08T07:47:58Z,,new file (M1-15)
crates/sverb-core/src/known_hosts/testdata/known_hosts.txt,agent-M1-15,M1-15,copy,2026-10-08T07:47:58Z,.merge/agent-M1-15/crates/sverb-core/src/known_hosts/testdata/known_hosts.txt,M1-15 new file; kept in the copy folder because its wiring (sverb-core lib.rs etc.) is in copies
crates/sverb-core/src/known_hosts/testdata/rsa.pub,agent-M1-15,M1-15,locked,2026-10-08T07:47:58Z,,new file (M1-15)
crates/sverb-core/src/known_hosts/testdata/rsa.pub,agent-M1-15,M1-15,copy,2026-10-08T07:47:58Z,.merge/agent-M1-15/crates/sverb-core/src/known_hosts/testdata/rsa.pub,M1-15 new file; kept in the copy folder because its wiring (sverb-core lib.rs etc.) is in copies
crates/sverb-core/src/known_hosts/testdata/rsa.randomart.txt,agent-M1-15,M1-15,locked,2026-10-08T07:47:58Z,,new file (M1-15)
crates/sverb-core/src/known_hosts/testdata/rsa.randomart.txt,agent-M1-15,M1-15,copy,2026-10-08T07:47:58Z,.merge/agent-M1-15/crates/sverb-core/src/known_hosts/testdata/rsa.randomart.txt,M1-15 new file; kept in the copy folder because its wiring (sverb-core lib.rs etc.) is in copies
crates/sverb-core/src/known_hosts/testdata/sk.txt,agent-M1-15,M1-15,locked,2026-10-08T07:47:58Z,,new file (M1-15)
crates/sverb-core/src/known_hosts/testdata/sk.txt,agent-M1-15,M1-15,copy,2026-10-08T07:47:58Z,.merge/agent-M1-15/crates/sverb-core/src/known_hosts/testdata/sk.txt,M1-15 new file; kept in the copy folder because its wiring (sverb-core lib.rs etc.) is in copies
crates/sverb-core/src/known_hosts/testdata/user-cert.pub,agent-M1-15,M1-15,locked,2026-10-08T07:47:58Z,,new file (M1-15)
crates/sverb-core/src/known_hosts/testdata/user-cert.pub,agent-M1-15,M1-15,copy,2026-10-08T07:47:58Z,.merge/agent-M1-15/crates/sverb-core/src/known_hosts/testdata/user-cert.pub,M1-15 new file; kept in the copy folder because its wiring (sverb-core lib.rs etc.) is in copies
crates/sverb-core/src/known_hosts/tests.rs,agent-M1-15,M1-15,locked,2026-10-08T07:47:58Z,,new file (M1-15)
crates/sverb-core/src/known_hosts/tests.rs,agent-M1-15,M1-15,copy,2026-10-08T07:47:58Z,.merge/agent-M1-15/crates/sverb-core/src/known_hosts/tests.rs,M1-15 new file; kept in the copy folder because its wiring (sverb-core lib.rs etc.) is in copies
crates/sverb-tui/src/app/known_hosts.rs,agent-M1-15,M1-15,locked,2026-10-08T07:47:58Z,,new file (M1-15)
crates/sverb-tui/src/app/known_hosts.rs,agent-M1-15,M1-15,copy,2026-10-08T07:47:59Z,.merge/agent-M1-15/crates/sverb-tui/src/app/known_hosts.rs,M1-15 new file; kept in the copy folder because its wiring (sverb-core lib.rs etc.) is in copies
crates/sverb-tui/src/app/known_hosts_tests.rs,agent-M1-15,M1-15,locked,2026-10-08T07:47:59Z,,new file (M1-15)
crates/sverb-tui/src/app/known_hosts_tests.rs,agent-M1-15,M1-15,copy,2026-10-08T07:47:59Z,.merge/agent-M1-15/crates/sverb-tui/src/app/known_hosts_tests.rs,M1-15 new file; kept in the copy folder because its wiring (sverb-core lib.rs etc.) is in copies
crates/sverb-tui/src/services/known_hosts.rs,agent-M1-15,M1-15,locked,2026-10-08T07:47:59Z,,new file (M1-15)
crates/sverb-tui/src/services/known_hosts.rs,agent-M1-15,M1-15,copy,2026-10-08T07:47:59Z,.merge/agent-M1-15/crates/sverb-tui/src/services/known_hosts.rs,M1-15 new file; kept in the copy folder because its wiring (sverb-core lib.rs etc.) is in copies
crates/sverb-tui/src/views/dialogs/host_key.rs,agent-M1-15,M1-15,locked,2026-10-08T07:47:59Z,,new file (M1-15)
crates/sverb-tui/src/views/dialogs/host_key.rs,agent-M1-15,M1-15,copy,2026-10-08T07:47:59Z,.merge/agent-M1-15/crates/sverb-tui/src/views/dialogs/host_key.rs,M1-15 new file; kept in the copy folder because its wiring (sverb-core lib.rs etc.) is in copies
crates/sverb-tui/src/views/known_hosts.rs,agent-M1-15,M1-15,locked,2026-10-08T07:47:59Z,,new file (M1-15)
crates/sverb-tui/src/views/known_hosts.rs,agent-M1-15,M1-15,copy,2026-10-08T07:47:59Z,.merge/agent-M1-15/crates/sverb-tui/src/views/known_hosts.rs,M1-15 new file; kept in the copy folder because its wiring (sverb-core lib.rs etc.) is in copies
crates/sverb-tui/tests/known_hosts.rs,agent-M1-15,M1-15,locked,2026-10-08T07:47:59Z,,new file (M1-15)
crates/sverb-tui/tests/known_hosts.rs,agent-M1-15,M1-15,copy,2026-10-08T07:47:59Z,.merge/agent-M1-15/crates/sverb-tui/tests/known_hosts.rs,M1-15 new file; kept in the copy folder because its wiring (sverb-core lib.rs etc.) is in copies
fuzz/fuzz_targets/known_hosts_parse.rs,agent-M1-15,M1-15,locked,2026-10-08T07:47:59Z,,new file (M1-15)
fuzz/fuzz_targets/known_hosts_parse.rs,agent-M1-15,M1-15,copy,2026-10-08T07:47:59Z,.merge/agent-M1-15/fuzz/fuzz_targets/known_hosts_parse.rs,M1-15 new file; kept in the copy folder because its wiring (sverb-core lib.rs etc.) is in copies
crates/sverb-conn/src/session/mod.rs,agent-M1-15,M1-15,locked,2026-10-08T07:47:59Z,,M1-15 wiring
crates/sverb-conn/src/session/mod.rs,agent-M1-15,M1-15,copy,2026-10-08T07:47:59Z,.merge/agent-M1-15/crates/sverb-conn/src/session/mod.rs,M1-15 wiring (see MERGE-NOTES)
crates/sverb-conn/src/session/state.rs,agent-M1-15,M1-15,locked,2026-10-08T07:47:59Z,,M1-15 wiring
crates/sverb-conn/src/session/state.rs,agent-M1-15,M1-15,copy,2026-10-08T07:47:59Z,.merge/agent-M1-15/crates/sverb-conn/src/session/state.rs,M1-15 wiring (see MERGE-NOTES)
crates/sverb-conn/src/ssh/connect.rs,agent-M1-15,M1-15,copy,2026-10-08T07:47:59Z,.merge/agent-M1-15/crates/sverb-conn/src/ssh/connect.rs,M1-15 wiring (see MERGE-NOTES)
crates/sverb-conn/src/ssh/handler.rs,agent-M1-15,M1-15,copy,2026-10-08T07:47:59Z,.merge/agent-M1-15/crates/sverb-conn/src/ssh/handler.rs,M1-15 wiring (see MERGE-NOTES)
crates/sverb-conn/src/ssh/mod.rs,agent-M1-15,M1-15,locked,2026-10-08T07:47:59Z,,M1-15 wiring
crates/sverb-conn/src/ssh/mod.rs,agent-M1-15,M1-15,copy,2026-10-08T07:47:59Z,.merge/agent-M1-15/crates/sverb-conn/src/ssh/mod.rs,M1-15 wiring (see MERGE-NOTES)
crates/sverb-core/src/lib.rs,agent-M1-15,M1-15,copy,2026-10-08T07:47:59Z,.merge/agent-M1-15/crates/sverb-core/src/lib.rs,M1-15 wiring (see MERGE-NOTES)
crates/sverb-tui/src/app/effect.rs,agent-M1-15,M1-15,copy,2026-10-08T07:47:59Z,.merge/agent-M1-15/crates/sverb-tui/src/app/effect.rs,M1-15 wiring (see MERGE-NOTES)
crates/sverb-tui/src/app/event.rs,agent-M1-15,M1-15,copy,2026-10-08T07:47:59Z,.merge/agent-M1-15/crates/sverb-tui/src/app/event.rs,M1-15 wiring (see MERGE-NOTES)
crates/sverb-tui/src/app/input.rs,agent-M1-15,M1-15,copy,2026-10-08T07:47:59Z,.merge/agent-M1-15/crates/sverb-tui/src/app/input.rs,M1-15 wiring (see MERGE-NOTES)
crates/sverb-tui/src/app/mod.rs,agent-M1-15,M1-15,copy,2026-10-08T07:47:59Z,.merge/agent-M1-15/crates/sverb-tui/src/app/mod.rs,M1-15 wiring (see MERGE-NOTES)
crates/sverb-tui/src/app/sessions.rs,agent-M1-15,M1-15,copy,2026-10-08T07:47:59Z,.merge/agent-M1-15/crates/sverb-tui/src/app/sessions.rs,M1-15 wiring (see MERGE-NOTES)
crates/sverb-tui/src/app/shell.rs,agent-M1-15,M1-15,copy,2026-10-08T07:47:59Z,.merge/agent-M1-15/crates/sverb-tui/src/app/shell.rs,M1-15 wiring (see MERGE-NOTES)
crates/sverb-tui/src/runtime/mod.rs,agent-M1-15,M1-15,copy,2026-10-08T07:47:59Z,.merge/agent-M1-15/crates/sverb-tui/src/runtime/mod.rs,M1-15 wiring (see MERGE-NOTES)
crates/sverb-tui/src/services/mod.rs,agent-M1-15,M1-15,copy,2026-10-08T07:47:59Z,.merge/agent-M1-15/crates/sverb-tui/src/services/mod.rs,M1-15 wiring (see MERGE-NOTES)
crates/sverb-tui/src/services/ssh.rs,agent-M1-15,M1-15,locked,2026-10-08T07:47:59Z,,M1-15 wiring
crates/sverb-tui/src/services/ssh.rs,agent-M1-15,M1-15,copy,2026-10-08T07:47:59Z,.merge/agent-M1-15/crates/sverb-tui/src/services/ssh.rs,M1-15 wiring (see MERGE-NOTES)
crates/sverb-tui/src/views/dialogs.rs,agent-M1-15,M1-15,copy,2026-10-08T07:47:59Z,.merge/agent-M1-15/crates/sverb-tui/src/views/dialogs.rs,M1-15 wiring (see MERGE-NOTES)
crates/sverb-tui/src/views/mod.rs,agent-M1-15,M1-15,copy,2026-10-08T07:48:00Z,.merge/agent-M1-15/crates/sverb-tui/src/views/mod.rs,M1-15 wiring (see MERGE-NOTES)
.merge/agent-M1-15/MERGE-NOTES.md,agent-M1-15,M1-15,locked,2026-10-08T07:48:20Z,,notes
.merge/agent-M1-15/MERGE-NOTES.md,agent-M1-15,M1-15,modified,2026-10-08T07:48:20Z,,merge notes
crates/sverb-conn/src/forward/mod.rs,agent-M2-08,M2-08,locked,2026-10-08T07:48:41Z,,new forward module file
crates/sverb-conn/src/forward/socks.rs,agent-M2-08,M2-08,locked,2026-10-08T07:48:41Z,,new forward module file
crates/sverb-conn/src/forward/socks_server.rs,agent-M2-08,M2-08,locked,2026-10-08T07:48:41Z,,new forward module file
crates/sverb-conn/src/forward/local.rs,agent-M2-08,M2-08,locked,2026-10-08T07:48:41Z,,new forward module file
crates/sverb-conn/src/forward/remote.rs,agent-M2-08,M2-08,locked,2026-10-08T07:48:41Z,,new forward module file
crates/sverb-conn/src/forward/dynamic.rs,agent-M2-08,M2-08,locked,2026-10-08T07:48:41Z,,new forward module file
crates/sverb-conn/src/forward/manager.rs,agent-M2-08,M2-08,locked,2026-10-08T07:48:41Z,,new forward module file
crates/sverb-conn/src/forward/approval.rs,agent-M2-08,M2-08,locked,2026-10-08T07:48:41Z,,new forward module file
crates/sverb-conn/src/forward/ssh_glue.rs,agent-M2-08,M2-08,locked,2026-10-08T07:48:41Z,,new forward module file
crates/sverb-conn/src/forward/tests.rs,agent-M2-08,M2-08,locked,2026-10-08T07:48:41Z,,new forward module file
crates/sverb-core/Cargo.toml,agent-M1-15,M1-15,released,2026-10-08T07:49:01Z,,orchestrator: in-place part complete
.merge/agent-M1-15/MERGE-NOTES.md,agent-M1-15,M1-15,released,2026-10-08T07:49:01Z,,orchestrator: in-place part complete
Cargo.toml,agent-M1-18,M1-18,locked,2026-10-08T07:49:45Z,,workspace dep testcontainers
crates/sverb-e2e/Cargo.toml,agent-M1-18,M1-18,locked,2026-10-08T07:49:45Z,,harness deps
Cargo.toml,agent-M1-18,M1-18,modified,2026-10-08T07:49:49Z,,add testcontainers 0.28 workspace dep (no default features)
crates/sverb-e2e/Cargo.toml,agent-M1-18,M1-18,modified,2026-10-08T07:50:03Z,,harness deps (testcontainers; portable-pty; internal crates)
crates/sverb-core/src/layout.rs,agent-M1-17,M1-17,released,2026-10-08T07:50:18Z,,orchestrator: complete
crates/sverb-core/src/lib.rs,agent-M1-17,M1-17,released,2026-10-08T07:50:18Z,,orchestrator: complete
crates/sverb/tests/common/mod.rs,agent-M1-17,M1-17,released,2026-10-08T07:50:18Z,,orchestrator: complete
crates/sverb/tests/tabs_panes.rs,agent-M1-17,M1-17,released,2026-10-08T07:50:18Z,,orchestrator: complete
crates/sverb-tui/src/app/effect.rs,agent-M1-17,M1-17,released,2026-10-08T07:50:18Z,,orchestrator: complete
crates/sverb-tui/src/app/hosts.rs,agent-M1-17,M1-17,released,2026-10-08T07:50:18Z,,orchestrator: complete
crates/sverb-tui/src/app/mod.rs,agent-M1-17,M1-17,released,2026-10-08T07:50:18Z,,orchestrator: complete
crates/sverb-tui/src/app/shell.rs,agent-M1-17,M1-17,released,2026-10-08T07:50:18Z,,orchestrator: complete
crates/sverb-tui/src/app/snapshots/sverb_tui__app__tabs__tests__t14_tab_overflow_40x12.snap,agent-M1-17,M1-17,released,2026-10-08T07:50:18Z,,orchestrator: complete
crates/sverb-tui/src/app/snapshots/sverb_tui__app__tabs__tests__t14_three_tabs_160x48.snap,agent-M1-17,M1-17,released,2026-10-08T07:50:18Z,,orchestrator: complete
crates/sverb-tui/src/app/snapshots/sverb_tui__app__tabs__tests__t14_three_tabs_80x24.snap,agent-M1-17,M1-17,released,2026-10-08T07:50:18Z,,orchestrator: complete
crates/sverb-tui/src/app/state.rs,agent-M1-17,M1-17,released,2026-10-08T07:50:18Z,,orchestrator: complete
crates/sverb-tui/src/app/tabs.rs,agent-M1-17,M1-17,released,2026-10-08T07:50:18Z,,orchestrator: complete
crates/sverb-tui/src/app/tabs_tests.rs,agent-M1-17,M1-17,released,2026-10-08T07:50:18Z,,orchestrator: complete
crates/sverb-tui/src/runtime/mod.rs,agent-M1-17,M1-17,released,2026-10-08T07:50:18Z,,orchestrator: complete
crates/sverb-tui/src/services/mod.rs,agent-M1-17,M1-17,released,2026-10-08T07:50:18Z,,orchestrator: complete
crates/sverb-tui/src/services/sessions.rs,agent-M1-17,M1-17,released,2026-10-08T07:50:19Z,,orchestrator: complete
crates/sverb-tui/src/views/mod.rs,agent-M1-17,M1-17,released,2026-10-08T07:50:19Z,,orchestrator: complete
crates/sverb-tui/src/views/sessions/mod.rs,agent-M1-17,M1-17,released,2026-10-08T07:50:19Z,,orchestrator: complete
crates/sverb-tui/src/views/sessions/panes.rs,agent-M1-17,M1-17,released,2026-10-08T07:50:19Z,,orchestrator: complete
crates/sverb-tui/src/views/sessions/tabs.rs,agent-M1-17,M1-17,released,2026-10-08T07:50:19Z,,orchestrator: complete
crates/sverb-tui/src/widgets/tabbar.rs,agent-M1-17,M1-17,released,2026-10-08T07:50:19Z,,orchestrator: complete
crates/sverb-tui/src/app/event.rs,agent-M2-02,M2-02,released,2026-10-08T07:50:30Z,,orchestrator merging
crates/sverb-tui/src/app/hosts.rs,agent-M2-02,M2-02,released,2026-10-08T07:50:30Z,,orchestrator merging
crates/sverb-tui/src/app/input.rs,agent-M2-02,M2-02,released,2026-10-08T07:50:30Z,,orchestrator merging
crates/sverb-tui/src/app/keychain.rs,agent-M2-02,M2-02,released,2026-10-08T07:50:30Z,,orchestrator merging
crates/sverb-tui/src/app/keychain_tests.rs,agent-M2-02,M2-02,released,2026-10-08T07:50:30Z,,orchestrator merging
crates/sverb-tui/src/app/mod.rs,agent-M2-02,M2-02,released,2026-10-08T07:50:30Z,,orchestrator merging
crates/sverb-tui/src/app/shell.rs,agent-M2-02,M2-02,released,2026-10-08T07:50:30Z,,orchestrator merging
crates/sverb-tui/src/app/state.rs,agent-M2-02,M2-02,released,2026-10-08T07:50:30Z,,orchestrator merging
crates/sverb-tui/src/services/vault/items.rs,agent-M2-02,M2-02,released,2026-10-08T07:50:30Z,,orchestrator merging
crates/sverb-tui/src/views/dialogs.rs,agent-M2-02,M2-02,released,2026-10-08T07:50:30Z,,orchestrator merging
crates/sverb-tui/src/views/hosts/form.rs,agent-M2-02,M2-02,released,2026-10-08T07:50:30Z,,orchestrator merging
crates/sverb-tui/src/views/hosts/snapshots/sverb_tui__views__hosts__tests__m2_01__t11_m2_inherited_host_form_120x40.snap,agent-M2-02,M2-02,released,2026-10-08T07:50:30Z,,orchestrator merging
crates/sverb-tui/src/views/hosts/snapshots/sverb_tui__views__hosts__tests__t12_host_form_160x48.snap,agent-M2-02,M2-02,released,2026-10-08T07:50:31Z,,orchestrator merging
crates/sverb-tui/src/views/keychain/identities.rs,agent-M2-02,M2-02,released,2026-10-08T07:50:31Z,,orchestrator merging
crates/sverb-tui/src/views/keychain/identity_form.rs,agent-M2-02,M2-02,released,2026-10-08T07:50:31Z,,orchestrator merging
crates/sverb-tui/src/views/keychain/mod.rs,agent-M2-02,M2-02,released,2026-10-08T07:50:31Z,,orchestrator merging
crates/sverb-tui/src/views/keychain/snapshots/sverb_tui__views__keychain__tests__t09_identities_160x48.snap,agent-M2-02,M2-02,released,2026-10-08T07:50:31Z,,orchestrator merging
crates/sverb-tui/src/views/keychain/tests.rs,agent-M2-02,M2-02,released,2026-10-08T07:50:31Z,,orchestrator merging
crates/sverb-tui/src/views/mod.rs,agent-M2-02,M2-02,released,2026-10-08T07:50:31Z,,orchestrator merging
crates/sverb-tui/src/app/hosts.rs,orchestrator,MERGE-M2-02,locked,2026-10-08T07:50:31Z,,merge
crates/sverb-tui/src/app/state.rs,orchestrator,MERGE-M2-02,locked,2026-10-08T07:50:31Z,,merge
crates/sverb-tui/src/app/keychain.rs,orchestrator,MERGE-M2-02,locked,2026-10-08T07:50:31Z,,merge
crates/sverb-tui/src/app/keychain_tests.rs,orchestrator,MERGE-M2-02,locked,2026-10-08T07:50:31Z,,merge
crates/sverb-tui/src/views/keychain/identities.rs,orchestrator,MERGE-M2-02,locked,2026-10-08T07:50:31Z,,merge
crates/sverb-tui/src/views/keychain/identity_form.rs,orchestrator,MERGE-M2-02,locked,2026-10-08T07:50:31Z,,merge
crates/sverb-tui/src/views/keychain/tests.rs,orchestrator,MERGE-M2-02,locked,2026-10-08T07:50:31Z,,merge
crates/sverb-tui/src/views/keychain/mod.rs,orchestrator,MERGE-M2-02,locked,2026-10-08T07:50:32Z,,merge
crates/sverb-tui/src/views/keychain/snapshots/sverb_tui__views__keychain__tests__t09_identities_160x48.snap,orchestrator,MERGE-M2-02,locked,2026-10-08T07:50:32Z,,merge
tests/fixtures/sshd/keys/id_ed25519,agent-M1-18,M1-18,locked,2026-10-08T07:51:12Z,,M1-18 test-only fixture keys
tests/fixtures/sshd/keys/id_ed25519.pub,agent-M1-18,M1-18,locked,2026-10-08T07:51:12Z,,M1-18 test-only fixture keys
tests/fixtures/sshd/keys/id_ecdsa,agent-M1-18,M1-18,locked,2026-10-08T07:51:12Z,,M1-18 test-only fixture keys
tests/fixtures/sshd/keys/id_ecdsa.pub,agent-M1-18,M1-18,locked,2026-10-08T07:51:13Z,,M1-18 test-only fixture keys
tests/fixtures/sshd/keys/id_rsa,agent-M1-18,M1-18,locked,2026-10-08T07:51:13Z,,M1-18 test-only fixture keys
tests/fixtures/sshd/keys/id_rsa.pub,agent-M1-18,M1-18,locked,2026-10-08T07:51:13Z,,M1-18 test-only fixture keys
tests/fixtures/sshd/keys/id_ed25519_encrypted,agent-M1-18,M1-18,locked,2026-10-08T07:51:13Z,,M1-18 test-only fixture keys
tests/fixtures/sshd/keys/id_ed25519_encrypted.pub,agent-M1-18,M1-18,locked,2026-10-08T07:51:13Z,,M1-18 test-only fixture keys
tests/fixtures/sshd/keys/id_cert,agent-M1-18,M1-18,locked,2026-10-08T07:51:13Z,,M1-18 test-only fixture keys
tests/fixtures/sshd/keys/id_cert.pub,agent-M1-18,M1-18,locked,2026-10-08T07:51:13Z,,M1-18 test-only fixture keys
tests/fixtures/sshd/keys/id_cert-cert.pub,agent-M1-18,M1-18,locked,2026-10-08T07:51:13Z,,M1-18 test-only fixture keys
tests/fixtures/sshd/keys/user_ca,agent-M1-18,M1-18,locked,2026-10-08T07:51:13Z,,M1-18 test-only fixture keys
tests/fixtures/sshd/keys/user_ca.pub,agent-M1-18,M1-18,locked,2026-10-08T07:51:13Z,,M1-18 test-only fixture keys
tests/fixtures/sshd/keys/host_ca,agent-M1-18,M1-18,locked,2026-10-08T07:51:13Z,,M1-18 test-only fixture keys
tests/fixtures/sshd/keys/host_ca.pub,agent-M1-18,M1-18,locked,2026-10-08T07:51:13Z,,M1-18 test-only fixture keys
tests/fixtures/sshd/keys/authorized_keys,agent-M1-18,M1-18,locked,2026-10-08T07:51:14Z,,M1-18 test-only fixture keys
tests/fixtures/sshd/keys/known_hosts_ca,agent-M1-18,M1-18,locked,2026-10-08T07:51:14Z,,M1-18 test-only fixture keys
tests/fixtures/sshd/keys/id_ed25519,agent-M1-18,M1-18,modified,2026-10-08T07:51:15Z,,generated test-only fixture key (ssh-keygen)
tests/fixtures/sshd/keys/id_ed25519.pub,agent-M1-18,M1-18,modified,2026-10-08T07:51:15Z,,generated test-only fixture key (ssh-keygen)
tests/fixtures/sshd/keys/id_ecdsa,agent-M1-18,M1-18,modified,2026-10-08T07:51:15Z,,generated test-only fixture key (ssh-keygen)
tests/fixtures/sshd/keys/id_ecdsa.pub,agent-M1-18,M1-18,modified,2026-10-08T07:51:15Z,,generated test-only fixture key (ssh-keygen)
tests/fixtures/sshd/keys/id_rsa,agent-M1-18,M1-18,modified,2026-10-08T07:51:15Z,,generated test-only fixture key (ssh-keygen)
tests/fixtures/sshd/keys/id_rsa.pub,agent-M1-18,M1-18,modified,2026-10-08T07:51:15Z,,generated test-only fixture key (ssh-keygen)
tests/fixtures/sshd/keys/id_ed25519_encrypted,agent-M1-18,M1-18,modified,2026-10-08T07:51:15Z,,generated test-only fixture key (ssh-keygen)
tests/fixtures/sshd/keys/id_ed25519_encrypted.pub,agent-M1-18,M1-18,modified,2026-10-08T07:51:15Z,,generated test-only fixture key (ssh-keygen)
tests/fixtures/sshd/keys/id_cert,agent-M1-18,M1-18,modified,2026-10-08T07:51:15Z,,generated test-only fixture key (ssh-keygen)
tests/fixtures/sshd/keys/id_cert.pub,agent-M1-18,M1-18,modified,2026-10-08T07:51:15Z,,generated test-only fixture key (ssh-keygen)
tests/fixtures/sshd/keys/id_cert-cert.pub,agent-M1-18,M1-18,modified,2026-10-08T07:51:15Z,,generated test-only fixture key (ssh-keygen)
tests/fixtures/sshd/keys/user_ca,agent-M1-18,M1-18,modified,2026-10-08T07:51:15Z,,generated test-only fixture key (ssh-keygen)
tests/fixtures/sshd/keys/user_ca.pub,agent-M1-18,M1-18,modified,2026-10-08T07:51:15Z,,generated test-only fixture key (ssh-keygen)
tests/fixtures/sshd/keys/host_ca,agent-M1-18,M1-18,modified,2026-10-08T07:51:15Z,,generated test-only fixture key (ssh-keygen)
tests/fixtures/sshd/keys/host_ca.pub,agent-M1-18,M1-18,modified,2026-10-08T07:51:15Z,,generated test-only fixture key (ssh-keygen)
tests/fixtures/sshd/keys/authorized_keys,agent-M1-18,M1-18,modified,2026-10-08T07:51:15Z,,generated test-only fixture key (ssh-keygen)
tests/fixtures/sshd/keys/known_hosts_ca,agent-M1-18,M1-18,modified,2026-10-08T07:51:15Z,,generated test-only fixture key (ssh-keygen)
crates/sverb-tui/src/app/auth.rs,agent-M1-14,M1-14,released,2026-10-08T07:51:26Z,,orchestrator merging
crates/sverb-tui/src/app/effect.rs,agent-M1-14,M1-14,released,2026-10-08T07:51:26Z,,orchestrator merging
crates/sverb-tui/src/app/mod.rs,agent-M1-14,M1-14,released,2026-10-08T07:51:26Z,,orchestrator merging
crates/sverb-tui/src/app/sessions.rs,agent-M1-14,M1-14,released,2026-10-08T07:51:26Z,,orchestrator merging
crates/sverb-tui/src/services/mod.rs,agent-M1-14,M1-14,released,2026-10-08T07:51:26Z,,orchestrator merging
crates/sverb-tui/src/services/vault/items.rs,agent-M1-14,M1-14,released,2026-10-08T07:51:26Z,,orchestrator merging
crates/sverb-tui/src/views/dialogs.rs,agent-M1-14,M1-14,released,2026-10-08T07:51:26Z,,orchestrator merging
crates/sverb-tui/src/views/hosts/form.rs,agent-M1-14,M1-14,released,2026-10-08T07:51:26Z,,orchestrator merging
crates/sverb-tui/src/views/hosts/snapshots/sverb_tui__views__hosts__tests__m2_01__t11_m2_inherited_host_form_120x40.snap,agent-M1-14,M1-14,released,2026-10-08T07:51:27Z,,orchestrator merging
crates/sverb-tui/src/views/hosts/snapshots/sverb_tui__views__hosts__tests__t12_host_form_160x48.snap,agent-M1-14,M1-14,released,2026-10-08T07:51:27Z,,orchestrator merging
crates/sverb-tui/src/app/auth.rs,orchestrator,MERGE-M1-14,locked,2026-10-08T07:51:27Z,,merge
crates/sverb-tui/src/services/vault/items.rs,orchestrator,MERGE-M1-14,locked,2026-10-08T07:51:27Z,,merge
crates/sverb-tui/src/views/hosts/form.rs,orchestrator,MERGE-M1-14,locked,2026-10-08T07:51:27Z,,merge
crates/sverb-tui/src/views/hosts/snapshots/sverb_tui__views__hosts__tests__m2_01__t11_m2_inherited_host_form_120x40.snap,orchestrator,MERGE-M1-14,locked,2026-10-08T07:51:27Z,,merge
crates/sverb-tui/src/views/hosts/snapshots/sverb_tui__views__hosts__tests__t12_host_form_160x48.snap,orchestrator,MERGE-M1-14,locked,2026-10-08T07:51:27Z,,merge
tests/fixtures/sshd/Dockerfile,agent-M1-18,M1-18,locked,2026-10-08T07:51:54Z,,M1-18 sshd fixture image
tests/fixtures/sshd/.dockerignore,agent-M1-18,M1-18,locked,2026-10-08T07:51:54Z,,M1-18 sshd fixture image
tests/fixtures/sshd/sshd_config,agent-M1-18,M1-18,locked,2026-10-08T07:51:54Z,,M1-18 sshd fixture image
tests/fixtures/sshd/entrypoint.sh,agent-M1-18,M1-18,locked,2026-10-08T07:51:54Z,,M1-18 sshd fixture image
tests/fixtures/sshd/README.md,agent-M1-18,M1-18,locked,2026-10-08T07:51:54Z,,M1-18 sshd fixture image
tests/fixtures/sshd/bin/sverb-regen-hostkeys,agent-M1-18,M1-18,locked,2026-10-08T07:51:54Z,,M1-18 sshd fixture image
tests/fixtures/sshd/bin/sverb-windows-like-shell,agent-M1-18,M1-18,locked,2026-10-08T07:51:54Z,,M1-18 sshd fixture image
tests/fixtures/sshd/bin/sverb-http-echo,agent-M1-18,M1-18,locked,2026-10-08T07:51:54Z,,M1-18 sshd fixture image
tests/fixtures/sshd/pam/sshd,agent-M1-18,M1-18,locked,2026-10-08T07:51:54Z,,M1-18 sshd fixture image
tests/fixtures/sshd/pam/sverb-otp-check,agent-M1-18,M1-18,locked,2026-10-08T07:51:54Z,,M1-18 sshd fixture image
tests/fixtures/sshd/profiles/password.conf,agent-M1-18,M1-18,locked,2026-10-08T07:51:54Z,,M1-18 sshd fixture image
tests/fixtures/sshd/profiles/key.conf,agent-M1-18,M1-18,locked,2026-10-08T07:51:54Z,,M1-18 sshd fixture image
tests/fixtures/sshd/profiles/cert.conf,agent-M1-18,M1-18,locked,2026-10-08T07:51:55Z,,M1-18 sshd fixture image
tests/fixtures/sshd/profiles/kbd.conf,agent-M1-18,M1-18,locked,2026-10-08T07:51:55Z,,M1-18 sshd fixture image
tests/fixtures/sshd/profiles/maxauth2.conf,agent-M1-18,M1-18,locked,2026-10-08T07:51:55Z,,M1-18 sshd fixture image
tests/fixtures/sshd/profiles/legacy.conf,agent-M1-18,M1-18,locked,2026-10-08T07:51:55Z,,M1-18 sshd fixture image
tests/fixtures/sshd/profiles/env.conf,agent-M1-18,M1-18,locked,2026-10-08T07:51:55Z,,M1-18 sshd fixture image
tests/fixtures/sshd/profiles/forward.conf,agent-M1-18,M1-18,locked,2026-10-08T07:51:55Z,,M1-18 sshd fixture image
tests/fixtures/sshd/profiles/jump.conf,agent-M1-18,M1-18,locked,2026-10-08T07:51:55Z,,M1-18 sshd fixture image
tests/fixtures/sshd/profiles/windows-like.conf,agent-M1-18,M1-18,locked,2026-10-08T07:51:55Z,,M1-18 sshd fixture image
crates/sverb-conn/src/session/mod.rs,agent-M1-15,M1-15,released,2026-10-08T07:52:11Z,,orchestrator merging
crates/sverb-conn/src/session/state.rs,agent-M1-15,M1-15,released,2026-10-08T07:52:11Z,,orchestrator merging
crates/sverb-conn/src/ssh/connect.rs,agent-M1-15,M1-15,released,2026-10-08T07:52:11Z,,orchestrator merging
crates/sverb-conn/src/ssh/handler.rs,agent-M1-15,M1-15,released,2026-10-08T07:52:11Z,,orchestrator merging
crates/sverb-conn/src/ssh/mod.rs,agent-M1-15,M1-15,released,2026-10-08T07:52:11Z,,orchestrator merging
crates/sverb-conn/src/ssh/verify.rs,agent-M1-15,M1-15,released,2026-10-08T07:52:11Z,,orchestrator merging
crates/sverb-conn/src/ssh/verify_tests.rs,agent-M1-15,M1-15,released,2026-10-08T07:52:11Z,,orchestrator merging
crates/sverb-core/src/known_hosts/check.rs,agent-M1-15,M1-15,released,2026-10-08T07:52:11Z,,orchestrator merging
crates/sverb-core/src/known_hosts/fingerprint.rs,agent-M1-15,M1-15,released,2026-10-08T07:52:11Z,,orchestrator merging
crates/sverb-core/src/known_hosts/hashed.rs,agent-M1-15,M1-15,released,2026-10-08T07:52:11Z,,orchestrator merging
crates/sverb-core/src/known_hosts/lookup.rs,agent-M1-15,M1-15,released,2026-10-08T07:52:11Z,,orchestrator merging
crates/sverb-core/src/known_hosts/mod.rs,agent-M1-15,M1-15,released,2026-10-08T07:52:11Z,,orchestrator merging
crates/sverb-core/src/known_hosts/parse.rs,agent-M1-15,M1-15,released,2026-10-08T07:52:11Z,,orchestrator merging
crates/sverb-core/src/known_hosts/randomart.rs,agent-M1-15,M1-15,released,2026-10-08T07:52:11Z,,orchestrator merging
crates/sverb-core/src/known_hosts/testdata/ca.pub,agent-M1-15,M1-15,released,2026-10-08T07:52:11Z,,orchestrator merging
crates/sverb-core/src/known_hosts/testdata/ecdsa.pub,agent-M1-15,M1-15,released,2026-10-08T07:52:11Z,,orchestrator merging
crates/sverb-core/src/known_hosts/testdata/ecdsa.randomart.txt,agent-M1-15,M1-15,released,2026-10-08T07:52:11Z,,orchestrator merging
crates/sverb-core/src/known_hosts/testdata/ed25519.pub,agent-M1-15,M1-15,released,2026-10-08T07:52:11Z,,orchestrator merging
crates/sverb-core/src/known_hosts/testdata/ed25519.randomart.txt,agent-M1-15,M1-15,released,2026-10-08T07:52:11Z,,orchestrator merging
crates/sverb-core/src/known_hosts/testdata/hashed_example_com.txt,agent-M1-15,M1-15,released,2026-10-08T07:52:11Z,,orchestrator merging
crates/sverb-core/src/known_hosts/testdata/host-expired-cert.pub,agent-M1-15,M1-15,released,2026-10-08T07:52:11Z,,orchestrator merging
crates/sverb-core/src/known_hosts/testdata/host-valid-cert.pub,agent-M1-15,M1-15,released,2026-10-08T07:52:11Z,,orchestrator merging
crates/sverb-core/src/known_hosts/testdata/known_hosts.txt,agent-M1-15,M1-15,released,2026-10-08T07:52:11Z,,orchestrator merging
crates/sverb-core/src/known_hosts/testdata/rsa.pub,agent-M1-15,M1-15,released,2026-10-08T07:52:11Z,,orchestrator merging
crates/sverb-core/src/known_hosts/testdata/rsa.randomart.txt,agent-M1-15,M1-15,released,2026-10-08T07:52:11Z,,orchestrator merging
crates/sverb-core/src/known_hosts/testdata/sk.txt,agent-M1-15,M1-15,released,2026-10-08T07:52:12Z,,orchestrator merging
crates/sverb-core/src/known_hosts/testdata/user-cert.pub,agent-M1-15,M1-15,released,2026-10-08T07:52:12Z,,orchestrator merging
crates/sverb-core/src/known_hosts/tests.rs,agent-M1-15,M1-15,released,2026-10-08T07:52:12Z,,orchestrator merging
crates/sverb-core/src/lib.rs,agent-M1-15,M1-15,released,2026-10-08T07:52:12Z,,orchestrator merging
crates/sverb-tui/src/app/effect.rs,agent-M1-15,M1-15,released,2026-10-08T07:52:12Z,,orchestrator merging
crates/sverb-tui/src/app/event.rs,agent-M1-15,M1-15,released,2026-10-08T07:52:12Z,,orchestrator merging
crates/sverb-tui/src/app/input.rs,agent-M1-15,M1-15,released,2026-10-08T07:52:12Z,,orchestrator merging
crates/sverb-tui/src/app/known_hosts.rs,agent-M1-15,M1-15,released,2026-10-08T07:52:12Z,,orchestrator merging
crates/sverb-tui/src/app/known_hosts_tests.rs,agent-M1-15,M1-15,released,2026-10-08T07:52:12Z,,orchestrator merging
crates/sverb-tui/src/app/mod.rs,agent-M1-15,M1-15,released,2026-10-08T07:52:12Z,,orchestrator merging
crates/sverb-tui/src/app/sessions.rs,agent-M1-15,M1-15,released,2026-10-08T07:52:12Z,,orchestrator merging
crates/sverb-tui/src/app/shell.rs,agent-M1-15,M1-15,released,2026-10-08T07:52:12Z,,orchestrator merging
crates/sverb-tui/src/runtime/mod.rs,agent-M1-15,M1-15,released,2026-10-08T07:52:12Z,,orchestrator merging
crates/sverb-tui/src/services/known_hosts.rs,agent-M1-15,M1-15,released,2026-10-08T07:52:12Z,,orchestrator merging
crates/sverb-tui/src/services/mod.rs,agent-M1-15,M1-15,released,2026-10-08T07:52:12Z,,orchestrator merging
crates/sverb-tui/src/services/ssh.rs,agent-M1-15,M1-15,released,2026-10-08T07:52:12Z,,orchestrator merging
crates/sverb-tui/src/views/dialogs/host_key.rs,agent-M1-15,M1-15,released,2026-10-08T07:52:12Z,,orchestrator merging
crates/sverb-tui/src/views/dialogs.rs,agent-M1-15,M1-15,released,2026-10-08T07:52:12Z,,orchestrator merging
crates/sverb-tui/src/views/known_hosts.rs,agent-M1-15,M1-15,released,2026-10-08T07:52:12Z,,orchestrator merging
crates/sverb-tui/src/views/mod.rs,agent-M1-15,M1-15,released,2026-10-08T07:52:12Z,,orchestrator merging
crates/sverb-tui/tests/known_hosts.rs,agent-M1-15,M1-15,released,2026-10-08T07:52:12Z,,orchestrator merging
fuzz/fuzz_targets/known_hosts_parse.rs,agent-M1-15,M1-15,released,2026-10-08T07:52:12Z,,orchestrator merging
crates/sverb-conn/src/ssh/verify.rs,orchestrator,MERGE-M1-15,locked,2026-10-08T07:52:12Z,,merge
crates/sverb-conn/src/ssh/verify_tests.rs,orchestrator,MERGE-M1-15,locked,2026-10-08T07:52:12Z,,merge
crates/sverb-conn/src/ssh/mod.rs,orchestrator,MERGE-M1-15,locked,2026-10-08T07:52:12Z,,merge
crates/sverb-conn/src/session/mod.rs,orchestrator,MERGE-M1-15,locked,2026-10-08T07:52:12Z,,merge
crates/sverb-conn/src/session/state.rs,orchestrator,MERGE-M1-15,locked,2026-10-08T07:52:12Z,,merge
crates/sverb-core/src/known_hosts/check.rs,orchestrator,MERGE-M1-15,locked,2026-10-08T07:52:12Z,,merge
crates/sverb-core/src/known_hosts/fingerprint.rs,orchestrator,MERGE-M1-15,locked,2026-10-08T07:52:12Z,,merge
crates/sverb-core/src/known_hosts/hashed.rs,orchestrator,MERGE-M1-15,locked,2026-10-08T07:52:13Z,,merge
crates/sverb-core/src/known_hosts/lookup.rs,orchestrator,MERGE-M1-15,locked,2026-10-08T07:52:13Z,,merge
crates/sverb-core/src/known_hosts/mod.rs,orchestrator,MERGE-M1-15,locked,2026-10-08T07:52:13Z,,merge
crates/sverb-core/src/known_hosts/parse.rs,orchestrator,MERGE-M1-15,locked,2026-10-08T07:52:13Z,,merge
crates/sverb-core/src/known_hosts/randomart.rs,orchestrator,MERGE-M1-15,locked,2026-10-08T07:52:13Z,,merge
crates/sverb-core/src/known_hosts/testdata/ca.pub,orchestrator,MERGE-M1-15,locked,2026-10-08T07:52:13Z,,merge
crates/sverb-core/src/known_hosts/testdata/ecdsa.pub,orchestrator,MERGE-M1-15,locked,2026-10-08T07:52:13Z,,merge
crates/sverb-core/src/known_hosts/testdata/ecdsa.randomart.txt,orchestrator,MERGE-M1-15,locked,2026-10-08T07:52:13Z,,merge
crates/sverb-core/src/known_hosts/testdata/ed25519.pub,orchestrator,MERGE-M1-15,locked,2026-10-08T07:52:13Z,,merge
crates/sverb-core/src/known_hosts/testdata/ed25519.randomart.txt,orchestrator,MERGE-M1-15,locked,2026-10-08T07:52:13Z,,merge
crates/sverb-core/src/known_hosts/testdata/hashed_example_com.txt,orchestrator,MERGE-M1-15,locked,2026-10-08T07:52:13Z,,merge
crates/sverb-core/src/known_hosts/testdata/host-expired-cert.pub,orchestrator,MERGE-M1-15,locked,2026-10-08T07:52:13Z,,merge
crates/sverb-core/src/known_hosts/testdata/host-valid-cert.pub,orchestrator,MERGE-M1-15,locked,2026-10-08T07:52:13Z,,merge
crates/sverb-core/src/known_hosts/testdata/known_hosts.txt,orchestrator,MERGE-M1-15,locked,2026-10-08T07:52:13Z,,merge
crates/sverb-core/src/known_hosts/testdata/rsa.pub,orchestrator,MERGE-M1-15,locked,2026-10-08T07:52:13Z,,merge
crates/sverb-core/src/known_hosts/testdata/rsa.randomart.txt,orchestrator,MERGE-M1-15,locked,2026-10-08T07:52:13Z,,merge
crates/sverb-core/src/known_hosts/testdata/sk.txt,orchestrator,MERGE-M1-15,locked,2026-10-08T07:52:13Z,,merge
crates/sverb-core/src/known_hosts/testdata/user-cert.pub,orchestrator,MERGE-M1-15,locked,2026-10-08T07:52:13Z,,merge
crates/sverb-core/src/known_hosts/tests.rs,orchestrator,MERGE-M1-15,locked,2026-10-08T07:52:13Z,,merge
crates/sverb-core/src/lib.rs,orchestrator,MERGE-M1-15,locked,2026-10-08T07:52:13Z,,merge
crates/sverb-tui/src/app/known_hosts.rs,orchestrator,MERGE-M1-15,locked,2026-10-08T07:52:13Z,,merge
crates/sverb-tui/src/app/known_hosts_tests.rs,orchestrator,MERGE-M1-15,locked,2026-10-08T07:52:13Z,,merge
crates/sverb-tui/src/app/effect.rs,orchestrator,MERGE-M1-15,locked,2026-10-08T07:52:14Z,,merge
crates/sverb-tui/src/app/event.rs,orchestrator,MERGE-M1-15,locked,2026-10-08T07:52:14Z,,merge
crates/sverb-tui/src/app/input.rs,orchestrator,MERGE-M1-15,locked,2026-10-08T07:52:14Z,,merge
crates/sverb-tui/src/app/mod.rs,orchestrator,MERGE-M1-15,locked,2026-10-08T07:52:14Z,,merge
crates/sverb-tui/src/app/sessions.rs,orchestrator,MERGE-M1-15,locked,2026-10-08T07:52:14Z,,merge
crates/sverb-tui/src/app/shell.rs,orchestrator,MERGE-M1-15,locked,2026-10-08T07:52:14Z,,merge
crates/sverb-tui/src/services/known_hosts.rs,orchestrator,MERGE-M1-15,locked,2026-10-08T07:52:14Z,,merge
crates/sverb-tui/src/services/mod.rs,orchestrator,MERGE-M1-15,locked,2026-10-08T07:52:14Z,,merge
crates/sverb-tui/src/services/ssh.rs,orchestrator,MERGE-M1-15,locked,2026-10-08T07:52:14Z,,merge
crates/sverb-tui/src/views/dialogs/host_key.rs,orchestrator,MERGE-M1-15,locked,2026-10-08T07:52:14Z,,merge
crates/sverb-tui/src/views/known_hosts.rs,orchestrator,MERGE-M1-15,locked,2026-10-08T07:52:14Z,,merge
crates/sverb-tui/src/views/dialogs.rs,orchestrator,MERGE-M1-15,locked,2026-10-08T07:52:14Z,,merge
crates/sverb-tui/src/views/mod.rs,orchestrator,MERGE-M1-15,locked,2026-10-08T07:52:14Z,,merge
crates/sverb-tui/src/runtime/mod.rs,orchestrator,MERGE-M1-15,locked,2026-10-08T07:52:14Z,,merge
crates/sverb-tui/tests/known_hosts.rs,orchestrator,MERGE-M1-15,locked,2026-10-08T07:52:14Z,,merge
fuzz/fuzz_targets/known_hosts_parse.rs,orchestrator,MERGE-M1-15,locked,2026-10-08T07:52:14Z,,merge
tests/fixtures/sshd/check-configs.sh,agent-M1-18,M1-18,locked,2026-10-08T07:52:56Z,,sshd config static check
tests/fixtures/sshd/Dockerfile,agent-M1-18,M1-18,modified,2026-10-08T07:53:02Z,,M1-18 sshd fixture
tests/fixtures/sshd/.dockerignore,agent-M1-18,M1-18,modified,2026-10-08T07:53:02Z,,M1-18 sshd fixture
tests/fixtures/sshd/sshd_config,agent-M1-18,M1-18,modified,2026-10-08T07:53:02Z,,M1-18 sshd fixture
tests/fixtures/sshd/entrypoint.sh,agent-M1-18,M1-18,modified,2026-10-08T07:53:02Z,,M1-18 sshd fixture
tests/fixtures/sshd/README.md,agent-M1-18,M1-18,modified,2026-10-08T07:53:02Z,,M1-18 sshd fixture
tests/fixtures/sshd/bin/sverb-regen-hostkeys,agent-M1-18,M1-18,modified,2026-10-08T07:53:02Z,,M1-18 sshd fixture
tests/fixtures/sshd/bin/sverb-windows-like-shell,agent-M1-18,M1-18,modified,2026-10-08T07:53:02Z,,M1-18 sshd fixture
tests/fixtures/sshd/bin/sverb-http-echo,agent-M1-18,M1-18,modified,2026-10-08T07:53:02Z,,M1-18 sshd fixture
tests/fixtures/sshd/pam/sshd,agent-M1-18,M1-18,modified,2026-10-08T07:53:03Z,,M1-18 sshd fixture
tests/fixtures/sshd/pam/sverb-otp-check,agent-M1-18,M1-18,modified,2026-10-08T07:53:03Z,,M1-18 sshd fixture
tests/fixtures/sshd/profiles/password.conf,agent-M1-18,M1-18,modified,2026-10-08T07:53:03Z,,M1-18 sshd fixture
tests/fixtures/sshd/profiles/key.conf,agent-M1-18,M1-18,modified,2026-10-08T07:53:03Z,,M1-18 sshd fixture
tests/fixtures/sshd/profiles/cert.conf,agent-M1-18,M1-18,modified,2026-10-08T07:53:03Z,,M1-18 sshd fixture
tests/fixtures/sshd/profiles/kbd.conf,agent-M1-18,M1-18,modified,2026-10-08T07:53:03Z,,M1-18 sshd fixture
tests/fixtures/sshd/profiles/maxauth2.conf,agent-M1-18,M1-18,modified,2026-10-08T07:53:03Z,,M1-18 sshd fixture
tests/fixtures/sshd/profiles/legacy.conf,agent-M1-18,M1-18,modified,2026-10-08T07:53:03Z,,M1-18 sshd fixture
tests/fixtures/sshd/profiles/env.conf,agent-M1-18,M1-18,modified,2026-10-08T07:53:03Z,,M1-18 sshd fixture
tests/fixtures/sshd/profiles/forward.conf,agent-M1-18,M1-18,modified,2026-10-08T07:53:03Z,,M1-18 sshd fixture
tests/fixtures/sshd/profiles/jump.conf,agent-M1-18,M1-18,modified,2026-10-08T07:53:03Z,,M1-18 sshd fixture
tests/fixtures/sshd/profiles/windows-like.conf,agent-M1-18,M1-18,modified,2026-10-08T07:53:03Z,,M1-18 sshd fixture
tests/fixtures/sshd/check-configs.sh,agent-M1-18,M1-18,modified,2026-10-08T07:53:03Z,,M1-18 sshd fixture
.github/secret_scanning.yml,agent-M1-18,M1-18,locked,2026-10-08T07:53:14Z,,secret scanner allowlist for test-only fixture keys
.gitleaks.toml,agent-M1-18,M1-18,locked,2026-10-08T07:53:15Z,,secret scanner allowlist for test-only fixture keys
.github/secret_scanning.yml,agent-M1-18,M1-18,modified,2026-10-08T07:53:15Z,,secret scanner path allowlist for test-only keys
.gitleaks.toml,agent-M1-18,M1-18,modified,2026-10-08T07:53:15Z,,secret scanner path allowlist for test-only keys
crates/sverb-conn/src/transport.rs,agent-M2-08,M2-08,modified,2026-10-08T07:54:05Z,,forward module bridge; ConnectCtx forwards/tunnel_only
crates/sverb-e2e/src/lib.rs,agent-M1-18,M1-18,locked,2026-10-08T07:54:12Z,,M1-18 harness
crates/sverb-e2e/src/diag.rs,agent-M1-18,M1-18,locked,2026-10-08T07:54:12Z,,M1-18 harness
crates/sverb-e2e/src/keys.rs,agent-M1-18,M1-18,locked,2026-10-08T07:54:12Z,,M1-18 harness
crates/sverb-e2e/src/sshd.rs,agent-M1-18,M1-18,locked,2026-10-08T07:54:12Z,,M1-18 harness
crates/sverb-e2e/src/session.rs,agent-M1-18,M1-18,locked,2026-10-08T07:54:12Z,,M1-18 harness
crates/sverb-e2e/src/home.rs,agent-M1-18,M1-18,locked,2026-10-08T07:54:12Z,,M1-18 harness
crates/sverb-e2e/src/pty.rs,agent-M1-18,M1-18,locked,2026-10-08T07:54:12Z,,M1-18 harness
crates/sverb-conn/src/session/actor.rs,agent-M2-08,M2-08,modified,2026-10-08T07:54:23Z,,forward hook / tunnel_only plumbing (M2-08 blocks)
crates/sverb-conn/src/manager.rs,agent-M2-08,M2-08,modified,2026-10-08T07:54:23Z,,forward hook / tunnel_only plumbing (M2-08 blocks)
crates/sverb-conn/src/ssh/connect.rs,agent-M2-08,M2-08,modified,2026-10-08T07:54:36Z,,M2-08 hooks (tunnel-only; forwards attach; forwarded-tcpip)
crates/sverb-conn/src/ssh/handler.rs,agent-M2-08,M2-08,modified,2026-10-08T07:54:36Z,,M2-08 hooks (tunnel-only; forwards attach; forwarded-tcpip)
crates/sverb-conn/src/session/mod.rs,orchestrator,MERGE,released,2026-10-08T07:54:49Z,,merged; tests green
crates/sverb-conn/src/session/state.rs,orchestrator,MERGE,released,2026-10-08T07:54:49Z,,merged; tests green
crates/sverb-conn/src/ssh/mod.rs,orchestrator,MERGE,released,2026-10-08T07:54:49Z,,merged; tests green
crates/sverb-conn/src/ssh/verify.rs,orchestrator,MERGE,released,2026-10-08T07:54:49Z,,merged; tests green
crates/sverb-conn/src/ssh/verify_tests.rs,orchestrator,MERGE,released,2026-10-08T07:54:49Z,,merged; tests green
crates/sverb-core/src/known_hosts/check.rs,orchestrator,MERGE,released,2026-10-08T07:54:49Z,,merged; tests green
crates/sverb-core/src/known_hosts/fingerprint.rs,orchestrator,MERGE,released,2026-10-08T07:54:49Z,,merged; tests green
crates/sverb-core/src/known_hosts/hashed.rs,orchestrator,MERGE,released,2026-10-08T07:54:49Z,,merged; tests green
crates/sverb-core/src/known_hosts/lookup.rs,orchestrator,MERGE,released,2026-10-08T07:54:49Z,,merged; tests green
crates/sverb-core/src/known_hosts/mod.rs,orchestrator,MERGE,released,2026-10-08T07:54:49Z,,merged; tests green
crates/sverb-core/src/known_hosts/parse.rs,orchestrator,MERGE,released,2026-10-08T07:54:49Z,,merged; tests green
crates/sverb-core/src/known_hosts/randomart.rs,orchestrator,MERGE,released,2026-10-08T07:54:49Z,,merged; tests green
crates/sverb-core/src/known_hosts/testdata/ca.pub,orchestrator,MERGE,released,2026-10-08T07:54:49Z,,merged; tests green
crates/sverb-core/src/known_hosts/testdata/ecdsa.pub,orchestrator,MERGE,released,2026-10-08T07:54:49Z,,merged; tests green
crates/sverb-core/src/known_hosts/testdata/ecdsa.randomart.txt,orchestrator,MERGE,released,2026-10-08T07:54:49Z,,merged; tests green
crates/sverb-core/src/known_hosts/testdata/ed25519.pub,orchestrator,MERGE,released,2026-10-08T07:54:49Z,,merged; tests green
crates/sverb-core/src/known_hosts/testdata/ed25519.randomart.txt,orchestrator,MERGE,released,2026-10-08T07:54:49Z,,merged; tests green
crates/sverb-core/src/known_hosts/testdata/hashed_example_com.txt,orchestrator,MERGE,released,2026-10-08T07:54:49Z,,merged; tests green
crates/sverb-core/src/known_hosts/testdata/host-expired-cert.pub,orchestrator,MERGE,released,2026-10-08T07:54:49Z,,merged; tests green
crates/sverb-core/src/known_hosts/testdata/host-valid-cert.pub,orchestrator,MERGE,released,2026-10-08T07:54:49Z,,merged; tests green
crates/sverb-core/src/known_hosts/testdata/known_hosts.txt,orchestrator,MERGE,released,2026-10-08T07:54:49Z,,merged; tests green
crates/sverb-core/src/known_hosts/testdata/rsa.pub,orchestrator,MERGE,released,2026-10-08T07:54:49Z,,merged; tests green
crates/sverb-core/src/known_hosts/testdata/rsa.randomart.txt,orchestrator,MERGE,released,2026-10-08T07:54:49Z,,merged; tests green
crates/sverb-core/src/known_hosts/testdata/sk.txt,orchestrator,MERGE,released,2026-10-08T07:54:49Z,,merged; tests green
crates/sverb-core/src/known_hosts/testdata/user-cert.pub,orchestrator,MERGE,released,2026-10-08T07:54:49Z,,merged; tests green
crates/sverb-core/src/known_hosts/tests.rs,orchestrator,MERGE,released,2026-10-08T07:54:49Z,,merged; tests green
crates/sverb-core/src/lib.rs,orchestrator,MERGE,released,2026-10-08T07:54:49Z,,merged; tests green
crates/sverb-tui/src/app/auth.rs,orchestrator,MERGE,released,2026-10-08T07:54:49Z,,merged; tests green
crates/sverb-tui/src/app/effect.rs,orchestrator,MERGE,released,2026-10-08T07:54:49Z,,merged; tests green
crates/sverb-tui/src/app/event.rs,orchestrator,MERGE,released,2026-10-08T07:54:49Z,,merged; tests green
crates/sverb-tui/src/app/hosts.rs,orchestrator,MERGE,released,2026-10-08T07:54:49Z,,merged; tests green
crates/sverb-tui/src/app/input.rs,orchestrator,MERGE,released,2026-10-08T07:54:49Z,,merged; tests green
crates/sverb-tui/src/app/keychain.rs,orchestrator,MERGE,released,2026-10-08T07:54:49Z,,merged; tests green
crates/sverb-tui/src/app/keychain_tests.rs,orchestrator,MERGE,released,2026-10-08T07:54:49Z,,merged; tests green
crates/sverb-tui/src/app/known_hosts.rs,orchestrator,MERGE,released,2026-10-08T07:54:49Z,,merged; tests green
crates/sverb-tui/src/app/known_hosts_tests.rs,orchestrator,MERGE,released,2026-10-08T07:54:49Z,,merged; tests green
crates/sverb-tui/src/app/mod.rs,orchestrator,MERGE,released,2026-10-08T07:54:49Z,,merged; tests green
crates/sverb-tui/src/app/sessions.rs,orchestrator,MERGE,released,2026-10-08T07:54:49Z,,merged; tests green
crates/sverb-tui/src/app/shell.rs,orchestrator,MERGE,released,2026-10-08T07:54:49Z,,merged; tests green
crates/sverb-tui/src/app/state.rs,orchestrator,MERGE,released,2026-10-08T07:54:49Z,,merged; tests green
crates/sverb-tui/src/runtime/mod.rs,orchestrator,MERGE,released,2026-10-08T07:54:49Z,,merged; tests green
crates/sverb-tui/src/services/known_hosts.rs,orchestrator,MERGE,released,2026-10-08T07:54:49Z,,merged; tests green
crates/sverb-tui/src/services/mod.rs,orchestrator,MERGE,released,2026-10-08T07:54:49Z,,merged; tests green
crates/sverb-tui/src/services/ssh.rs,orchestrator,MERGE,released,2026-10-08T07:54:49Z,,merged; tests green
crates/sverb-tui/src/services/vault/items.rs,orchestrator,MERGE,released,2026-10-08T07:54:49Z,,merged; tests green
crates/sverb-tui/src/views/dialogs/host_key.rs,orchestrator,MERGE,released,2026-10-08T07:54:49Z,,merged; tests green
crates/sverb-tui/src/views/dialogs.rs,orchestrator,MERGE,released,2026-10-08T07:54:49Z,,merged; tests green
crates/sverb-tui/src/views/hosts/form.rs,orchestrator,MERGE,released,2026-10-08T07:54:49Z,,merged; tests green
crates/sverb-tui/src/views/hosts/snapshots/sverb_tui__views__hosts__tests__m2_01__t11_m2_inherited_host_form_120x40.snap,orchestrator,MERGE,released,2026-10-08T07:54:49Z,,merged; tests green
crates/sverb-tui/src/views/hosts/snapshots/sverb_tui__views__hosts__tests__t12_host_form_160x48.snap,orchestrator,MERGE,released,2026-10-08T07:54:49Z,,merged; tests green
crates/sverb-tui/src/views/keychain/identities.rs,orchestrator,MERGE,released,2026-10-08T07:54:49Z,,merged; tests green
crates/sverb-tui/src/views/keychain/identity_form.rs,orchestrator,MERGE,released,2026-10-08T07:54:49Z,,merged; tests green
crates/sverb-tui/src/views/keychain/mod.rs,orchestrator,MERGE,released,2026-10-08T07:54:49Z,,merged; tests green
crates/sverb-tui/src/views/keychain/snapshots/sverb_tui__views__keychain__tests__t09_identities_160x48.snap,orchestrator,MERGE,released,2026-10-08T07:54:49Z,,merged; tests green
crates/sverb-tui/src/views/keychain/tests.rs,orchestrator,MERGE,released,2026-10-08T07:54:50Z,,merged; tests green
crates/sverb-tui/src/views/known_hosts.rs,orchestrator,MERGE,released,2026-10-08T07:54:50Z,,merged; tests green
crates/sverb-tui/src/views/mod.rs,orchestrator,MERGE,released,2026-10-08T07:54:50Z,,merged; tests green
crates/sverb-tui/tests/known_hosts.rs,orchestrator,MERGE,released,2026-10-08T07:54:50Z,,merged; tests green
fuzz/fuzz_targets/known_hosts_parse.rs,orchestrator,MERGE,released,2026-10-08T07:54:50Z,,merged; tests green
crates/sverb-e2e/src/lib.rs,agent-M1-18,M1-18,modified,2026-10-08T07:54:55Z,,M1-18 harness module
crates/sverb-e2e/src/diag.rs,agent-M1-18,M1-18,modified,2026-10-08T07:54:55Z,,M1-18 harness module
crates/sverb-e2e/src/keys.rs,agent-M1-18,M1-18,modified,2026-10-08T07:54:55Z,,M1-18 harness module
crates/sverb-tui/src/app/sessions/reconnect_tests.rs,orchestrator,FIX-FLAKY,locked,2026-10-08T07:55:03Z,,jitter-tolerant assertion
crates/sverb-tui/src/app/sessions/reconnect_tests.rs,orchestrator,FIX-FLAKY,released,2026-10-08T07:55:31Z,,fixed
crates/sverb-conn/src/ssh/testing.rs,agent-M2-08,M2-08,modified,2026-10-08T07:55:36Z,,test server: direct-tcpip; tcpip-forward; cancel (M2-08 blocks)
crates/sverb-e2e/src/sshd.rs,agent-M1-18,M1-18,modified,2026-10-08T07:56:15Z,,M1-18 harness module
crates/sverb-conn/Cargo.toml,agent-M2-06,M2-06,locked,2026-10-08T07:58:47Z,,tokio-socks + base64 deps
crates/sverb-conn/Cargo.toml,agent-M2-06,M2-06,modified,2026-10-08T07:58:51Z,,add base64 + tokio-socks deps
crates/sverb-e2e/src/session.rs,agent-M1-18,M1-18,modified,2026-10-08T07:59:01Z,,M1-18 harness module
crates/sverb-e2e/src/home.rs,agent-M1-18,M1-18,modified,2026-10-08T07:59:01Z,,M1-18 harness module
crates/sverb-e2e/src/pty.rs,agent-M1-18,M1-18,modified,2026-10-08T07:59:01Z,,M1-18 harness module
crates/sverb-conn/src/proxy/mod.rs,agent-M2-06,M2-06,locked,2026-10-08T07:59:55Z,,proxy module
crates/sverb-conn/src/proxy/socks5.rs,agent-M2-06,M2-06,locked,2026-10-08T07:59:55Z,,proxy module
crates/sverb-conn/src/proxy/http_connect.rs,agent-M2-06,M2-06,locked,2026-10-08T07:59:55Z,,proxy module
crates/sverb-conn/src/proxy/command.rs,agent-M2-06,M2-06,locked,2026-10-08T07:59:55Z,,proxy module
crates/sverb-conn/src/proxy/tests.rs,agent-M2-06,M2-06,locked,2026-10-08T07:59:55Z,,proxy module
crates/sverb-conn/src/lib.rs,agent-M2-06,M2-06,locked,2026-10-08T07:59:55Z,,proxy module
crates/sverb-conn/src/ssh/errors.rs,agent-M2-06,M2-06,locked,2026-10-08T07:59:55Z,,proxy module
crates/sverb-conn/src/ssh/resolved.rs,agent-M2-06,M2-06,locked,2026-10-08T07:59:55Z,,proxy module
crates/sverb-core/src/layout.rs,agent-M3-01,M3-01,locked,2026-10-08T07:59:59Z,,resize/border ops
crates/sverb-core/Cargo.toml,agent-M2-03,M2-03,locked,2026-10-08T08:00:06Z,,keychain core
crates/sverb-core/src/lib.rs,agent-M2-03,M2-03,locked,2026-10-08T08:00:06Z,,keychain core
crates/sverb-core/src/keychain/mod.rs,agent-M2-03,M2-03,locked,2026-10-08T08:00:06Z,,keychain core
crates/sverb-core/src/keychain/generate.rs,agent-M2-03,M2-03,locked,2026-10-08T08:00:06Z,,keychain core
crates/sverb-core/src/keychain/import.rs,agent-M2-03,M2-03,locked,2026-10-08T08:00:06Z,,keychain core
crates/sverb-core/src/keychain/export.rs,agent-M2-03,M2-03,locked,2026-10-08T08:00:06Z,,keychain core
crates/sverb-core/src/keychain/cert.rs,agent-M2-03,M2-03,locked,2026-10-08T08:00:06Z,,keychain core
crates/sverb-core/src/keychain/formats/mod.rs,agent-M2-03,M2-03,locked,2026-10-08T08:00:06Z,,keychain core
crates/sverb-core/src/keychain/formats/openssh.rs,agent-M2-03,M2-03,locked,2026-10-08T08:00:06Z,,keychain core
crates/sverb-core/src/keychain/formats/pem.rs,agent-M2-03,M2-03,locked,2026-10-08T08:00:06Z,,keychain core
crates/sverb-core/src/keychain/formats/pkcs8.rs,agent-M2-03,M2-03,locked,2026-10-08T08:00:07Z,,keychain core
crates/sverb-core/src/keychain/tests.rs,agent-M2-03,M2-03,locked,2026-10-08T08:00:07Z,,keychain core
crates/sverb-core/src/model/items.rs,agent-M2-03,M2-03,locked,2026-10-08T08:00:07Z,,keychain core
crates/sverb-core/Cargo.toml,agent-M2-03,M2-03,modified,2026-10-08T08:00:14Z,,keychain deps
crates/sverb-term/src/lib.rs,agent-M3-04,M3-04,locked,2026-10-08T08:00:27Z,,copy mode: grid rows; selection; search
crates/sverb-term/src/emulator.rs,agent-M3-04,M3-04,locked,2026-10-08T08:00:27Z,,copy mode: grid rows; selection; search
crates/sverb-term/src/alacritty/mod.rs,agent-M3-04,M3-04,locked,2026-10-08T08:00:27Z,,copy mode: grid rows; selection; search
crates/sverb-term/src/selection.rs,agent-M3-04,M3-04,locked,2026-10-08T08:00:27Z,,copy mode: grid rows; selection; search
crates/sverb-term/src/search.rs,agent-M3-04,M3-04,locked,2026-10-08T08:00:27Z,,copy mode: grid rows; selection; search
crates/sverb-core/src/layout.rs,agent-M3-01,M3-01,modified,2026-10-08T08:00:27Z,,M3-01 resize/move_border/border_at ops + tests
crates/sverb-conn/src/ssh/errors.rs,agent-M2-06,M2-06,modified,2026-10-08T08:00:45Z,,SshError::Proxy + NeedsApproval (M2-06 blocks)
crates/sverb-e2e/tests/harness_local.rs,agent-M1-18,M1-18,locked,2026-10-08T08:00:48Z,,M1-18 harness tests
crates/sverb-e2e/tests/fixtures.rs,agent-M1-18,M1-18,locked,2026-10-08T08:00:48Z,,M1-18 harness tests
crates/sverb-e2e/tests/harness_docker.rs,agent-M1-18,M1-18,locked,2026-10-08T08:00:48Z,,M1-18 harness tests
crates/sverb-e2e/tests/openssh_transport.rs,agent-M1-18,M1-18,locked,2026-10-08T08:00:48Z,,M1-18 harness tests
crates/sverb-e2e/tests/openssh_auth.rs,agent-M1-18,M1-18,locked,2026-10-08T08:00:48Z,,M1-18 harness tests
fuzz/fuzz_targets/socks5_request.rs,agent-M2-08,M2-08,locked,2026-10-08T08:00:58Z,,T-20 fuzz stub
fuzz/fuzz_targets/socks5_request.rs,agent-M2-08,M2-08,modified,2026-10-08T08:00:58Z,,new fuzz stub (T-20)
crates/sverb-conn/src/forward/mod.rs,agent-M2-08,M2-08,modified,2026-10-08T08:00:59Z,,new M2-08 forward module
crates/sverb-conn/src/forward/socks.rs,agent-M2-08,M2-08,modified,2026-10-08T08:00:59Z,,new M2-08 forward module
crates/sverb-conn/src/forward/socks_server.rs,agent-M2-08,M2-08,modified,2026-10-08T08:00:59Z,,new M2-08 forward module
crates/sverb-conn/src/forward/local.rs,agent-M2-08,M2-08,modified,2026-10-08T08:00:59Z,,new M2-08 forward module
crates/sverb-conn/src/forward/remote.rs,agent-M2-08,M2-08,modified,2026-10-08T08:00:59Z,,new M2-08 forward module
crates/sverb-conn/src/forward/dynamic.rs,agent-M2-08,M2-08,modified,2026-10-08T08:00:59Z,,new M2-08 forward module
crates/sverb-conn/src/forward/manager.rs,agent-M2-08,M2-08,modified,2026-10-08T08:00:59Z,,new M2-08 forward module
crates/sverb-conn/src/forward/approval.rs,agent-M2-08,M2-08,modified,2026-10-08T08:00:59Z,,new M2-08 forward module
crates/sverb-conn/src/forward/ssh_glue.rs,agent-M2-08,M2-08,modified,2026-10-08T08:00:59Z,,new M2-08 forward module
crates/sverb-conn/src/forward/tests.rs,agent-M2-08,M2-08,modified,2026-10-08T08:00:59Z,,new M2-08 forward module
crates/sverb-e2e/tests/harness_local.rs,agent-M1-18,M1-18,modified,2026-10-08T08:01:29Z,,M1-18 harness tests
crates/sverb-e2e/src/session.rs,agent-M1-18,M1-18,modified,2026-10-08T08:01:29Z,,M1-18 harness tests
crates/sverb-conn/src/lib.rs,agent-M2-06,M2-06,modified,2026-10-08T08:02:17Z,,pub mod proxy (M2-06)
crates/sverb-conn/src/ssh/resolved.rs,agent-M2-06,M2-06,modified,2026-10-08T08:02:17Z,,SshTarget.proxy: Option<ProxyConfig> (M2-06)
crates/sverb-conn/src/ssh/mod.rs,agent-M2-06,M2-06,locked,2026-10-08T08:02:17Z,,local approvals on SshConnector
crates/sverb-tui/src/keymap/action.rs,agent-M3-01,M3-01,locked,2026-10-08T08:02:18Z,,equalize_panes action
crates/sverb-tui/src/keymap/action.rs,agent-M3-01,M3-01,modified,2026-10-08T08:02:22Z,,M3-01 EqualizePanes action + registry row
crates/sverb-conn/src/ssh/mod.rs,agent-M2-06,M2-06,modified,2026-10-08T08:02:24Z,,SshConnector approvals field + with_local_approvals (M2-06)
crates/sverb-tui/src/services/ssh.rs,agent-M2-06,M2-06,locked,2026-10-08T08:02:24Z,,resolve proxy with secret + origin
crates/sverb-term/src/selection.rs,agent-M3-04,M3-04,modified,2026-10-08T08:02:27Z,,new: selection model; motions; text extraction
crates/sverb-tui/src/services/ssh.rs,agent-M2-06,M2-06,modified,2026-10-08T08:02:42Z,,proxy_config: resolved proxy with password + origin (M2-06)
crates/sverb-tui/src/app/mod.rs,agent-M3-01,M3-01,locked,2026-10-08T08:02:58Z,,M3-01 wiring/new module
crates/sverb-tui/src/app/input.rs,agent-M3-01,M3-01,locked,2026-10-08T08:02:58Z,,M3-01 wiring/new module
crates/sverb-tui/src/app/state.rs,agent-M3-01,M3-01,locked,2026-10-08T08:02:58Z,,M3-01 wiring/new module
crates/sverb-tui/src/app/event.rs,agent-M3-01,M3-01,locked,2026-10-08T08:02:58Z,,M3-01 wiring/new module
crates/sverb-tui/src/app/shell.rs,agent-M3-01,M3-01,locked,2026-10-08T08:02:58Z,,M3-01 wiring/new module
crates/sverb-tui/src/app/resize.rs,agent-M3-01,M3-01,locked,2026-10-08T08:02:58Z,,M3-01 wiring/new module
crates/sverb-tui/src/app/resize_tests.rs,agent-M3-01,M3-01,locked,2026-10-08T08:02:58Z,,M3-01 wiring/new module
crates/sverb-tui/src/views/forwards.rs,agent-M2-08,M2-08,locked,2026-10-08T08:03:08Z,,M2-08 forwards wiring
crates/sverb-tui/src/app/forwards.rs,agent-M2-08,M2-08,locked,2026-10-08T08:03:08Z,,M2-08 forwards wiring
crates/sverb-tui/src/app/forwards_tests.rs,agent-M2-08,M2-08,locked,2026-10-08T08:03:08Z,,M2-08 forwards wiring
crates/sverb-tui/src/services/forwards.rs,agent-M2-08,M2-08,locked,2026-10-08T08:03:08Z,,M2-08 forwards wiring
crates/sverb-tui/src/views/mod.rs,agent-M2-08,M2-08,locked,2026-10-08T08:03:08Z,,M2-08 forwards wiring
crates/sverb-tui/src/app/effect.rs,agent-M2-08,M2-08,locked,2026-10-08T08:03:08Z,,M2-08 forwards wiring
crates/sverb-tui/src/views/dialogs.rs,agent-M2-08,M2-08,locked,2026-10-08T08:03:08Z,,M2-08 forwards wiring
crates/sverb-tui/src/services/mod.rs,agent-M2-08,M2-08,locked,2026-10-08T08:03:09Z,,M2-08 forwards wiring
crates/sverb-tui/src/services/sessions.rs,agent-M2-08,M2-08,locked,2026-10-08T08:03:09Z,,M2-08 forwards wiring
crates/sverb-tui/src/views/shell.rs,agent-M2-08,M2-08,locked,2026-10-08T08:03:09Z,,M2-08 forwards wiring
crates/sverb/src/cli/forward.rs,agent-M2-08,M2-08,locked,2026-10-08T08:03:09Z,,M2-08 forwards wiring
crates/sverb/src/cli/mod.rs,agent-M2-08,M2-08,locked,2026-10-08T08:03:09Z,,M2-08 forwards wiring
crates/sverb/src/cli/tests.rs,agent-M2-08,M2-08,locked,2026-10-08T08:03:09Z,,M2-08 forwards wiring
crates/sverb-tui/src/app/mod.rs,agent-M3-01,M3-01,modified,2026-10-08T08:03:10Z,,M3-01 wiring (append-only blocks)
crates/sverb-tui/src/app/input.rs,agent-M3-01,M3-01,modified,2026-10-08T08:03:10Z,,M3-01 wiring (append-only blocks)
crates/sverb-tui/src/app/state.rs,agent-M3-01,M3-01,modified,2026-10-08T08:03:10Z,,M3-01 wiring (append-only blocks)
crates/sverb-tui/src/app/event.rs,agent-M3-01,M3-01,modified,2026-10-08T08:03:10Z,,M3-01 wiring (append-only blocks)
crates/sverb-tui/src/app/shell.rs,agent-M3-01,M3-01,modified,2026-10-08T08:03:10Z,,M3-01 wiring (append-only blocks)
crates/sverb-term/src/search.rs,agent-M3-04,M3-04,modified,2026-10-08T08:03:30Z,,new: regex search over logical lines; URL detection
crates/sverb-e2e/tests/fixtures.rs,agent-M1-18,M1-18,modified,2026-10-08T08:03:37Z,,M1-18 harness tests
crates/sverb-e2e/src/pty.rs,agent-M1-18,M1-18,modified,2026-10-08T08:03:37Z,,M1-18 harness tests
tests/fixtures/sshd/README.md,agent-M1-18,M1-18,modified,2026-10-08T08:03:37Z,,M1-18 sshd fixture README
crates/sverb-term/src/lib.rs,agent-M3-04,M3-04,modified,2026-10-08T08:03:54Z,,M3-04: Emulator::row; search/selection modules
crates/sverb-term/src/emulator.rs,agent-M3-04,M3-04,modified,2026-10-08T08:03:54Z,,M3-04: Emulator::row; search/selection modules
crates/sverb-term/src/alacritty/mod.rs,agent-M3-04,M3-04,modified,2026-10-08T08:03:54Z,,M3-04: Emulator::row; search/selection modules
crates/sverb-tui/src/app/resize.rs,agent-M3-01,M3-01,modified,2026-10-08T08:04:04Z,,new M3-01 module
crates/sverb-tui/src/app/resize_tests.rs,agent-M3-01,M3-01,modified,2026-10-08T08:04:04Z,,new M3-01 tests
crates/sverb-e2e/tests/harness_docker.rs,agent-M1-18,M1-18,modified,2026-10-08T08:04:25Z,,M1-18 harness tests
crates/sverb-core/src/config/model.rs,agent-M3-04,M3-04,locked,2026-10-08T08:04:26Z,,[keys.copy] table
crates/sverb-core/src/config/mod.rs,agent-M3-04,M3-04,locked,2026-10-08T08:04:26Z,,[keys.copy] table
crates/sverb-core/src/config/default_config.toml,agent-M3-04,M3-04,locked,2026-10-08T08:04:26Z,,[keys.copy] table
docs/config.schema.json,agent-M3-04,M3-04,locked,2026-10-08T08:04:26Z,,[keys.copy] table
crates/sverb-core/src/config/tests.rs,agent-M3-04,M3-04,locked,2026-10-08T08:04:41Z,,t11: keys.copy now valid
crates/sverb-conn/src/proxy/mod.rs,agent-M2-06,M2-06,modified,2026-10-08T08:04:56Z,,new M2-06 proxy module
crates/sverb-conn/src/proxy/socks5.rs,agent-M2-06,M2-06,modified,2026-10-08T08:04:56Z,,new M2-06 proxy module
crates/sverb-conn/src/proxy/http_connect.rs,agent-M2-06,M2-06,modified,2026-10-08T08:04:56Z,,new M2-06 proxy module
crates/sverb-conn/src/proxy/command.rs,agent-M2-06,M2-06,modified,2026-10-08T08:04:56Z,,new M2-06 proxy module
crates/sverb-conn/src/proxy/tests.rs,agent-M2-06,M2-06,modified,2026-10-08T08:04:56Z,,new M2-06 proxy module
crates/sverb-core/src/model/items.rs,agent-M2-03,M2-03,modified,2026-10-08T08:04:59Z,,M2-03 keychain wiring / Key.agent_ref
crates/sverb-core/src/lib.rs,agent-M2-03,M2-03,modified,2026-10-08T08:04:59Z,,M2-03 keychain wiring / Key.agent_ref
crates/sverb-core/src/config/model.rs,agent-M3-04,M3-04,modified,2026-10-08T08:05:00Z,,M3-04: [keys.copy] table and copy actions
crates/sverb-core/src/config/mod.rs,agent-M3-04,M3-04,modified,2026-10-08T08:05:00Z,,M3-04: [keys.copy] table and copy actions
crates/sverb-core/src/config/default_config.toml,agent-M3-04,M3-04,modified,2026-10-08T08:05:00Z,,M3-04: [keys.copy] table and copy actions
crates/sverb-core/src/config/tests.rs,agent-M3-04,M3-04,modified,2026-10-08T08:05:00Z,,M3-04: [keys.copy] table and copy actions
crates/sverb-tui/src/app/snapshots/sverb_tui__app__resize__tests__m3_01_t12_zoom_resize_80x24.snap,agent-M3-01,M3-01,locked,2026-10-08T08:05:32Z,,T-12 snapshot
crates/sverb-e2e/tests/openssh_transport.rs,agent-M1-18,M1-18,modified,2026-10-08T08:05:45Z,,M1-18 e2e ports of M1-13/M1-14 container tests
crates/sverb-e2e/tests/openssh_auth.rs,agent-M1-18,M1-18,modified,2026-10-08T08:05:45Z,,M1-18 e2e ports of M1-13/M1-14 container tests
tests/fixtures/keys/agent_ref.pub,agent-M2-03,M2-03,locked,2026-10-08T08:06:27Z,,key fixture
tests/fixtures/keys/fingerprints.txt,agent-M2-03,M2-03,locked,2026-10-08T08:06:27Z,,key fixture
tests/fixtures/keys/id_cert-cert.pub,agent-M2-03,M2-03,locked,2026-10-08T08:06:27Z,,key fixture
tests/fixtures/keys/id_cert.pub,agent-M2-03,M2-03,locked,2026-10-08T08:06:27Z,,key fixture
tests/fixtures/keys/openssh_ecdsa256,agent-M2-03,M2-03,locked,2026-10-08T08:06:27Z,,key fixture
tests/fixtures/keys/openssh_ed25519,agent-M2-03,M2-03,locked,2026-10-08T08:06:27Z,,key fixture
tests/fixtures/keys/openssh_ed25519_enc,agent-M2-03,M2-03,locked,2026-10-08T08:06:27Z,,key fixture
tests/fixtures/keys/openssh_rsa_enc,agent-M2-03,M2-03,locked,2026-10-08T08:06:27Z,,key fixture
tests/fixtures/keys/pkcs1_rsa_des3.pem,agent-M2-03,M2-03,locked,2026-10-08T08:06:27Z,,key fixture
tests/fixtures/keys/pkcs1_rsa_enc.pem,agent-M2-03,M2-03,locked,2026-10-08T08:06:28Z,,key fixture
tests/fixtures/keys/pkcs1_rsa.pem,agent-M2-03,M2-03,locked,2026-10-08T08:06:28Z,,key fixture
tests/fixtures/keys/pkcs8_ed25519_enc.pem,agent-M2-03,M2-03,locked,2026-10-08T08:06:28Z,,key fixture
tests/fixtures/keys/pkcs8_ed25519.pem,agent-M2-03,M2-03,locked,2026-10-08T08:06:28Z,,key fixture
tests/fixtures/keys/pkcs8_p256.pem,agent-M2-03,M2-03,locked,2026-10-08T08:06:28Z,,key fixture
tests/fixtures/keys/pkcs8_p521_enc.pem,agent-M2-03,M2-03,locked,2026-10-08T08:06:28Z,,key fixture
tests/fixtures/keys/pkcs8_rsa_enc.pem,agent-M2-03,M2-03,locked,2026-10-08T08:06:28Z,,key fixture
tests/fixtures/keys/pkcs8_rsa.pem,agent-M2-03,M2-03,locked,2026-10-08T08:06:28Z,,key fixture
tests/fixtures/keys/sec1_p256.pem,agent-M2-03,M2-03,locked,2026-10-08T08:06:28Z,,key fixture
tests/fixtures/keys/sec1_p384_enc.pem,agent-M2-03,M2-03,locked,2026-10-08T08:06:28Z,,key fixture
tests/fixtures/keys/sec1_p384.pem,agent-M2-03,M2-03,locked,2026-10-08T08:06:28Z,,key fixture
tests/fixtures/keys/sec1_p521.pem,agent-M2-03,M2-03,locked,2026-10-08T08:06:28Z,,key fixture
tests/fixtures/keys/user_ca.pub,agent-M2-03,M2-03,locked,2026-10-08T08:06:28Z,,key fixture
tests/fixtures/keys/agent_ref.pub,agent-M2-03,M2-03,modified,2026-10-08T08:06:28Z,,new key fixture
tests/fixtures/keys/fingerprints.txt,agent-M2-03,M2-03,modified,2026-10-08T08:06:28Z,,new key fixture
tests/fixtures/keys/id_cert-cert.pub,agent-M2-03,M2-03,modified,2026-10-08T08:06:28Z,,new key fixture
tests/fixtures/keys/id_cert.pub,agent-M2-03,M2-03,modified,2026-10-08T08:06:28Z,,new key fixture
tests/fixtures/keys/openssh_ecdsa256,agent-M2-03,M2-03,modified,2026-10-08T08:06:28Z,,new key fixture
tests/fixtures/keys/openssh_ed25519,agent-M2-03,M2-03,modified,2026-10-08T08:06:28Z,,new key fixture
tests/fixtures/keys/openssh_ed25519_enc,agent-M2-03,M2-03,modified,2026-10-08T08:06:28Z,,new key fixture
tests/fixtures/keys/openssh_rsa_enc,agent-M2-03,M2-03,modified,2026-10-08T08:06:28Z,,new key fixture
tests/fixtures/keys/pkcs1_rsa_des3.pem,agent-M2-03,M2-03,modified,2026-10-08T08:06:28Z,,new key fixture
tests/fixtures/keys/pkcs1_rsa_enc.pem,agent-M2-03,M2-03,modified,2026-10-08T08:06:28Z,,new key fixture
tests/fixtures/keys/pkcs1_rsa.pem,agent-M2-03,M2-03,modified,2026-10-08T08:06:28Z,,new key fixture
tests/fixtures/keys/pkcs8_ed25519_enc.pem,agent-M2-03,M2-03,modified,2026-10-08T08:06:28Z,,new key fixture
tests/fixtures/keys/pkcs8_ed25519.pem,agent-M2-03,M2-03,modified,2026-10-08T08:06:28Z,,new key fixture
tests/fixtures/keys/pkcs8_p256.pem,agent-M2-03,M2-03,modified,2026-10-08T08:06:28Z,,new key fixture
tests/fixtures/keys/pkcs8_p521_enc.pem,agent-M2-03,M2-03,modified,2026-10-08T08:06:28Z,,new key fixture
tests/fixtures/keys/pkcs8_rsa_enc.pem,agent-M2-03,M2-03,modified,2026-10-08T08:06:28Z,,new key fixture
tests/fixtures/keys/pkcs8_rsa.pem,agent-M2-03,M2-03,modified,2026-10-08T08:06:28Z,,new key fixture
tests/fixtures/keys/sec1_p256.pem,agent-M2-03,M2-03,modified,2026-10-08T08:06:28Z,,new key fixture
tests/fixtures/keys/sec1_p384_enc.pem,agent-M2-03,M2-03,modified,2026-10-08T08:06:28Z,,new key fixture
tests/fixtures/keys/sec1_p384.pem,agent-M2-03,M2-03,modified,2026-10-08T08:06:28Z,,new key fixture
tests/fixtures/keys/sec1_p521.pem,agent-M2-03,M2-03,modified,2026-10-08T08:06:28Z,,new key fixture
tests/fixtures/keys/user_ca.pub,agent-M2-03,M2-03,modified,2026-10-08T08:06:28Z,,new key fixture
crates/sverb-conn/src/ssh/first_hop.rs,agent-M2-06,M2-06,locked,2026-10-08T08:06:50Z,,first-hop stream factory
crates/sverb-tui/src/app/snapshots/sverb_tui__app__resize__tests__m3_01_t12_zoom_resize_80x24.snap,agent-M3-01,M3-01,modified,2026-10-08T08:06:59Z,,new T-12 snapshot
crates/sverb-conn/src/ssh/first_hop.rs,agent-M2-06,M2-06,modified,2026-10-08T08:07:08Z,,new: first-hop stream factory (direct or proxy)
crates/sverb-tui/src/views/mod.rs,agent-M2-08,M2-08,modified,2026-10-08T08:07:15Z,,mod forwards; Views.forwards
crates/sverb-tui/src/views/forwards.rs,agent-M2-08,M2-08,modified,2026-10-08T08:07:15Z,,new Forwards view + form + status segment
docs/config.schema.json,agent-M3-04,M3-04,modified,2026-10-08T08:08:08Z,,regenerated: keys.copy default
.github/workflows/ci.yml,agent-M1-18,M1-18,locked,2026-10-08T08:08:15Z,,e2e job
.github/workflows/ci.yml,agent-M1-18,M1-18,modified,2026-10-08T08:08:15Z,,e2e job: buildx-cached fixture image; profile check; SVERB_E2E; --ignored
tests/fixtures/sshd/entrypoint.sh,agent-M1-18,M1-18,modified,2026-10-08T08:08:30Z,,entrypoint --check mode
crates/sverb-conn/src/ssh/keyfile.rs,agent-M2-03,M2-03,locked,2026-10-08T08:08:40Z,,agent-ref keys / keychain import
crates/sverb-conn/src/ssh/auth.rs,agent-M2-03,M2-03,locked,2026-10-08T08:08:41Z,,agent-ref keys / keychain import
crates/sverb-conn/src/ssh/auth_tests.rs,agent-M2-03,M2-03,locked,2026-10-08T08:08:41Z,,agent-ref keys / keychain import
crates/sverb-conn/src/ssh/tests.rs,agent-M1-18,M1-18,locked,2026-10-08T08:08:47Z,,point e2e placeholder at harness
crates/sverb-conn/src/ssh/auth_loopback.rs,agent-M1-18,M1-18,locked,2026-10-08T08:08:47Z,,point e2e placeholder at harness
crates/sverb-conn/src/ssh/tests.rs,agent-M1-18,M1-18,modified,2026-10-08T08:08:48Z,,e2e placeholder points at sverb-e2e openssh_transport.rs (still ignored)
crates/sverb-conn/src/ssh/auth_loopback.rs,agent-M1-18,M1-18,modified,2026-10-08T08:08:48Z,,e2e placeholder points at sverb-e2e openssh_auth.rs (still ignored)
crates/sverb-conn/src/ssh/auth_tests.rs,agent-M2-03,M2-03,modified,2026-10-08T08:09:37Z,,agent-ref test
crates/sverb-conn/src/ssh/auth.rs,agent-M2-03,M2-03,modified,2026-10-08T08:09:37Z,,agent-ref key step
crates/sverb-conn/src/ssh/keyfile.rs,agent-M2-03,M2-03,modified,2026-10-08T08:09:37Z,,delegate to keychain::import
crates/sverb-tui/src/services/vault.rs,agent-M2-08,M2-08,locked,2026-10-08T08:09:38Z,,VaultService::from_unlocked for sverb forward
crates/sverb-tui/src/services/vault.rs,agent-M2-08,M2-08,modified,2026-10-08T08:09:43Z,,VaultService::from_unlocked (M2-08 block)
crates/sverb-tui/src/keymap/tests.rs,agent-M3-01,M3-01,locked,2026-10-08T08:10:08Z,,T-22 allows unbound-by-default actions
crates/sverb-tui/src/keymap/tests.rs,agent-M3-01,M3-01,modified,2026-10-08T08:10:15Z,,T-22 skips UNBOUND_BY_DEFAULT actions
crates/sverb-conn/tests/proxy_logs.rs,agent-M2-06,M2-06,locked,2026-10-08T08:11:00Z,,T-08 log capture binary
crates/sverb-conn/tests/proxy_logs.rs,agent-M2-06,M2-06,modified,2026-10-08T08:11:00Z,,new: T-08 log capture
crates/sverb/src/cli/vault.rs,agent-M2-08,M2-08,locked,2026-10-08T08:11:31Z,,sverb forward (M2-08)
crates/sverb/Cargo.toml,agent-M2-08,M2-08,locked,2026-10-08T08:11:31Z,,sverb forward (M2-08)
crates/sverb/tests/forward.rs,agent-M2-08,M2-08,locked,2026-10-08T08:11:31Z,,sverb forward (M2-08)
crates/sverb/src/cli/vault.rs,agent-M2-08,M2-08,modified,2026-10-08T08:11:31Z,,M2-08: unlock with password handoff; read_secret
crates/sverb-tui/src/views/sessions/copy_mode.rs,agent-M3-04,M3-04,locked,2026-10-08T08:12:21Z,,copy mode state machine
crates/sverb-tui/src/views/sessions/copy_mode.rs,agent-M3-04,M3-04,modified,2026-10-08T08:12:21Z,,new: copy mode keymap and state
crates/sverb-tui/src/views/sessions/mod.rs,agent-M3-04,M3-04,locked,2026-10-08T08:12:21Z,,mod copy_mode
crates/sverb-tui/src/services/vault/keychain.rs,agent-M2-03,M2-03,locked,2026-10-08T08:12:25Z,,keychain TUI
crates/sverb-tui/src/services/vault/items.rs,agent-M2-03,M2-03,locked,2026-10-08T08:12:25Z,,keychain TUI
crates/sverb-tui/src/app/hosts.rs,agent-M2-03,M2-03,locked,2026-10-08T08:12:25Z,,keychain TUI
crates/sverb-tui/src/app/vault.rs,agent-M2-03,M2-03,locked,2026-10-08T08:12:25Z,,keychain TUI
crates/sverb-tui/src/views/hosts/catalog.rs,agent-M2-03,M2-03,locked,2026-10-08T08:12:25Z,,keychain TUI
crates/sverb-tui/src/views/keychain/mod.rs,agent-M2-03,M2-03,locked,2026-10-08T08:12:25Z,,keychain TUI
crates/sverb-tui/src/views/keychain/keys.rs,agent-M2-03,M2-03,locked,2026-10-08T08:12:25Z,,keychain TUI
crates/sverb-tui/src/views/keychain/certs.rs,agent-M2-03,M2-03,locked,2026-10-08T08:12:25Z,,keychain TUI
crates/sverb-tui/src/views/keychain/generate_form.rs,agent-M2-03,M2-03,locked,2026-10-08T08:12:25Z,,keychain TUI
crates/sverb-tui/src/views/keychain/import_dialog.rs,agent-M2-03,M2-03,locked,2026-10-08T08:12:25Z,,keychain TUI
crates/sverb-tui/src/views/keychain/identity_form.rs,agent-M2-03,M2-03,locked,2026-10-08T08:12:25Z,,keychain TUI
crates/sverb-tui/src/views/keychain/tests.rs,agent-M2-03,M2-03,locked,2026-10-08T08:12:25Z,,keychain TUI
crates/sverb-tui/src/app/keychain.rs,agent-M2-03,M2-03,locked,2026-10-08T08:12:26Z,,keychain TUI
crates/sverb-tui/src/app/keychain/keys.rs,agent-M2-03,M2-03,locked,2026-10-08T08:12:26Z,,keychain TUI
crates/sverb-tui/src/app/keychain/keys_tests.rs,agent-M2-03,M2-03,locked,2026-10-08T08:12:26Z,,keychain TUI
crates/sverb-tui/src/app/keychain_tests.rs,agent-M2-03,M2-03,locked,2026-10-08T08:12:26Z,,keychain TUI
crates/sverb-tui/src/views/hosts/form.rs,agent-M2-06,M2-06,locked,2026-10-08T08:12:28Z,,proxy section
crates/sverb-tui/src/services/vault/keychain.rs,agent-M2-03,M2-03,released,2026-10-08T08:12:32Z,,moved under items/
crates/sverb-tui/src/services/vault/items/keychain.rs,agent-M2-03,M2-03,locked,2026-10-08T08:12:32Z,,keychain executor
crates/sverb-tui/src/views/sessions/mod.rs,agent-M3-04,M3-04,modified,2026-10-08T08:12:41Z,,pub mod copy_mode
crates/sverb-tui/src/views/hosts/form.rs,agent-M2-06,M2-06,modified,2026-10-08T08:12:55Z,,proxy section: kind + conditional fields; apply_proxy; registry on
crates/sverb-tui/src/keymap/validate.rs,agent-M3-04,M3-04,locked,2026-10-08T08:13:33Z,,keys.copy mode
crates/sverb-tui/src/keymap/validate.rs,agent-M3-04,M3-04,modified,2026-10-08T08:13:33Z,,copy mode table accepted
crates/sverb-tui/src/keymap/tests.rs,agent-M3-04,M3-04,copy,2026-10-08T08:13:48Z,.merge/agent-M3-04/crates/sverb-tui/src/keymap/tests.rs,validator test: modes() includes copy; copy actions
crates/sverb/src/cli/mod.rs,agent-M2-08,M2-08,modified,2026-10-08T08:13:55Z,,M2-08 sverb forward
crates/sverb/src/cli/tests.rs,agent-M2-08,M2-08,modified,2026-10-08T08:13:55Z,,M2-08 sverb forward
crates/sverb/src/cli/forward.rs,agent-M2-08,M2-08,modified,2026-10-08T08:13:55Z,,M2-08 sverb forward
crates/sverb-tui/src/views/hosts/snapshots/sverb_tui__views__hosts__tests__m2_01__t11_m2_inherited_host_form_120x40.snap,agent-M2-06,M2-06,locked,2026-10-08T08:14:23Z,,proxy row visible
crates/sverb-tui/src/views/hosts/snapshots/sverb_tui__views__hosts__tests__m2_01__t11_m2_inherited_host_form_120x40.snap,agent-M2-06,M2-06,modified,2026-10-08T08:14:23Z,,proxy row now visible
crates/sverb/Cargo.toml,agent-M2-08,M2-08,modified,2026-10-08T08:14:30Z,,sverb-conn dep (+test-util dev-dep)
crates/sverb-tui/src/views/hosts/tests.rs,agent-M2-06,M2-06,locked,2026-10-08T08:14:37Z,,proxy form tests
crates/sverb-tui/src/views/hosts/tests.rs,agent-M2-06,M2-06,modified,2026-10-08T08:14:57Z,,m2_06 form tests
crates/sverb-tui/src/views/hosts/catalog.rs,agent-M2-03,M2-03,modified,2026-10-08T08:15:26Z,,key_details + certs in HostCatalog
crates/sverb-tui/src/services/vault/items.rs,agent-M2-03,M2-03,modified,2026-10-08T08:15:26Z,,catalog keys/certs; keychain executor arm
crates/sverb/tests/forward.rs,agent-M2-08,M2-08,modified,2026-10-08T08:15:27Z,,T-19 PTY tests
crates/sverb-core/src/layout.rs,agent-M3-01,M3-01,released,2026-10-08T08:15:31Z,,orchestrator: complete
crates/sverb-tui/src/app/event.rs,agent-M3-01,M3-01,released,2026-10-08T08:15:31Z,,orchestrator: complete
crates/sverb-tui/src/app/input.rs,agent-M3-01,M3-01,released,2026-10-08T08:15:31Z,,orchestrator: complete
crates/sverb-tui/src/app/mod.rs,agent-M3-01,M3-01,released,2026-10-08T08:15:31Z,,orchestrator: complete
crates/sverb-tui/src/app/resize.rs,agent-M3-01,M3-01,released,2026-10-08T08:15:31Z,,orchestrator: complete
crates/sverb-tui/src/app/resize_tests.rs,agent-M3-01,M3-01,released,2026-10-08T08:15:31Z,,orchestrator: complete
crates/sverb-tui/src/app/shell.rs,agent-M3-01,M3-01,released,2026-10-08T08:15:31Z,,orchestrator: complete
crates/sverb-tui/src/app/snapshots/sverb_tui__app__resize__tests__m3_01_t12_zoom_resize_80x24.snap,agent-M3-01,M3-01,released,2026-10-08T08:15:31Z,,orchestrator: complete
crates/sverb-tui/src/app/state.rs,agent-M3-01,M3-01,released,2026-10-08T08:15:31Z,,orchestrator: complete
crates/sverb-tui/src/keymap/action.rs,agent-M3-01,M3-01,released,2026-10-08T08:15:31Z,,orchestrator: complete
crates/sverb-tui/src/keymap/tests.rs,agent-M3-01,M3-01,released,2026-10-08T08:15:31Z,,orchestrator: complete
crates/sverb-tui/src/widgets/list_tests.rs,orchestrator,FIX-FLAKY,locked,2026-10-08T08:15:41Z,,timing bound per build profile
crates/sverb-tui/src/widgets/terminal_pane.rs,agent-M3-04,M3-04,locked,2026-10-08T08:16:04Z,,copy mode wiring
crates/sverb-tui/Cargo.toml,agent-M3-04,M3-04,locked,2026-10-08T08:16:04Z,,copy mode wiring
crates/sverb-tui/src/app/tabs.rs,agent-M3-04,M3-04,locked,2026-10-08T08:16:04Z,,copy mode wiring
crates/sverb-tui/src/app/sessions.rs,agent-M3-04,M3-04,locked,2026-10-08T08:16:04Z,,copy mode wiring
crates/sverb-tui/src/app/panes.rs,agent-M3-04,M3-04,locked,2026-10-08T08:16:04Z,,copy mode wiring
crates/sverb-tui/src/runtime/mod.rs,agent-M3-04,M3-04,locked,2026-10-08T08:16:05Z,,copy mode wiring
crates/sverb-tui/src/app/copy.rs,agent-M3-04,M3-04,locked,2026-10-08T08:16:05Z,,copy mode wiring
crates/sverb-tui/src/app/copy_tests.rs,agent-M3-04,M3-04,locked,2026-10-08T08:16:05Z,,copy mode wiring
crates/sverb-tui/src/services/opener.rs,agent-M3-04,M3-04,locked,2026-10-08T08:16:05Z,,copy mode wiring
crates/sverb-tui/src/widgets/terminal_pane.rs,agent-M3-04,M3-04,modified,2026-10-08T08:16:26Z,,PaneDecor + render_with (copy overlays; badge; footer; copy cursor)
crates/sverb-tui/src/widgets/list_tests.rs,orchestrator,FIX-FLAKY,released,2026-10-08T08:18:25Z,,fixed
crates/sverb-tui/src/services/sessions.rs,agent-M2-08,M2-08,modified,2026-10-08T08:18:43Z,,SessionService::open_tunnel (M2-08 block)
crates/sverb-tui/src/views/keychain/mod.rs,agent-M2-03,M2-03,modified,2026-10-08T08:19:44Z,,M2-03 keychain keys/certs
crates/sverb-tui/src/views/keychain/identity_form.rs,agent-M2-03,M2-03,modified,2026-10-08T08:19:44Z,,M2-03 keychain keys/certs
crates/sverb-tui/src/app/keychain.rs,agent-M2-03,M2-03,modified,2026-10-08T08:19:44Z,,M2-03 keychain keys/certs
crates/sverb-tui/src/app/hosts.rs,agent-M2-03,M2-03,modified,2026-10-08T08:19:44Z,,M2-03 keychain keys/certs
crates/sverb-tui/src/app/vault.rs,agent-M2-03,M2-03,modified,2026-10-08T08:19:44Z,,M2-03 keychain keys/certs
crates/sverb-tui/src/views/keychain/keys.rs,agent-M2-03,M2-03,modified,2026-10-08T08:19:44Z,,M2-03 keychain keys/certs
crates/sverb-tui/src/views/keychain/certs.rs,agent-M2-03,M2-03,modified,2026-10-08T08:19:44Z,,M2-03 keychain keys/certs
crates/sverb-tui/src/views/keychain/generate_form.rs,agent-M2-03,M2-03,modified,2026-10-08T08:19:44Z,,M2-03 keychain keys/certs
crates/sverb-tui/src/views/keychain/import_dialog.rs,agent-M2-03,M2-03,modified,2026-10-08T08:19:44Z,,M2-03 keychain keys/certs
crates/sverb-tui/src/app/keychain/keys.rs,agent-M2-03,M2-03,modified,2026-10-08T08:19:44Z,,M2-03 keychain keys/certs
crates/sverb-tui/src/services/vault/items/keychain.rs,agent-M2-03,M2-03,modified,2026-10-08T08:20:42Z,,keychain executor
crates/sverb-tui/Cargo.toml,agent-M3-04,M3-04,modified,2026-10-08T08:21:33Z,,open = 5.4.3 (services::opener)
Cargo.toml,agent-M1-18,M1-18,released,2026-10-08T08:25:41Z,,orchestrator: complete
crates/sverb-conn/src/ssh/auth_loopback.rs,agent-M1-18,M1-18,released,2026-10-08T08:25:41Z,,orchestrator: complete
crates/sverb-conn/src/ssh/tests.rs,agent-M1-18,M1-18,released,2026-10-08T08:25:41Z,,orchestrator: complete
crates/sverb-e2e/Cargo.toml,agent-M1-18,M1-18,released,2026-10-08T08:25:41Z,,orchestrator: complete
crates/sverb-e2e/src/diag.rs,agent-M1-18,M1-18,released,2026-10-08T08:25:41Z,,orchestrator: complete
crates/sverb-e2e/src/home.rs,agent-M1-18,M1-18,released,2026-10-08T08:25:41Z,,orchestrator: complete
crates/sverb-e2e/src/keys.rs,agent-M1-18,M1-18,released,2026-10-08T08:25:41Z,,orchestrator: complete
crates/sverb-e2e/src/lib.rs,agent-M1-18,M1-18,released,2026-10-08T08:25:41Z,,orchestrator: complete
crates/sverb-e2e/src/pty.rs,agent-M1-18,M1-18,released,2026-10-08T08:25:41Z,,orchestrator: complete
crates/sverb-e2e/src/session.rs,agent-M1-18,M1-18,released,2026-10-08T08:25:41Z,,orchestrator: complete
crates/sverb-e2e/src/sshd.rs,agent-M1-18,M1-18,released,2026-10-08T08:25:41Z,,orchestrator: complete
crates/sverb-e2e/tests/fixtures.rs,agent-M1-18,M1-18,released,2026-10-08T08:25:42Z,,orchestrator: complete
crates/sverb-e2e/tests/harness_docker.rs,agent-M1-18,M1-18,released,2026-10-08T08:25:42Z,,orchestrator: complete
crates/sverb-e2e/tests/harness_local.rs,agent-M1-18,M1-18,released,2026-10-08T08:25:42Z,,orchestrator: complete
crates/sverb-e2e/tests/openssh_auth.rs,agent-M1-18,M1-18,released,2026-10-08T08:25:42Z,,orchestrator: complete
crates/sverb-e2e/tests/openssh_transport.rs,agent-M1-18,M1-18,released,2026-10-08T08:25:42Z,,orchestrator: complete
.github/secret_scanning.yml,agent-M1-18,M1-18,released,2026-10-08T08:25:42Z,,orchestrator: complete
.github/workflows/ci.yml,agent-M1-18,M1-18,released,2026-10-08T08:25:42Z,,orchestrator: complete
.gitleaks.toml,agent-M1-18,M1-18,released,2026-10-08T08:25:42Z,,orchestrator: complete
tests/fixtures/sshd/bin/sverb-http-echo,agent-M1-18,M1-18,released,2026-10-08T08:25:42Z,,orchestrator: complete
tests/fixtures/sshd/bin/sverb-regen-hostkeys,agent-M1-18,M1-18,released,2026-10-08T08:25:42Z,,orchestrator: complete
tests/fixtures/sshd/bin/sverb-windows-like-shell,agent-M1-18,M1-18,released,2026-10-08T08:25:42Z,,orchestrator: complete
tests/fixtures/sshd/check-configs.sh,agent-M1-18,M1-18,released,2026-10-08T08:25:42Z,,orchestrator: complete
tests/fixtures/sshd/Dockerfile,agent-M1-18,M1-18,released,2026-10-08T08:25:42Z,,orchestrator: complete
tests/fixtures/sshd/.dockerignore,agent-M1-18,M1-18,released,2026-10-08T08:25:42Z,,orchestrator: complete
tests/fixtures/sshd/entrypoint.sh,agent-M1-18,M1-18,released,2026-10-08T08:25:42Z,,orchestrator: complete
tests/fixtures/sshd/keys/authorized_keys,agent-M1-18,M1-18,released,2026-10-08T08:25:42Z,,orchestrator: complete
tests/fixtures/sshd/keys/host_ca,agent-M1-18,M1-18,released,2026-10-08T08:25:42Z,,orchestrator: complete
tests/fixtures/sshd/keys/host_ca.pub,agent-M1-18,M1-18,released,2026-10-08T08:25:42Z,,orchestrator: complete
tests/fixtures/sshd/keys/id_cert,agent-M1-18,M1-18,released,2026-10-08T08:25:42Z,,orchestrator: complete
tests/fixtures/sshd/keys/id_cert-cert.pub,agent-M1-18,M1-18,released,2026-10-08T08:25:43Z,,orchestrator: complete
tests/fixtures/sshd/keys/id_cert.pub,agent-M1-18,M1-18,released,2026-10-08T08:25:43Z,,orchestrator: complete
tests/fixtures/sshd/keys/id_ecdsa,agent-M1-18,M1-18,released,2026-10-08T08:25:43Z,,orchestrator: complete
tests/fixtures/sshd/keys/id_ecdsa.pub,agent-M1-18,M1-18,released,2026-10-08T08:25:43Z,,orchestrator: complete
tests/fixtures/sshd/keys/id_ed25519,agent-M1-18,M1-18,released,2026-10-08T08:25:43Z,,orchestrator: complete
tests/fixtures/sshd/keys/id_ed25519_encrypted,agent-M1-18,M1-18,released,2026-10-08T08:25:43Z,,orchestrator: complete
tests/fixtures/sshd/keys/id_ed25519_encrypted.pub,agent-M1-18,M1-18,released,2026-10-08T08:25:43Z,,orchestrator: complete
tests/fixtures/sshd/keys/id_ed25519.pub,agent-M1-18,M1-18,released,2026-10-08T08:25:43Z,,orchestrator: complete
tests/fixtures/sshd/keys/id_rsa,agent-M1-18,M1-18,released,2026-10-08T08:25:43Z,,orchestrator: complete
tests/fixtures/sshd/keys/id_rsa.pub,agent-M1-18,M1-18,released,2026-10-08T08:25:43Z,,orchestrator: complete
tests/fixtures/sshd/keys/known_hosts_ca,agent-M1-18,M1-18,released,2026-10-08T08:25:43Z,,orchestrator: complete
tests/fixtures/sshd/keys/user_ca,agent-M1-18,M1-18,released,2026-10-08T08:25:43Z,,orchestrator: complete
tests/fixtures/sshd/keys/user_ca.pub,agent-M1-18,M1-18,released,2026-10-08T08:25:43Z,,orchestrator: complete
tests/fixtures/sshd/pam/sshd,agent-M1-18,M1-18,released,2026-10-08T08:25:43Z,,orchestrator: complete
tests/fixtures/sshd/pam/sverb-otp-check,agent-M1-18,M1-18,released,2026-10-08T08:25:43Z,,orchestrator: complete
tests/fixtures/sshd/profiles/cert.conf,agent-M1-18,M1-18,released,2026-10-08T08:25:43Z,,orchestrator: complete
tests/fixtures/sshd/profiles/env.conf,agent-M1-18,M1-18,released,2026-10-08T08:25:43Z,,orchestrator: complete
tests/fixtures/sshd/profiles/forward.conf,agent-M1-18,M1-18,released,2026-10-08T08:25:44Z,,orchestrator: complete
tests/fixtures/sshd/profiles/jump.conf,agent-M1-18,M1-18,released,2026-10-08T08:25:44Z,,orchestrator: complete
tests/fixtures/sshd/profiles/kbd.conf,agent-M1-18,M1-18,released,2026-10-08T08:25:44Z,,orchestrator: complete
tests/fixtures/sshd/profiles/key.conf,agent-M1-18,M1-18,released,2026-10-08T08:25:44Z,,orchestrator: complete
tests/fixtures/sshd/profiles/legacy.conf,agent-M1-18,M1-18,released,2026-10-08T08:25:44Z,,orchestrator: complete
tests/fixtures/sshd/profiles/maxauth2.conf,agent-M1-18,M1-18,released,2026-10-08T08:25:44Z,,orchestrator: complete
tests/fixtures/sshd/profiles/password.conf,agent-M1-18,M1-18,released,2026-10-08T08:25:44Z,,orchestrator: complete
tests/fixtures/sshd/profiles/windows-like.conf,agent-M1-18,M1-18,released,2026-10-08T08:25:44Z,,orchestrator: complete
tests/fixtures/sshd/README.md,agent-M1-18,M1-18,released,2026-10-08T08:25:44Z,,orchestrator: complete
tests/fixtures/sshd/sshd_config,agent-M1-18,M1-18,released,2026-10-08T08:25:44Z,,orchestrator: complete
crates/sverb-tui/src/app/snapshots/sverb_tui__app__copy__tests__m3_04_t10_copy_mode_80x24.snap,agent-M3-04,M3-04,locked,2026-10-08T08:26:54Z,,T-10 snapshot
crates/sverb-conn/src/ssh/connect.rs,agent-M2-06,M2-06,copy,2026-10-08T08:27:02Z,.merge/agent-M2-06/crates/sverb-conn/src/ssh/connect.rs,direct DNS/TCP block replaced by first_hop::open (proxy hook)
crates/sverb-tui/src/views/keychain/snapshots/sverb_tui__views__keychain__tests__t14_keys_160x48.snap,agent-M2-03,M2-03,locked,2026-10-08T08:27:34Z,,T-14 snapshot
crates/sverb-conn/Cargo.toml,agent-M2-06,M2-06,released,2026-10-08T08:27:46Z,,orchestrator: in-place part complete
crates/sverb-conn/src/lib.rs,agent-M2-06,M2-06,released,2026-10-08T08:27:46Z,,orchestrator: in-place part complete
crates/sverb-conn/src/proxy/command.rs,agent-M2-06,M2-06,released,2026-10-08T08:27:46Z,,orchestrator: in-place part complete
crates/sverb-conn/src/proxy/http_connect.rs,agent-M2-06,M2-06,released,2026-10-08T08:27:46Z,,orchestrator: in-place part complete
crates/sverb-conn/src/proxy/mod.rs,agent-M2-06,M2-06,released,2026-10-08T08:27:46Z,,orchestrator: in-place part complete
crates/sverb-conn/src/proxy/socks5.rs,agent-M2-06,M2-06,released,2026-10-08T08:27:46Z,,orchestrator: in-place part complete
crates/sverb-conn/src/proxy/tests.rs,agent-M2-06,M2-06,released,2026-10-08T08:27:46Z,,orchestrator: in-place part complete
crates/sverb-conn/src/ssh/errors.rs,agent-M2-06,M2-06,released,2026-10-08T08:27:46Z,,orchestrator: in-place part complete
crates/sverb-conn/src/ssh/first_hop.rs,agent-M2-06,M2-06,released,2026-10-08T08:27:46Z,,orchestrator: in-place part complete
crates/sverb-conn/src/ssh/mod.rs,agent-M2-06,M2-06,released,2026-10-08T08:27:46Z,,orchestrator: in-place part complete
crates/sverb-conn/src/ssh/resolved.rs,agent-M2-06,M2-06,released,2026-10-08T08:27:46Z,,orchestrator: in-place part complete
crates/sverb-conn/tests/proxy_logs.rs,agent-M2-06,M2-06,released,2026-10-08T08:27:46Z,,orchestrator: in-place part complete
crates/sverb-tui/src/services/ssh.rs,agent-M2-06,M2-06,released,2026-10-08T08:27:46Z,,orchestrator: in-place part complete
crates/sverb-tui/src/views/hosts/form.rs,agent-M2-06,M2-06,released,2026-10-08T08:27:46Z,,orchestrator: in-place part complete
crates/sverb-tui/src/views/hosts/snapshots/sverb_tui__views__hosts__tests__m2_01__t11_m2_inherited_host_form_120x40.snap,agent-M2-06,M2-06,released,2026-10-08T08:27:46Z,,orchestrator: in-place part complete
crates/sverb-tui/src/views/hosts/tests.rs,agent-M2-06,M2-06,released,2026-10-08T08:27:46Z,,orchestrator: in-place part complete
crates/sverb-tui/src/views/keychain/snapshots/sverb_tui__views__keychain__tests__t14_keys_160x48.snap,agent-M2-03,M2-03,modified,2026-10-08T08:28:00Z,,T-14 snapshot
crates/sverb-tui/src/app/keychain/keys_tests.rs,agent-M2-03,M2-03,modified,2026-10-08T08:28:00Z,,M2-03 tests
crates/sverb-tui/src/views/keychain/tests.rs,agent-M2-03,M2-03,modified,2026-10-08T08:28:00Z,,M2-03 tests
crates/sverb-tui/src/app/keychain_tests.rs,agent-M2-03,M2-03,modified,2026-10-08T08:28:00Z,,M2-03 tests
crates/sverb-tui/src/app/mod.rs,agent-M2-08,M2-08,copy,2026-10-08T08:28:55Z,.merge/agent-M2-08/crates/sverb-tui/src/app/mod.rs,mod forwards; UiEvent/timer arms; lock transition; take_forwards_request
crates/sverb-tui/src/app/event.rs,agent-M2-08,M2-08,copy,2026-10-08T08:28:55Z,.merge/agent-M2-08/crates/sverb-tui/src/app/event.rs,UiEvent::Forwards + TimerKind::ForwardsRefresh (appended)
crates/sverb-tui/src/app/shell.rs,agent-M2-08,M2-08,copy,2026-10-08T08:28:55Z,.merge/agent-M2-08/crates/sverb-tui/src/app/shell.rs,Forwards section focus/render/detail; status bar forwards segment
crates/sverb-tui/src/app/input.rs,agent-M2-08,M2-08,copy,2026-10-08T08:28:55Z,.merge/agent-M2-08/crates/sverb-tui/src/app/input.rs,DialogKind::Forward wants_text; Forwards insert_mode
crates/sverb-tui/src/app/effect.rs,agent-M2-08,M2-08,copy,2026-10-08T08:28:55Z,.merge/agent-M2-08/crates/sverb-tui/src/app/effect.rs,Effect::Forwards appended (copy: needs copy-only app/forwards.rs)
crates/sverb-tui/src/views/dialogs.rs,agent-M2-08,M2-08,copy,2026-10-08T08:28:55Z,.merge/agent-M2-08/crates/sverb-tui/src/views/dialogs.rs,DialogKind::Forward + arms (copy: needs Effect::Forwards)
crates/sverb-tui/src/services/mod.rs,agent-M2-08,M2-08,copy,2026-10-08T08:28:55Z,.merge/agent-M2-08/crates/sverb-tui/src/services/mod.rs,ForwardsService field/attach/execute arm (copy)
crates/sverb-tui/src/app/forwards.rs,agent-M2-08,M2-08,copy,2026-10-08T08:28:55Z,.merge/agent-M2-08/crates/sverb-tui/src/app/forwards.rs,new file kept in the copy folder (needs copy wiring)
crates/sverb-tui/src/app/forwards_tests.rs,agent-M2-08,M2-08,copy,2026-10-08T08:28:55Z,.merge/agent-M2-08/crates/sverb-tui/src/app/forwards_tests.rs,new file kept in the copy folder (needs copy wiring)
crates/sverb-tui/src/services/forwards.rs,agent-M2-08,M2-08,copy,2026-10-08T08:28:55Z,.merge/agent-M2-08/crates/sverb-tui/src/services/forwards.rs,new file kept in the copy folder (needs copy wiring)
crates/sverb-tui/src/views/shell.rs,agent-M2-08,M2-08,released,2026-10-08T08:28:55Z,,not needed
crates/sverb-conn/src/lib.rs,agent-M2-08,M2-08,locked,2026-10-08T08:29:01Z,,pub mod forward
crates/sverb-conn/src/lib.rs,agent-M2-08,M2-08,copy,2026-10-08T08:29:01Z,.merge/agent-M2-08/crates/sverb-conn/src/lib.rs,pub mod forward (replaces the transport.rs bridge)
crates/sverb-conn/src/lib.rs,agent-M2-08,M2-08,modified,2026-10-08T08:29:12Z,,pub mod forward (M2-08)
crates/sverb-tui/tests/keychain.rs,agent-M2-03,M2-03,locked,2026-10-08T08:29:52Z,,keychain service integration tests
crates/sverb-tui/tests/keychain.rs,agent-M2-03,M2-03,modified,2026-10-08T08:29:52Z,,new integration test
crates/sverb-tui/src/app/input.rs,agent-M3-04,M3-04,copy,2026-10-08T08:30:10Z,.merge/agent-M3-04/crates/sverb-tui/src/app/input.rs,copy-mode key hook; enter_copy_mode; copy_on_config; link status hint; terminal key clears mouse selection
crates/sverb-tui/src/app/effect.rs,agent-M3-04,M3-04,copy,2026-10-08T08:30:10Z,.merge/agent-M3-04/crates/sverb-tui/src/app/effect.rs,Effect::OpenUrl (append; M3-04 block)
crates/sverb-tui/src/app/event.rs,agent-M3-04,M3-04,copy,2026-10-08T08:30:10Z,.merge/agent-M3-04/crates/sverb-tui/src/app/event.rs,TimerKind::MultiClick (append)
crates/sverb-tui/src/app/mod.rs,agent-M3-04,M3-04,copy,2026-10-08T08:30:10Z,.merge/agent-M3-04/crates/sverb-tui/src/app/mod.rs,pub mod copy; App.copy field + init; on_timer MultiClick arm
crates/sverb-tui/src/services/mod.rs,agent-M3-04,M3-04,copy,2026-10-08T08:30:10Z,.merge/agent-M3-04/crates/sverb-tui/src/services/mod.rs,pub mod opener; opener field; with_url_opener; OpenUrl arm
crates/sverb-tui/src/app/tabs.rs,agent-M3-04,M3-04,copy,2026-10-08T08:30:10Z,.merge/agent-M3-04/crates/sverb-tui/src/app/tabs.rs,held by agent-M3-04; kept in the copy because it needs the copy-only wiring (App.copy; Effect::OpenUrl)
crates/sverb-tui/src/app/sessions.rs,agent-M3-04,M3-04,copy,2026-10-08T08:30:10Z,.merge/agent-M3-04/crates/sverb-tui/src/app/sessions.rs,held by agent-M3-04; kept in the copy because it needs the copy-only wiring (App.copy; Effect::OpenUrl)
crates/sverb-tui/src/app/panes.rs,agent-M3-04,M3-04,copy,2026-10-08T08:30:10Z,.merge/agent-M3-04/crates/sverb-tui/src/app/panes.rs,held by agent-M3-04; kept in the copy because it needs the copy-only wiring (App.copy; Effect::OpenUrl)
crates/sverb-tui/src/runtime/mod.rs,agent-M3-04,M3-04,copy,2026-10-08T08:30:10Z,.merge/agent-M3-04/crates/sverb-tui/src/runtime/mod.rs,held by agent-M3-04; kept in the copy because it needs the copy-only wiring (App.copy; Effect::OpenUrl)
crates/sverb-tui/src/app/copy.rs,agent-M3-04,M3-04,copy,2026-10-08T08:30:10Z,.merge/agent-M3-04/crates/sverb-tui/src/app/copy.rs,held by agent-M3-04; kept in the copy because it needs the copy-only wiring (App.copy; Effect::OpenUrl)
crates/sverb-tui/src/app/copy_tests.rs,agent-M3-04,M3-04,copy,2026-10-08T08:30:10Z,.merge/agent-M3-04/crates/sverb-tui/src/app/copy_tests.rs,held by agent-M3-04; kept in the copy because it needs the copy-only wiring (App.copy; Effect::OpenUrl)
crates/sverb-tui/src/services/opener.rs,agent-M3-04,M3-04,copy,2026-10-08T08:30:10Z,.merge/agent-M3-04/crates/sverb-tui/src/services/opener.rs,held by agent-M3-04; kept in the copy because it needs the copy-only wiring (App.copy; Effect::OpenUrl)
crates/sverb-tui/src/app/snapshots/sverb_tui__app__copy__tests__m3_04_t10_copy_mode_80x24.snap,agent-M3-04,M3-04,copy,2026-10-08T08:30:10Z,.merge/agent-M3-04/crates/sverb-tui/src/app/snapshots/sverb_tui__app__copy__tests__m3_04_t10_copy_mode_80x24.snap,held by agent-M3-04; kept in the copy because it needs the copy-only wiring (App.copy; Effect::OpenUrl)
crates/sverb-tui/src/services/ssh.rs,agent-M2-03,M2-03,locked,2026-10-08T08:31:21Z,,agent-ref key material
crates/sverb-tui/src/services/ssh.rs,agent-M2-03,M2-03,modified,2026-10-08T08:31:34Z,,agent-ref key material; key-file import via keychain
.gitleaks.toml,agent-M2-03,M2-03,locked,2026-10-08T08:33:19Z,,keychain fixtures / docs
.github/secret_scanning.yml,agent-M2-03,M2-03,locked,2026-10-08T08:33:19Z,,keychain fixtures / docs
docs/data-model.md,agent-M2-03,M2-03,locked,2026-10-08T08:33:19Z,,keychain fixtures / docs
.gitleaks.toml,agent-M2-03,M2-03,modified,2026-10-08T08:33:25Z,,M2-03 fixtures allowlist / agent_ref doc
.github/secret_scanning.yml,agent-M2-03,M2-03,modified,2026-10-08T08:33:25Z,,M2-03 fixtures allowlist / agent_ref doc
docs/data-model.md,agent-M2-03,M2-03,modified,2026-10-08T08:33:25Z,,M2-03 fixtures allowlist / agent_ref doc
crates/sverb/src/cli/keys.rs,agent-M2-03,M2-03,locked,2026-10-08T08:33:37Z,,sverb keys list|generate|import|export
crates/sverb-tui/src/keymap/validate.rs,agent-M3-04,M3-04,copy,2026-10-08T08:35:26Z,.merge/agent-M3-04/crates/sverb-tui/src/keymap/validate.rs,modes() + copy; copy actions (kept in the copy with keymap/tests.rs so the in-tree tests stay green)
crates/sverb-tui/src/keymap/dump.rs,agent-M3-04,M3-04,locked,2026-10-08T08:37:02Z,,copy-mode table in docs
docs/keybindings.md,agent-M3-04,M3-04,locked,2026-10-08T08:37:02Z,,regenerated with copy-mode table
crates/sverb-tui/src/keymap/dump.rs,agent-M3-04,M3-04,modified,2026-10-08T08:37:59Z,,copy-mode table in the generated docs
docs/keybindings.md,agent-M3-04,M3-04,modified,2026-10-08T08:37:59Z,,regenerated (copy-mode table)
crates/sverb/src/cli/snapshots/help@local.snap,agent-M2-03,M2-03,locked,2026-10-08T08:41:54Z,,keys help text
crates/sverb/src/cli/snapshots/help@local.snap,agent-M2-03,M2-03,copy,2026-10-08T08:41:54Z,.merge/agent-M2-03/crates/sverb/src/cli/snapshots/help@local.snap,keys help: --json/--comment/--no-passphrase/--label/--output
crates/sverb/src/cli/snapshots/help@sync.snap,agent-M2-03,M2-03,locked,2026-10-08T08:41:54Z,,keys help text
crates/sverb/src/cli/snapshots/help@sync.snap,agent-M2-03,M2-03,copy,2026-10-08T08:41:54Z,.merge/agent-M2-03/crates/sverb/src/cli/snapshots/help@sync.snap,keys help: --json/--comment/--no-passphrase/--label/--output
crates/sverb/src/cli/keys.rs,agent-M2-03,M2-03,copy,2026-10-08T08:41:54Z,.merge/agent-M2-03/crates/sverb/src/cli/keys.rs,keys list|generate|import|export (needs the mod.rs .await + tests.rs copies)
crates/sverb/src/cli/mod.rs,agent-M2-03,M2-03,copy,2026-10-08T08:41:54Z,.merge/agent-M2-03/crates/sverb/src/cli/mod.rs,keys::run(..).await
crates/sverb/src/cli/tests.rs,agent-M2-03,M2-03,copy,2026-10-08T08:41:54Z,.merge/agent-M2-03/crates/sverb/src/cli/tests.rs,KeysCmd literals + stub list
crates/sverb-core/src/keychain/cert.rs,agent-M2-03,M2-03,modified,2026-10-08T08:45:15Z,,new keychain module
crates/sverb-core/src/keychain/export.rs,agent-M2-03,M2-03,modified,2026-10-08T08:45:15Z,,new keychain module
crates/sverb-core/src/keychain/formats/mod.rs,agent-M2-03,M2-03,modified,2026-10-08T08:45:15Z,,new keychain module
crates/sverb-core/src/keychain/formats/openssh.rs,agent-M2-03,M2-03,modified,2026-10-08T08:45:15Z,,new keychain module
crates/sverb-core/src/keychain/formats/pem.rs,agent-M2-03,M2-03,modified,2026-10-08T08:45:15Z,,new keychain module
crates/sverb-core/src/keychain/formats/pkcs8.rs,agent-M2-03,M2-03,modified,2026-10-08T08:45:15Z,,new keychain module
crates/sverb-core/src/keychain/generate.rs,agent-M2-03,M2-03,modified,2026-10-08T08:45:15Z,,new keychain module
crates/sverb-core/src/keychain/import.rs,agent-M2-03,M2-03,modified,2026-10-08T08:45:15Z,,new keychain module
crates/sverb-core/src/keychain/mod.rs,agent-M2-03,M2-03,modified,2026-10-08T08:45:15Z,,new keychain module
crates/sverb-core/src/keychain/tests.rs,agent-M2-03,M2-03,modified,2026-10-08T08:45:15Z,,new keychain module
crates/sverb-core/src/model/items.rs,agent-M2-03,M2-03,modified,2026-10-08T08:45:15Z,,Key::is_agent_ref + agent_ref flag written
crates/sverb-conn/src/ssh/auth.rs,agent-M2-03,M2-03,released,2026-10-08T08:46:50Z,,orchestrator: in-place part complete
crates/sverb-conn/src/ssh/auth_tests.rs,agent-M2-03,M2-03,released,2026-10-08T08:46:50Z,,orchestrator: in-place part complete
crates/sverb-conn/src/ssh/keyfile.rs,agent-M2-03,M2-03,released,2026-10-08T08:46:50Z,,orchestrator: in-place part complete
crates/sverb-core/Cargo.toml,agent-M2-03,M2-03,released,2026-10-08T08:46:50Z,,orchestrator: in-place part complete
crates/sverb-core/src/keychain/cert.rs,agent-M2-03,M2-03,released,2026-10-08T08:46:50Z,,orchestrator: in-place part complete
crates/sverb-core/src/keychain/export.rs,agent-M2-03,M2-03,released,2026-10-08T08:46:50Z,,orchestrator: in-place part complete
crates/sverb-core/src/keychain/formats/mod.rs,agent-M2-03,M2-03,released,2026-10-08T08:46:50Z,,orchestrator: in-place part complete
crates/sverb-core/src/keychain/formats/openssh.rs,agent-M2-03,M2-03,released,2026-10-08T08:46:50Z,,orchestrator: in-place part complete
crates/sverb-core/src/keychain/formats/pem.rs,agent-M2-03,M2-03,released,2026-10-08T08:46:50Z,,orchestrator: in-place part complete
crates/sverb-core/src/keychain/formats/pkcs8.rs,agent-M2-03,M2-03,released,2026-10-08T08:46:50Z,,orchestrator: in-place part complete
crates/sverb-core/src/keychain/generate.rs,agent-M2-03,M2-03,released,2026-10-08T08:46:50Z,,orchestrator: in-place part complete
crates/sverb-core/src/keychain/import.rs,agent-M2-03,M2-03,released,2026-10-08T08:46:50Z,,orchestrator: in-place part complete
crates/sverb-core/src/keychain/mod.rs,agent-M2-03,M2-03,released,2026-10-08T08:46:50Z,,orchestrator: in-place part complete
crates/sverb-core/src/keychain/tests.rs,agent-M2-03,M2-03,released,2026-10-08T08:46:50Z,,orchestrator: in-place part complete
crates/sverb-core/src/lib.rs,agent-M2-03,M2-03,released,2026-10-08T08:46:50Z,,orchestrator: in-place part complete
crates/sverb-core/src/model/items.rs,agent-M2-03,M2-03,released,2026-10-08T08:46:50Z,,orchestrator: in-place part complete
crates/sverb-tui/src/app/hosts.rs,agent-M2-03,M2-03,released,2026-10-08T08:46:50Z,,orchestrator: in-place part complete
crates/sverb-tui/src/app/keychain/keys.rs,agent-M2-03,M2-03,released,2026-10-08T08:46:50Z,,orchestrator: in-place part complete
crates/sverb-tui/src/app/keychain/keys_tests.rs,agent-M2-03,M2-03,released,2026-10-08T08:46:50Z,,orchestrator: in-place part complete
crates/sverb-tui/src/app/keychain.rs,agent-M2-03,M2-03,released,2026-10-08T08:46:50Z,,orchestrator: in-place part complete
crates/sverb-tui/src/app/keychain_tests.rs,agent-M2-03,M2-03,released,2026-10-08T08:46:51Z,,orchestrator: in-place part complete
crates/sverb-tui/src/app/vault.rs,agent-M2-03,M2-03,released,2026-10-08T08:46:51Z,,orchestrator: in-place part complete
crates/sverb-tui/src/services/ssh.rs,agent-M2-03,M2-03,released,2026-10-08T08:46:51Z,,orchestrator: in-place part complete
crates/sverb-tui/src/services/vault/items/keychain.rs,agent-M2-03,M2-03,released,2026-10-08T08:46:51Z,,orchestrator: in-place part complete
crates/sverb-tui/src/services/vault/items.rs,agent-M2-03,M2-03,released,2026-10-08T08:46:51Z,,orchestrator: in-place part complete
crates/sverb-tui/src/views/hosts/catalog.rs,agent-M2-03,M2-03,released,2026-10-08T08:46:51Z,,orchestrator: in-place part complete
crates/sverb-tui/src/views/keychain/certs.rs,agent-M2-03,M2-03,released,2026-10-08T08:46:51Z,,orchestrator: in-place part complete
crates/sverb-tui/src/views/keychain/generate_form.rs,agent-M2-03,M2-03,released,2026-10-08T08:46:51Z,,orchestrator: in-place part complete
crates/sverb-tui/src/views/keychain/identity_form.rs,agent-M2-03,M2-03,released,2026-10-08T08:46:51Z,,orchestrator: in-place part complete
crates/sverb-tui/src/views/keychain/import_dialog.rs,agent-M2-03,M2-03,released,2026-10-08T08:46:51Z,,orchestrator: in-place part complete
crates/sverb-tui/src/views/keychain/keys.rs,agent-M2-03,M2-03,released,2026-10-08T08:46:51Z,,orchestrator: in-place part complete
crates/sverb-tui/src/views/keychain/mod.rs,agent-M2-03,M2-03,released,2026-10-08T08:46:51Z,,orchestrator: in-place part complete
crates/sverb-tui/src/views/keychain/snapshots/sverb_tui__views__keychain__tests__t14_keys_160x48.snap,agent-M2-03,M2-03,released,2026-10-08T08:46:51Z,,orchestrator: in-place part complete
crates/sverb-tui/src/views/keychain/tests.rs,agent-M2-03,M2-03,released,2026-10-08T08:46:51Z,,orchestrator: in-place part complete
crates/sverb-tui/tests/keychain.rs,agent-M2-03,M2-03,released,2026-10-08T08:46:51Z,,orchestrator: in-place part complete
docs/data-model.md,agent-M2-03,M2-03,released,2026-10-08T08:46:51Z,,orchestrator: in-place part complete
.github/secret_scanning.yml,agent-M2-03,M2-03,released,2026-10-08T08:46:51Z,,orchestrator: in-place part complete
.gitleaks.toml,agent-M2-03,M2-03,released,2026-10-08T08:46:51Z,,orchestrator: in-place part complete
tests/fixtures/keys/agent_ref.pub,agent-M2-03,M2-03,released,2026-10-08T08:46:51Z,,orchestrator: in-place part complete
tests/fixtures/keys/fingerprints.txt,agent-M2-03,M2-03,released,2026-10-08T08:46:51Z,,orchestrator: in-place part complete
tests/fixtures/keys/id_cert-cert.pub,agent-M2-03,M2-03,released,2026-10-08T08:46:51Z,,orchestrator: in-place part complete
tests/fixtures/keys/id_cert.pub,agent-M2-03,M2-03,released,2026-10-08T08:46:51Z,,orchestrator: in-place part complete
tests/fixtures/keys/openssh_ecdsa256,agent-M2-03,M2-03,released,2026-10-08T08:46:51Z,,orchestrator: in-place part complete
tests/fixtures/keys/openssh_ed25519,agent-M2-03,M2-03,released,2026-10-08T08:46:51Z,,orchestrator: in-place part complete
tests/fixtures/keys/openssh_ed25519_enc,agent-M2-03,M2-03,released,2026-10-08T08:46:51Z,,orchestrator: in-place part complete
tests/fixtures/keys/openssh_rsa_enc,agent-M2-03,M2-03,released,2026-10-08T08:46:51Z,,orchestrator: in-place part complete
tests/fixtures/keys/pkcs1_rsa_des3.pem,agent-M2-03,M2-03,released,2026-10-08T08:46:51Z,,orchestrator: in-place part complete
tests/fixtures/keys/pkcs1_rsa_enc.pem,agent-M2-03,M2-03,released,2026-10-08T08:46:51Z,,orchestrator: in-place part complete
tests/fixtures/keys/pkcs1_rsa.pem,agent-M2-03,M2-03,released,2026-10-08T08:46:51Z,,orchestrator: in-place part complete
tests/fixtures/keys/pkcs8_ed25519_enc.pem,agent-M2-03,M2-03,released,2026-10-08T08:46:51Z,,orchestrator: in-place part complete
tests/fixtures/keys/pkcs8_ed25519.pem,agent-M2-03,M2-03,released,2026-10-08T08:46:51Z,,orchestrator: in-place part complete
tests/fixtures/keys/pkcs8_p256.pem,agent-M2-03,M2-03,released,2026-10-08T08:46:51Z,,orchestrator: in-place part complete
tests/fixtures/keys/pkcs8_p521_enc.pem,agent-M2-03,M2-03,released,2026-10-08T08:46:51Z,,orchestrator: in-place part complete
tests/fixtures/keys/pkcs8_rsa_enc.pem,agent-M2-03,M2-03,released,2026-10-08T08:46:51Z,,orchestrator: in-place part complete
tests/fixtures/keys/pkcs8_rsa.pem,agent-M2-03,M2-03,released,2026-10-08T08:46:51Z,,orchestrator: in-place part complete
tests/fixtures/keys/sec1_p256.pem,agent-M2-03,M2-03,released,2026-10-08T08:46:52Z,,orchestrator: in-place part complete
tests/fixtures/keys/sec1_p384_enc.pem,agent-M2-03,M2-03,released,2026-10-08T08:46:52Z,,orchestrator: in-place part complete
tests/fixtures/keys/sec1_p384.pem,agent-M2-03,M2-03,released,2026-10-08T08:46:52Z,,orchestrator: in-place part complete
tests/fixtures/keys/sec1_p521.pem,agent-M2-03,M2-03,released,2026-10-08T08:46:52Z,,orchestrator: in-place part complete
tests/fixtures/keys/user_ca.pub,agent-M2-03,M2-03,released,2026-10-08T08:46:52Z,,orchestrator: in-place part complete
crates/sverb-core/src/config/default_config.toml,agent-M3-04,M3-04,released,2026-10-08T08:49:09Z,,orchestrator: in-place part complete
crates/sverb-core/src/config/model.rs,agent-M3-04,M3-04,released,2026-10-08T08:49:09Z,,orchestrator: in-place part complete
crates/sverb-core/src/config/mod.rs,agent-M3-04,M3-04,released,2026-10-08T08:49:09Z,,orchestrator: in-place part complete
crates/sverb-core/src/config/tests.rs,agent-M3-04,M3-04,released,2026-10-08T08:49:09Z,,orchestrator: in-place part complete
crates/sverb-term/src/alacritty/mod.rs,agent-M3-04,M3-04,released,2026-10-08T08:49:09Z,,orchestrator: in-place part complete
crates/sverb-term/src/emulator.rs,agent-M3-04,M3-04,released,2026-10-08T08:49:09Z,,orchestrator: in-place part complete
crates/sverb-term/src/lib.rs,agent-M3-04,M3-04,released,2026-10-08T08:49:09Z,,orchestrator: in-place part complete
crates/sverb-term/src/search.rs,agent-M3-04,M3-04,released,2026-10-08T08:49:09Z,,orchestrator: in-place part complete
crates/sverb-term/src/selection.rs,agent-M3-04,M3-04,released,2026-10-08T08:49:09Z,,orchestrator: in-place part complete
crates/sverb-tui/Cargo.toml,agent-M3-04,M3-04,released,2026-10-08T08:49:09Z,,orchestrator: in-place part complete
crates/sverb-tui/src/keymap/dump.rs,agent-M3-04,M3-04,released,2026-10-08T08:49:09Z,,orchestrator: in-place part complete
crates/sverb-tui/src/views/sessions/copy_mode.rs,agent-M3-04,M3-04,released,2026-10-08T08:49:09Z,,orchestrator: in-place part complete
crates/sverb-tui/src/views/sessions/mod.rs,agent-M3-04,M3-04,released,2026-10-08T08:49:09Z,,orchestrator: in-place part complete
crates/sverb-tui/src/widgets/terminal_pane.rs,agent-M3-04,M3-04,released,2026-10-08T08:49:09Z,,orchestrator: in-place part complete
docs/config.schema.json,agent-M3-04,M3-04,released,2026-10-08T08:49:09Z,,orchestrator: in-place part complete
docs/keybindings.md,agent-M3-04,M3-04,released,2026-10-08T08:49:09Z,,orchestrator: in-place part complete
crates/sverb/Cargo.toml,agent-M2-08,M2-08,released,2026-10-08T08:51:06Z,,orchestrator: in-place part complete
crates/sverb-conn/src/forward/approval.rs,agent-M2-08,M2-08,released,2026-10-08T08:51:06Z,,orchestrator: in-place part complete
crates/sverb-conn/src/forward/dynamic.rs,agent-M2-08,M2-08,released,2026-10-08T08:51:06Z,,orchestrator: in-place part complete
crates/sverb-conn/src/forward/local.rs,agent-M2-08,M2-08,released,2026-10-08T08:51:06Z,,orchestrator: in-place part complete
crates/sverb-conn/src/forward/manager.rs,agent-M2-08,M2-08,released,2026-10-08T08:51:06Z,,orchestrator: in-place part complete
crates/sverb-conn/src/forward/mod.rs,agent-M2-08,M2-08,released,2026-10-08T08:51:06Z,,orchestrator: in-place part complete
crates/sverb-conn/src/forward/remote.rs,agent-M2-08,M2-08,released,2026-10-08T08:51:06Z,,orchestrator: in-place part complete
crates/sverb-conn/src/forward/socks.rs,agent-M2-08,M2-08,released,2026-10-08T08:51:06Z,,orchestrator: in-place part complete
crates/sverb-conn/src/forward/socks_server.rs,agent-M2-08,M2-08,released,2026-10-08T08:51:06Z,,orchestrator: in-place part complete
crates/sverb-conn/src/forward/ssh_glue.rs,agent-M2-08,M2-08,released,2026-10-08T08:51:06Z,,orchestrator: in-place part complete
crates/sverb-conn/src/forward/tests.rs,agent-M2-08,M2-08,released,2026-10-08T08:51:06Z,,orchestrator: in-place part complete
crates/sverb-conn/src/lib.rs,agent-M2-08,M2-08,released,2026-10-08T08:51:06Z,,orchestrator: in-place part complete
crates/sverb-conn/src/manager.rs,agent-M2-08,M2-08,released,2026-10-08T08:51:06Z,,orchestrator: in-place part complete
crates/sverb-conn/src/session/actor.rs,agent-M2-08,M2-08,released,2026-10-08T08:51:06Z,,orchestrator: in-place part complete
crates/sverb-conn/src/ssh/connect.rs,agent-M2-08,M2-08,released,2026-10-08T08:51:06Z,,orchestrator: in-place part complete
crates/sverb-conn/src/ssh/handler.rs,agent-M2-08,M2-08,released,2026-10-08T08:51:06Z,,orchestrator: in-place part complete
crates/sverb-conn/src/ssh/testing.rs,agent-M2-08,M2-08,released,2026-10-08T08:51:06Z,,orchestrator: in-place part complete
crates/sverb-conn/src/transport.rs,agent-M2-08,M2-08,released,2026-10-08T08:51:06Z,,orchestrator: in-place part complete
crates/sverb/src/cli/forward.rs,agent-M2-08,M2-08,released,2026-10-08T08:51:06Z,,orchestrator: in-place part complete
crates/sverb/src/cli/mod.rs,agent-M2-08,M2-08,released,2026-10-08T08:51:06Z,,orchestrator: in-place part complete
crates/sverb/src/cli/tests.rs,agent-M2-08,M2-08,released,2026-10-08T08:51:06Z,,orchestrator: in-place part complete
crates/sverb/src/cli/vault.rs,agent-M2-08,M2-08,released,2026-10-08T08:51:06Z,,orchestrator: in-place part complete
crates/sverb/tests/forward.rs,agent-M2-08,M2-08,released,2026-10-08T08:51:06Z,,orchestrator: in-place part complete
crates/sverb-tui/src/services/sessions.rs,agent-M2-08,M2-08,released,2026-10-08T08:51:06Z,,orchestrator: in-place part complete
crates/sverb-tui/src/services/vault.rs,agent-M2-08,M2-08,released,2026-10-08T08:51:06Z,,orchestrator: in-place part complete
crates/sverb-tui/src/views/forwards.rs,agent-M2-08,M2-08,released,2026-10-08T08:51:06Z,,orchestrator: in-place part complete
crates/sverb-tui/src/views/mod.rs,agent-M2-08,M2-08,released,2026-10-08T08:51:06Z,,orchestrator: in-place part complete
fuzz/fuzz_targets/socks5_request.rs,agent-M2-08,M2-08,released,2026-10-08T08:51:07Z,,orchestrator: in-place part complete
crates/sverb-tui/src/app/effect.rs,agent-M2-08,M2-08,released,2026-10-08T08:51:07Z,,orchestrator merging
crates/sverb-tui/src/app/event.rs,agent-M2-08,M2-08,released,2026-10-08T08:51:07Z,,orchestrator merging
crates/sverb-tui/src/app/forwards.rs,agent-M2-08,M2-08,released,2026-10-08T08:51:07Z,,orchestrator merging
crates/sverb-tui/src/app/forwards_tests.rs,agent-M2-08,M2-08,released,2026-10-08T08:51:07Z,,orchestrator merging
crates/sverb-tui/src/app/input.rs,agent-M2-08,M2-08,released,2026-10-08T08:51:07Z,,orchestrator merging
crates/sverb-tui/src/app/mod.rs,agent-M2-08,M2-08,released,2026-10-08T08:51:07Z,,orchestrator merging
crates/sverb-tui/src/app/shell.rs,agent-M2-08,M2-08,released,2026-10-08T08:51:07Z,,orchestrator merging
crates/sverb-tui/src/services/forwards.rs,agent-M2-08,M2-08,released,2026-10-08T08:51:07Z,,orchestrator merging
crates/sverb-tui/src/services/mod.rs,agent-M2-08,M2-08,released,2026-10-08T08:51:07Z,,orchestrator merging
crates/sverb-tui/src/views/dialogs.rs,agent-M2-08,M2-08,released,2026-10-08T08:51:07Z,,orchestrator merging
crates/sverb-tui/src/app/shell.rs,orchestrator,MERGE-M2-08,locked,2026-10-08T08:51:07Z,,merge
crates/sverb-tui/src/app/forwards.rs,orchestrator,MERGE-M2-08,locked,2026-10-08T08:51:07Z,,merge
crates/sverb-tui/src/app/forwards_tests.rs,orchestrator,MERGE-M2-08,locked,2026-10-08T08:51:07Z,,merge
crates/sverb-tui/src/views/dialogs.rs,orchestrator,MERGE-M2-08,locked,2026-10-08T08:51:07Z,,merge
crates/sverb-tui/src/services/forwards.rs,orchestrator,MERGE-M2-08,locked,2026-10-08T08:51:07Z,,merge
crates/sverb-conn/src/ssh/connect.rs,agent-M2-06,M2-06,released,2026-10-08T08:51:18Z,,orchestrator merging
crates/sverb-conn/src/ssh/connect.rs,orchestrator,MERGE-M2-06,locked,2026-10-08T08:51:18Z,,merge
crates/sverb-conn/src/proxy/connector_tests.rs,orchestrator,MERGE-M2-06,locked,2026-10-08T08:51:18Z,,merge
crates/sverb-conn/src/proxy/mod.rs,orchestrator,MERGE-M2-06,locked,2026-10-08T08:51:19Z,,merge
crates/sverb/src/cli/keys.rs,agent-M2-03,M2-03,released,2026-10-08T08:51:30Z,,orchestrator merging
crates/sverb/src/cli/mod.rs,agent-M2-03,M2-03,released,2026-10-08T08:51:30Z,,orchestrator merging
crates/sverb/src/cli/snapshots/help@local.snap,agent-M2-03,M2-03,released,2026-10-08T08:51:30Z,,orchestrator merging
crates/sverb/src/cli/snapshots/help@sync.snap,agent-M2-03,M2-03,released,2026-10-08T08:51:30Z,,orchestrator merging
crates/sverb/src/cli/tests.rs,agent-M2-03,M2-03,released,2026-10-08T08:51:30Z,,orchestrator merging
crates/sverb/src/cli/mod.rs,orchestrator,MERGE-M2-03,locked,2026-10-08T08:51:30Z,,merge
crates/sverb/src/cli/tests.rs,orchestrator,MERGE-M2-03,locked,2026-10-08T08:51:30Z,,merge
crates/sverb/src/cli/snapshots/help@local.snap,orchestrator,MERGE-M2-03,locked,2026-10-08T08:51:30Z,,merge
crates/sverb/src/cli/snapshots/help@sync.snap,orchestrator,MERGE-M2-03,locked,2026-10-08T08:51:30Z,,merge
crates/sverb/src/cli/keys.rs,orchestrator,MERGE-M2-03,locked,2026-10-08T08:51:31Z,,merge
crates/sverb-tui/src/app/copy.rs,agent-M3-04,M3-04,released,2026-10-08T08:51:51Z,,orchestrator merging
crates/sverb-tui/src/app/copy_tests.rs,agent-M3-04,M3-04,released,2026-10-08T08:51:51Z,,orchestrator merging
crates/sverb-tui/src/app/effect.rs,agent-M3-04,M3-04,released,2026-10-08T08:51:51Z,,orchestrator merging
crates/sverb-tui/src/app/event.rs,agent-M3-04,M3-04,released,2026-10-08T08:51:51Z,,orchestrator merging
crates/sverb-tui/src/app/input.rs,agent-M3-04,M3-04,released,2026-10-08T08:51:51Z,,orchestrator merging
crates/sverb-tui/src/app/mod.rs,agent-M3-04,M3-04,released,2026-10-08T08:51:51Z,,orchestrator merging
crates/sverb-tui/src/app/panes.rs,agent-M3-04,M3-04,released,2026-10-08T08:51:51Z,,orchestrator merging
crates/sverb-tui/src/app/sessions.rs,agent-M3-04,M3-04,released,2026-10-08T08:51:51Z,,orchestrator merging
crates/sverb-tui/src/app/snapshots/sverb_tui__app__copy__tests__m3_04_t10_copy_mode_80x24.snap,agent-M3-04,M3-04,released,2026-10-08T08:51:51Z,,orchestrator merging
crates/sverb-tui/src/app/tabs.rs,agent-M3-04,M3-04,released,2026-10-08T08:51:51Z,,orchestrator merging
crates/sverb-tui/src/keymap/tests.rs,agent-M3-04,M3-04,released,2026-10-08T08:51:51Z,,orchestrator merging
crates/sverb-tui/src/keymap/validate.rs,agent-M3-04,M3-04,released,2026-10-08T08:51:51Z,,orchestrator merging
crates/sverb-tui/src/runtime/mod.rs,agent-M3-04,M3-04,released,2026-10-08T08:51:51Z,,orchestrator merging
crates/sverb-tui/src/services/mod.rs,agent-M3-04,M3-04,released,2026-10-08T08:51:51Z,,orchestrator merging
crates/sverb-tui/src/services/opener.rs,agent-M3-04,M3-04,released,2026-10-08T08:51:51Z,,orchestrator merging
crates/sverb-tui/src/keymap/tests.rs,orchestrator,MERGE-M3-04,locked,2026-10-08T08:51:51Z,,merge
crates/sverb-tui/src/keymap/validate.rs,orchestrator,MERGE-M3-04,locked,2026-10-08T08:51:51Z,,merge
crates/sverb-tui/src/app/input.rs,orchestrator,MERGE-M3-04,locked,2026-10-08T08:51:51Z,,merge
crates/sverb-tui/src/app/effect.rs,orchestrator,MERGE-M3-04,locked,2026-10-08T08:51:51Z,,merge
crates/sverb-tui/src/app/event.rs,orchestrator,MERGE-M3-04,locked,2026-10-08T08:51:52Z,,merge
crates/sverb-tui/src/app/mod.rs,orchestrator,MERGE-M3-04,locked,2026-10-08T08:51:52Z,,merge
crates/sverb-tui/src/app/tabs.rs,orchestrator,MERGE-M3-04,locked,2026-10-08T08:51:52Z,,merge
crates/sverb-tui/src/app/sessions.rs,orchestrator,MERGE-M3-04,locked,2026-10-08T08:51:52Z,,merge
crates/sverb-tui/src/app/panes.rs,orchestrator,MERGE-M3-04,locked,2026-10-08T08:51:52Z,,merge
crates/sverb-tui/src/app/copy.rs,orchestrator,MERGE-M3-04,locked,2026-10-08T08:51:52Z,,merge
crates/sverb-tui/src/app/copy_tests.rs,orchestrator,MERGE-M3-04,locked,2026-10-08T08:51:52Z,,merge
crates/sverb-tui/src/app/snapshots/sverb_tui__app__copy__tests__m3_04_t10_copy_mode_80x24.snap,orchestrator,MERGE-M3-04,locked,2026-10-08T08:51:52Z,,merge
crates/sverb-tui/src/services/mod.rs,orchestrator,MERGE-M3-04,locked,2026-10-08T08:51:52Z,,merge
crates/sverb-tui/src/services/opener.rs,orchestrator,MERGE-M3-04,locked,2026-10-08T08:51:52Z,,merge
crates/sverb-tui/src/runtime/mod.rs,orchestrator,MERGE-M3-04,locked,2026-10-08T08:51:52Z,,merge
crates/sverb-core/src/shell_quote.rs,agent-M2-04,M2-04,locked,2026-10-08T08:51:56Z,,exec channels and install key
crates/sverb-core/src/lib.rs,agent-M2-04,M2-04,locked,2026-10-08T08:51:57Z,,exec channels and install key
crates/sverb-conn/src/ssh/exec.rs,agent-M2-04,M2-04,locked,2026-10-08T08:51:57Z,,exec channels and install key
crates/sverb-conn/src/ssh/install_key.rs,agent-M2-04,M2-04,locked,2026-10-08T08:51:57Z,,exec channels and install key
crates/sverb-conn/src/ssh/exec_testing.rs,agent-M2-04,M2-04,locked,2026-10-08T08:51:57Z,,exec channels and install key
crates/sverb-conn/src/ssh/exec_tests.rs,agent-M2-04,M2-04,locked,2026-10-08T08:51:57Z,,exec channels and install key
crates/sverb-conn/src/ssh/mod.rs,agent-M2-04,M2-04,locked,2026-10-08T08:51:57Z,,exec channels and install key
crates/sverb-core/src/lib.rs,agent-M2-04,M2-04,modified,2026-10-08T08:52:18Z,,pub mod shell_quote
crates/sverb-core/src/shell_quote.rs,agent-M2-04,M2-04,modified,2026-10-08T08:52:18Z,,new module
crates/sverb-conn/src/proxy/connector_tests.rs,orchestrator,MERGE,released,2026-10-08T08:52:53Z,,merged
crates/sverb-conn/src/proxy/mod.rs,orchestrator,MERGE,released,2026-10-08T08:52:53Z,,merged
crates/sverb-conn/src/ssh/connect.rs,orchestrator,MERGE,released,2026-10-08T08:52:53Z,,merged
crates/sverb/src/cli/keys.rs,orchestrator,MERGE,released,2026-10-08T08:52:53Z,,merged
crates/sverb/src/cli/mod.rs,orchestrator,MERGE,released,2026-10-08T08:52:53Z,,merged
crates/sverb/src/cli/snapshots/help@local.snap,orchestrator,MERGE,released,2026-10-08T08:52:53Z,,merged
crates/sverb/src/cli/snapshots/help@sync.snap,orchestrator,MERGE,released,2026-10-08T08:52:53Z,,merged
crates/sverb/src/cli/tests.rs,orchestrator,MERGE,released,2026-10-08T08:52:53Z,,merged
crates/sverb-tui/src/app/copy.rs,orchestrator,MERGE,released,2026-10-08T08:52:53Z,,merged
crates/sverb-tui/src/app/copy_tests.rs,orchestrator,MERGE,released,2026-10-08T08:52:53Z,,merged
crates/sverb-tui/src/app/effect.rs,orchestrator,MERGE,released,2026-10-08T08:52:53Z,,merged
crates/sverb-tui/src/app/event.rs,orchestrator,MERGE,released,2026-10-08T08:52:53Z,,merged
crates/sverb-tui/src/app/forwards.rs,orchestrator,MERGE,released,2026-10-08T08:52:53Z,,merged
crates/sverb-tui/src/app/forwards_tests.rs,orchestrator,MERGE,released,2026-10-08T08:52:53Z,,merged
crates/sverb-tui/src/app/input.rs,orchestrator,MERGE,released,2026-10-08T08:52:53Z,,merged
crates/sverb-tui/src/app/mod.rs,orchestrator,MERGE,released,2026-10-08T08:52:53Z,,merged
crates/sverb-tui/src/app/panes.rs,orchestrator,MERGE,released,2026-10-08T08:52:53Z,,merged
crates/sverb-tui/src/app/sessions.rs,orchestrator,MERGE,released,2026-10-08T08:52:53Z,,merged
crates/sverb-tui/src/app/shell.rs,orchestrator,MERGE,released,2026-10-08T08:52:53Z,,merged
crates/sverb-tui/src/app/snapshots/sverb_tui__app__copy__tests__m3_04_t10_copy_mode_80x24.snap,orchestrator,MERGE,released,2026-10-08T08:52:53Z,,merged
crates/sverb-tui/src/app/tabs.rs,orchestrator,MERGE,released,2026-10-08T08:52:53Z,,merged
crates/sverb-tui/src/keymap/tests.rs,orchestrator,MERGE,released,2026-10-08T08:52:53Z,,merged
crates/sverb-tui/src/keymap/validate.rs,orchestrator,MERGE,released,2026-10-08T08:52:53Z,,merged
crates/sverb-tui/src/runtime/mod.rs,orchestrator,MERGE,released,2026-10-08T08:52:53Z,,merged
crates/sverb-tui/src/services/forwards.rs,orchestrator,MERGE,released,2026-10-08T08:52:53Z,,merged
crates/sverb-tui/src/services/mod.rs,orchestrator,MERGE,released,2026-10-08T08:52:53Z,,merged
crates/sverb-tui/src/services/opener.rs,orchestrator,MERGE,released,2026-10-08T08:52:53Z,,merged
crates/sverb-tui/src/views/dialogs.rs,orchestrator,MERGE,released,2026-10-08T08:52:53Z,,merged
crates/sverb-conn/src/agent/mod.rs,agent-M2-07,M2-07,locked,2026-10-08T08:52:58Z,,new M2-07 agent module (needs lib.rs wiring held by M2-08)
crates/sverb-conn/src/agent/proto.rs,agent-M2-07,M2-07,locked,2026-10-08T08:52:59Z,,new M2-07 agent module (needs lib.rs wiring held by M2-08)
crates/sverb-conn/src/agent/builtin.rs,agent-M2-07,M2-07,locked,2026-10-08T08:52:59Z,,new M2-07 agent module (needs lib.rs wiring held by M2-08)
crates/sverb-conn/src/agent/confirm.rs,agent-M2-07,M2-07,locked,2026-10-08T08:52:59Z,,new M2-07 agent module (needs lib.rs wiring held by M2-08)
crates/sverb-conn/src/agent/forward.rs,agent-M2-07,M2-07,locked,2026-10-08T08:52:59Z,,new M2-07 agent module (needs lib.rs wiring held by M2-08)
crates/sverb-conn/src/agent/peercred.rs,agent-M2-07,M2-07,locked,2026-10-08T08:52:59Z,,new M2-07 agent module (needs lib.rs wiring held by M2-08)
crates/sverb-conn/src/agent/socket.rs,agent-M2-07,M2-07,locked,2026-10-08T08:52:59Z,,new M2-07 agent module (needs lib.rs wiring held by M2-08)
crates/sverb-conn/src/agent/control.rs,agent-M2-07,M2-07,locked,2026-10-08T08:52:59Z,,new M2-07 agent module (needs lib.rs wiring held by M2-08)
crates/sverb-conn/src/agent/pipe_windows.rs,agent-M2-07,M2-07,locked,2026-10-08T08:52:59Z,,new M2-07 agent module (needs lib.rs wiring held by M2-08)
crates/sverb-conn/src/agent/tests.rs,agent-M2-07,M2-07,locked,2026-10-08T08:52:59Z,,new M2-07 agent module (needs lib.rs wiring held by M2-08)
crates/sverb-conn/src/agent/loopback_tests.rs,agent-M2-07,M2-07,locked,2026-10-08T08:52:59Z,,new M2-07 agent module (needs lib.rs wiring held by M2-08)
crates/sverb-conn/src/ssh/exec.rs,agent-M2-04,M2-04,modified,2026-10-08T09:15:58Z,,new file
crates/sverb-conn/src/ssh/exec_testing.rs,agent-M2-04,M2-04,modified,2026-10-08T09:15:58Z,,new file
crates/sverb-conn/src/ssh/install_key.rs,agent-M2-04,M2-04,modified,2026-10-08T09:15:58Z,,new file
crates/sverb-conn/src/ssh/mod.rs,agent-M2-04,M2-04,modified,2026-10-08T09:16:03Z,,mod exec/install_key/exec_testing/exec_tests
crates/sverb-conn/src/lib.rs,agent-M2-07,M2-07,locked,2026-10-08T09:16:10Z,,pub mod agent
crates/sverb-conn/src/ssh/exec_tests.rs,agent-M2-04,M2-04,modified,2026-10-08T09:16:42Z,,new file
crates/sverb-conn/src/lib.rs,agent-M2-07,M2-07,modified,2026-10-08T09:17:27Z,,pub mod agent (M2-07)
crates/sverb-conn/Cargo.toml,agent-M2-07,M2-07,locked,2026-10-08T09:17:27Z,,tempfile dev-dep
crates/sverb-tui/src/widgets/results_table.rs,agent-M2-04,M2-04,locked,2026-10-08T09:18:48Z,,shared results table
crates/sverb-tui/src/widgets/mod.rs,agent-M2-04,M2-04,locked,2026-10-08T09:18:49Z,,pub mod results_table
crates/sverb-tui/src/widgets/mod.rs,agent-M2-04,M2-04,modified,2026-10-08T09:18:49Z,,pub mod results_table
crates/sverb-core/src/resolve.rs,agent-M2-05,M2-05,locked,2026-10-08T09:18:55Z,,jump chain expansion module decl
crates/sverb-core/src/resolve/chain.rs,agent-M2-05,M2-05,locked,2026-10-08T09:18:56Z,,expand_chain (new)
crates/sverb-tui/src/widgets/results_table.rs,agent-M2-04,M2-04,modified,2026-10-08T09:19:27Z,,new widget
crates/sverb-core/src/resolve.rs,agent-M2-05,M2-05,modified,2026-10-08T09:19:40Z,,pub mod chain + re-exports
crates/sverb-core/src/resolve/chain.rs,agent-M2-05,M2-05,modified,2026-10-08T09:19:40Z,,new expand_chain module
crates/sverb-conn/src/ssh/resolved.rs,agent-M2-07,M2-07,locked,2026-10-08T09:19:54Z,,agent_origin field
crates/sverb-tui/src/services/ssh.rs,agent-M2-07,M2-07,locked,2026-10-08T09:19:54Z,,agent origin + agent forwarding
crates/sverb-conn/src/ssh/resolved.rs,agent-M2-07,M2-07,modified,2026-10-08T09:19:54Z,,SshTarget.agent_origin (M2-07)
crates/sverb-tui/src/services/ssh.rs,agent-M2-07,M2-07,modified,2026-10-08T09:19:55Z,,agent_origin; agent key source; connector agent forwarding (M2-07)
crates/sverb-conn/src/ssh/first_hop.rs,agent-M2-05,M2-05,locked,2026-10-08T09:20:35Z,,jump hosts
crates/sverb-conn/src/ssh/connect.rs,agent-M2-05,M2-05,locked,2026-10-08T09:20:35Z,,jump hosts
crates/sverb-conn/src/ssh/channel.rs,agent-M2-05,M2-05,locked,2026-10-08T09:20:35Z,,jump hosts
crates/sverb-conn/src/ssh/jump.rs,agent-M2-05,M2-05,locked,2026-10-08T09:20:35Z,,jump hosts
crates/sverb-conn/src/ssh/jump_tests.rs,agent-M2-05,M2-05,locked,2026-10-08T09:20:35Z,,jump hosts
crates/sverb-conn/src/ssh/handler.rs,agent-M2-07,M2-07,locked,2026-10-08T09:21:00Z,,agent forwarding wiring
crates/sverb-conn/src/ssh/errors.rs,agent-M2-07,M2-07,locked,2026-10-08T09:21:00Z,,agent forwarding wiring
crates/sverb-conn/src/ssh/resolved.rs,agent-M2-05,M2-05,released,2026-10-08T09:21:01Z,,not needed
crates/sverb-tui/src/views/keychain/install.rs,agent-M2-04,M2-04,locked,2026-10-08T09:21:05Z,,install on host dialogs
crates/sverb-tui/src/views/keychain/mod.rs,agent-M2-04,M2-04,locked,2026-10-08T09:21:05Z,,install on host dialogs
crates/sverb-tui/src/views/keychain/import_dialog.rs,agent-M2-04,M2-04,locked,2026-10-08T09:21:05Z,,install on host dialogs
crates/sverb-tui/src/views/keychain/install.rs,agent-M2-04,M2-04,modified,2026-10-08T09:21:14Z,,install dialogs
crates/sverb-tui/src/views/keychain/mod.rs,agent-M2-04,M2-04,modified,2026-10-08T09:21:14Z,,install dialogs
crates/sverb-tui/src/views/keychain/import_dialog.rs,agent-M2-04,M2-04,modified,2026-10-08T09:21:14Z,,install dialogs
crates/sverb-tui/src/app/keychain/keys.rs,agent-M2-04,M2-04,locked,2026-10-08T09:21:19Z,,install variants
crates/sverb-conn/src/ssh/errors.rs,agent-M2-07,M2-07,modified,2026-10-08T09:21:19Z,,SshError::AgentNeedsApproval (M2-07)
crates/sverb-conn/src/ssh/handler.rs,agent-M2-07,M2-07,modified,2026-10-08T09:21:19Z,,Shared.agent + server_channel_open_agent_forward (M2-07)
crates/sverb-tui/src/app/keychain/keys.rs,agent-M2-04,M2-04,modified,2026-10-08T09:21:42Z,,install variants and routing
crates/sverb-conn/src/ssh/first_hop.rs,agent-M2-05,M2-05,modified,2026-10-08T09:21:47Z,,open_first_of(hops) for jump chains
crates/sverb-tui/src/services/vault/items/keychain.rs,agent-M2-04,M2-04,locked,2026-10-08T09:21:54Z,,exhaustive arm
crates/sverb-tui/src/services/vault/items/keychain.rs,agent-M2-04,M2-04,modified,2026-10-08T09:21:54Z,,Install arm
crates/sverb-conn/src/ssh/connect.rs,agent-M2-05,M2-05,modified,2026-10-08T09:22:49Z,,establish() extracted; jump hook; chain guard
crates/sverb-conn/src/ssh/channel.rs,agent-M2-05,M2-05,modified,2026-10-08T09:23:00Z,,PumpParts.chain; hop failure on end of stream
crates/sverb-tui/src/app/keychain/install.rs,agent-M2-04,M2-04,locked,2026-10-08T09:23:24Z,,install reducer
crates/sverb-tui/src/app/keychain.rs,agent-M2-04,M2-04,locked,2026-10-08T09:23:24Z,,install reducer
crates/sverb-tui/src/app/auth.rs,agent-M2-04,M2-04,locked,2026-10-08T09:23:24Z,,install reducer
crates/sverb-tui/src/app/keychain/install_tests.rs,agent-M2-04,M2-04,locked,2026-10-08T09:23:24Z,,install reducer
crates/sverb-tui/src/app/keychain/install.rs,agent-M2-04,M2-04,modified,2026-10-08T09:23:32Z,,install reducer wiring
crates/sverb-tui/src/app/keychain.rs,agent-M2-04,M2-04,modified,2026-10-08T09:23:32Z,,install reducer wiring
crates/sverb-tui/src/app/auth.rs,agent-M2-04,M2-04,modified,2026-10-08T09:23:32Z,,install reducer wiring
crates/sverb-tui/src/services/vault/items/install.rs,agent-M2-04,M2-04,locked,2026-10-08T09:23:40Z,,install runs
crates/sverb-tui/src/services/vault/items.rs,agent-M2-04,M2-04,modified,2026-10-08T09:23:40Z,,route install effects
crates/sverb-tui/src/services/vault/items.rs,agent-M2-04,M2-04,modified,2026-10-08T09:23:44Z,,route install effects
crates/sverb-conn/src/ssh/jump.rs,agent-M2-05,M2-05,modified,2026-10-08T09:23:47Z,,new jump chain module
crates/sverb-conn/src/ssh/jump_tests.rs,agent-M2-05,M2-05,modified,2026-10-08T09:23:47Z,,new loopback jump tests
crates/sverb-tui/src/services/vault/items/install.rs,agent-M2-04,M2-04,modified,2026-10-08T09:24:10Z,,new
crates/sverb-tui/src/app/keychain/install_tests.rs,agent-M2-04,M2-04,modified,2026-10-08T09:25:19Z,,new
crates/sverb-tui/src/app/keychain/keys_tests.rs,agent-M2-04,M2-04,locked,2026-10-08T09:25:19Z,,H now opens the picker
crates/sverb-tui/src/app/keychain/keys_tests.rs,agent-M2-04,M2-04,modified,2026-10-08T09:25:23Z,,H opens picker
crates/sverb-conn/Cargo.toml,agent-M2-07,M2-07,modified,2026-10-08T09:25:52Z,,tempfile dev-dep (M2-07)
crates/sverb-e2e/tests/openssh_exec.rs,agent-M2-04,M2-04,locked,2026-10-08T09:30:38Z,,M2-04 e2e/docs
docs/keychain.md,agent-M2-04,M2-04,locked,2026-10-08T09:30:38Z,,M2-04 e2e/docs
crates/sverb-conn/src/ssh/tests.rs,agent-M2-05,M2-05,locked,2026-10-08T09:30:59Z,,update jump-host expectation
crates/sverb-conn/src/ssh/tests.rs,agent-M2-05,M2-05,modified,2026-10-08T09:31:00Z,,unsupported_routes_fail expects the cycle error
crates/sverb-e2e/tests/openssh_exec.rs,agent-M2-04,M2-04,modified,2026-10-08T09:31:18Z,,new
docs/keychain.md,agent-M2-04,M2-04,modified,2026-10-08T09:31:18Z,,new
crates/sverb-tui/src/views/keychain/keys.rs,agent-M2-04,M2-04,locked,2026-10-08T09:31:24Z,,doc update
crates/sverb-tui/src/views/keychain/keys.rs,agent-M2-04,M2-04,modified,2026-10-08T09:31:24Z,,doc: H works
crates/sverb-tui/src/services/agent.rs,agent-M2-07,M2-07,locked,2026-10-08T09:32:49Z,,new: TUI agent service
crates/sverb-tui/src/views/dialogs.rs,agent-M2-07,M2-07,locked,2026-10-08T09:33:27Z,,M2-07 agent confirm / control socket wiring
crates/sverb-tui/src/views/dialogs/agent_confirm.rs,agent-M2-07,M2-07,locked,2026-10-08T09:33:27Z,,M2-07 agent confirm / control socket wiring
crates/sverb-tui/src/app/event.rs,agent-M2-07,M2-07,locked,2026-10-08T09:33:28Z,,M2-07 agent confirm / control socket wiring
crates/sverb-tui/src/app/effect.rs,agent-M2-07,M2-07,locked,2026-10-08T09:33:28Z,,M2-07 agent confirm / control socket wiring
crates/sverb-tui/src/app/mod.rs,agent-M2-07,M2-07,locked,2026-10-08T09:33:28Z,,M2-07 agent confirm / control socket wiring
crates/sverb-tui/src/services/mod.rs,agent-M2-07,M2-07,locked,2026-10-08T09:33:28Z,,M2-07 agent confirm / control socket wiring
crates/sverb-tui/src/runtime/mod.rs,agent-M2-07,M2-07,locked,2026-10-08T09:33:28Z,,M2-07 agent confirm / control socket wiring
crates/sverb-tui/src/views/dialogs.rs,agent-M2-07,M2-07,modified,2026-10-08T09:37:51Z,,M2-07 agent confirm prompt / agent service
crates/sverb-tui/src/views/dialogs/agent_confirm.rs,agent-M2-07,M2-07,modified,2026-10-08T09:37:51Z,,M2-07 agent confirm prompt / agent service
crates/sverb-tui/src/app/event.rs,agent-M2-07,M2-07,modified,2026-10-08T09:37:51Z,,M2-07 agent confirm prompt / agent service
crates/sverb-tui/src/app/effect.rs,agent-M2-07,M2-07,modified,2026-10-08T09:37:51Z,,M2-07 agent confirm prompt / agent service
crates/sverb-tui/src/app/mod.rs,agent-M2-07,M2-07,modified,2026-10-08T09:37:51Z,,M2-07 agent confirm prompt / agent service
crates/sverb-tui/src/services/mod.rs,agent-M2-07,M2-07,modified,2026-10-08T09:37:51Z,,M2-07 agent confirm prompt / agent service
crates/sverb-tui/src/services/agent.rs,agent-M2-07,M2-07,modified,2026-10-08T09:37:51Z,,M2-07 agent confirm prompt / agent service
crates/sverb-tui/src/runtime/mod.rs,agent-M2-07,M2-07,modified,2026-10-08T09:38:58Z,,M2-07 agent service + control socket (+ .merge copy adds with_agent_forwarding)
crates/sverb/src/cli/agent.rs,agent-M2-07,M2-07,locked,2026-10-08T09:39:34Z,,sverb agent / sverb lock
crates/sverb/src/cli/vault.rs,agent-M2-07,M2-07,locked,2026-10-08T09:39:34Z,,sverb agent / sverb lock
crates/sverb/src/cli/mod.rs,agent-M2-07,M2-07,locked,2026-10-08T09:39:34Z,,sverb agent / sverb lock
crates/sverb/src/cli/tests.rs,agent-M2-07,M2-07,locked,2026-10-08T09:39:34Z,,sverb agent / sverb lock
crates/sverb-tui/src/widgets/form/mod.rs,agent-M2-05,M2-05,locked,2026-10-08T09:39:56Z,,jump chain form editor
crates/sverb-tui/src/widgets/form/ref_list.rs,agent-M2-05,M2-05,locked,2026-10-08T09:39:56Z,,jump chain form editor
crates/sverb-tui/src/views/hosts/form.rs,agent-M2-05,M2-05,locked,2026-10-08T09:39:56Z,,jump chain form editor
crates/sverb-tui/src/views/hosts/catalog.rs,agent-M2-05,M2-05,locked,2026-10-08T09:39:56Z,,jump chain form editor
crates/sverb-tui/src/views/hosts/jump_tests.rs,agent-M2-05,M2-05,locked,2026-10-08T09:39:56Z,,jump chain form editor
crates/sverb-tui/src/widgets/form/mod.rs,agent-M2-05,M2-05,modified,2026-10-08T09:40:46Z,,RefList widget + FieldValue::References (M2-05 blocks)
crates/sverb-tui/src/widgets/form/ref_list.rs,agent-M2-05,M2-05,modified,2026-10-08T09:40:46Z,,new RefListInput widget
crates/sverb/Cargo.toml,agent-M2-07,M2-07,locked,2026-10-08T09:41:14Z,,async-trait dep
crates/sverb/src/cli/agent.rs,agent-M2-07,M2-07,modified,2026-10-08T09:41:14Z,,M2-07 sverb agent / sverb lock
crates/sverb/src/cli/vault.rs,agent-M2-07,M2-07,modified,2026-10-08T09:41:14Z,,M2-07 sverb agent / sverb lock
crates/sverb/src/cli/mod.rs,agent-M2-07,M2-07,modified,2026-10-08T09:41:14Z,,M2-07 sverb agent / sverb lock
crates/sverb/src/cli/tests.rs,agent-M2-07,M2-07,modified,2026-10-08T09:41:14Z,,M2-07 sverb agent / sverb lock
crates/sverb/Cargo.toml,agent-M2-07,M2-07,modified,2026-10-08T09:41:14Z,,async-trait (M2-07)
crates/sverb-tui/src/views/hosts/form.rs,agent-M2-05,M2-05,modified,2026-10-08T09:41:22Z,,jump chain list editor; effective route + cycle check; feature on
crates/sverb-tui/src/views/hosts/catalog.rs,agent-M2-05,M2-05,modified,2026-10-08T09:41:37Z,,effective_chain; -J from the effective chain
crates/sverb-conn/src/ssh/exec.rs,agent-M2-04,M2-04,released,2026-10-08T09:41:45Z,,orchestrator: complete
crates/sverb-conn/src/ssh/exec_testing.rs,agent-M2-04,M2-04,released,2026-10-08T09:41:45Z,,orchestrator: complete
crates/sverb-conn/src/ssh/exec_tests.rs,agent-M2-04,M2-04,released,2026-10-08T09:41:45Z,,orchestrator: complete
crates/sverb-conn/src/ssh/install_key.rs,agent-M2-04,M2-04,released,2026-10-08T09:41:45Z,,orchestrator: complete
crates/sverb-conn/src/ssh/mod.rs,agent-M2-04,M2-04,released,2026-10-08T09:41:45Z,,orchestrator: complete
crates/sverb-core/src/lib.rs,agent-M2-04,M2-04,released,2026-10-08T09:41:45Z,,orchestrator: complete
crates/sverb-core/src/shell_quote.rs,agent-M2-04,M2-04,released,2026-10-08T09:41:45Z,,orchestrator: complete
crates/sverb-e2e/tests/openssh_exec.rs,agent-M2-04,M2-04,released,2026-10-08T09:41:45Z,,orchestrator: complete
crates/sverb-tui/src/app/auth.rs,agent-M2-04,M2-04,released,2026-10-08T09:41:45Z,,orchestrator: complete
crates/sverb-tui/src/app/keychain/install.rs,agent-M2-04,M2-04,released,2026-10-08T09:41:45Z,,orchestrator: complete
crates/sverb-tui/src/app/keychain/install_tests.rs,agent-M2-04,M2-04,released,2026-10-08T09:41:45Z,,orchestrator: complete
crates/sverb-tui/src/app/keychain/keys.rs,agent-M2-04,M2-04,released,2026-10-08T09:41:45Z,,orchestrator: complete
crates/sverb-tui/src/app/keychain/keys_tests.rs,agent-M2-04,M2-04,released,2026-10-08T09:41:45Z,,orchestrator: complete
crates/sverb-tui/src/app/keychain.rs,agent-M2-04,M2-04,released,2026-10-08T09:41:45Z,,orchestrator: complete
crates/sverb-tui/src/services/vault/items/install.rs,agent-M2-04,M2-04,released,2026-10-08T09:41:45Z,,orchestrator: complete
crates/sverb-tui/src/services/vault/items/keychain.rs,agent-M2-04,M2-04,released,2026-10-08T09:41:45Z,,orchestrator: complete
crates/sverb-tui/src/services/vault/items.rs,agent-M2-04,M2-04,released,2026-10-08T09:41:45Z,,orchestrator: complete
crates/sverb-tui/src/views/keychain/import_dialog.rs,agent-M2-04,M2-04,released,2026-10-08T09:41:45Z,,orchestrator: complete
crates/sverb-tui/src/views/keychain/install.rs,agent-M2-04,M2-04,released,2026-10-08T09:41:45Z,,orchestrator: complete
crates/sverb-tui/src/views/keychain/keys.rs,agent-M2-04,M2-04,released,2026-10-08T09:41:45Z,,orchestrator: complete
crates/sverb-tui/src/views/keychain/mod.rs,agent-M2-04,M2-04,released,2026-10-08T09:41:45Z,,orchestrator: complete
crates/sverb-tui/src/widgets/mod.rs,agent-M2-04,M2-04,released,2026-10-08T09:41:45Z,,orchestrator: complete
crates/sverb-tui/src/widgets/results_table.rs,agent-M2-04,M2-04,released,2026-10-08T09:41:45Z,,orchestrator: complete
docs/keychain.md,agent-M2-04,M2-04,released,2026-10-08T09:41:45Z,,orchestrator: complete
crates/sverb-tui/src/views/hosts/jump_tests.rs,agent-M2-05,M2-05,modified,2026-10-08T09:42:37Z,,T-09 tests
crates/sverb-e2e/src/session.rs,agent-M2-07,M2-07,locked,2026-10-08T09:43:57Z,,HeadlessOptions.agent (copy: needs SshConnector::with_agent_forwarding)
crates/sverb-e2e/tests/agent.rs,agent-M2-07,M2-07,locked,2026-10-08T09:43:57Z,,e2e T-11..T-13 (ignored)
crates/sverb-tui/src/views/hosts/snapshots/sverb_tui__views__hosts__tests__m2_01__t11_m2_inherited_host_form_120x40.snap,agent-M2-05,M2-05,locked,2026-10-08T09:48:22Z,,jump hosts row in form snapshot
crates/sverb-tui/src/views/hosts/snapshots/sverb_tui__views__hosts__tests__m2_01__t11_m2_inherited_host_form_120x40.snap,agent-M2-05,M2-05,modified,2026-10-08T09:48:22Z,,Jump hosts list row
crates/sverb-tui/src/views/hosts/snapshots/sverb_tui__views__hosts__tests__t12_host_form_160x48.snap,agent-M2-05,M2-05,locked,2026-10-08T09:48:23Z,,jump hosts row in form snapshot
crates/sverb-tui/src/views/hosts/snapshots/sverb_tui__views__hosts__tests__t12_host_form_160x48.snap,agent-M2-05,M2-05,modified,2026-10-08T09:48:23Z,,Jump hosts list row
crates/sverb-tui/src/views/hosts/tests.rs,agent-M2-05,M2-05,locked,2026-10-08T09:48:57Z,,jump field now on
crates/sverb-tui/src/views/hosts/tests.rs,agent-M2-05,M2-05,modified,2026-10-08T09:48:58Z,,t12: jump chain shown
crates/sverb-core/src/lib.rs,agent-M2-09,M2-09,locked,2026-10-08T09:49:19Z,,snippet template engine
crates/sverb-core/src/snippet/mod.rs,agent-M2-09,M2-09,locked,2026-10-08T09:49:19Z,,snippet template engine
crates/sverb-core/src/snippet/template.rs,agent-M2-09,M2-09,locked,2026-10-08T09:49:19Z,,snippet template engine
crates/sverb-core/src/snippet/vars.rs,agent-M2-09,M2-09,locked,2026-10-08T09:49:20Z,,snippet template engine
crates/sverb-core/src/snippet/targets.rs,agent-M2-09,M2-09,locked,2026-10-08T09:49:20Z,,snippet template engine
crates/sverb-core/src/snippet/results.rs,agent-M2-09,M2-09,locked,2026-10-08T09:49:20Z,,snippet template engine
crates/sverb-core/src/snippet/history.rs,agent-M2-09,M2-09,locked,2026-10-08T09:49:21Z,,snippet template engine
crates/sverb-core/src/snippet/tests.rs,agent-M2-09,M2-09,locked,2026-10-08T09:49:22Z,,snippet template engine
crates/sverb-tui/src/app/sessions/reconnect.rs,agent-M2-05,M2-05,locked,2026-10-08T09:51:45Z,,jump hop progress overlay
crates/sverb-tui/src/app/sessions/reconnect.rs,agent-M2-05,M2-05,modified,2026-10-08T09:51:56Z,,Connecting{hop;of} overlay detail
crates/sverb-conn/src/ssh/mod.rs,agent-M2-07,M2-07,copy,2026-10-08T09:52:00Z,.merge/agent-M2-07/crates/sverb-conn/src/ssh/mod.rs,M2-07 agent forwarding wiring (see MERGE-NOTES)
crates/sverb-conn/src/ssh/connect.rs,agent-M2-07,M2-07,copy,2026-10-08T09:52:00Z,.merge/agent-M2-07/crates/sverb-conn/src/ssh/connect.rs,M2-07 agent forwarding wiring (see MERGE-NOTES)
crates/sverb-conn/src/ssh/channel.rs,agent-M2-07,M2-07,copy,2026-10-08T09:52:01Z,.merge/agent-M2-07/crates/sverb-conn/src/ssh/channel.rs,M2-07 agent forwarding wiring (see MERGE-NOTES)
crates/sverb-conn/src/agent/loopback_tests.rs,agent-M2-07,M2-07,copy,2026-10-08T09:52:01Z,.merge/agent-M2-07/crates/sverb-conn/src/agent/loopback_tests.rs,new; needs the ssh copies
crates/sverb-e2e/src/session.rs,agent-M2-07,M2-07,copy,2026-10-08T09:52:01Z,.merge/agent-M2-07/crates/sverb-e2e/src/session.rs,HeadlessOptions.agent (needs ssh/mod.rs copy)
crates/sverb-e2e/tests/agent.rs,agent-M2-07,M2-07,copy,2026-10-08T09:52:01Z,.merge/agent-M2-07/crates/sverb-e2e/tests/agent.rs,new e2e T-11..T-13 (ignored)
crates/sverb-conn/src/agent/mod.rs,agent-M2-07,M2-07,modified,2026-10-08T09:52:01Z,,new M2-07 agent module (agent/mod.rs also has a .merge copy adding loopback_tests)
crates/sverb-conn/src/agent/proto.rs,agent-M2-07,M2-07,modified,2026-10-08T09:52:01Z,,new M2-07 agent module (agent/mod.rs also has a .merge copy adding loopback_tests)
crates/sverb-conn/src/agent/builtin.rs,agent-M2-07,M2-07,modified,2026-10-08T09:52:01Z,,new M2-07 agent module (agent/mod.rs also has a .merge copy adding loopback_tests)
crates/sverb-conn/src/agent/confirm.rs,agent-M2-07,M2-07,modified,2026-10-08T09:52:01Z,,new M2-07 agent module (agent/mod.rs also has a .merge copy adding loopback_tests)
crates/sverb-conn/src/agent/forward.rs,agent-M2-07,M2-07,modified,2026-10-08T09:52:02Z,,new M2-07 agent module (agent/mod.rs also has a .merge copy adding loopback_tests)
crates/sverb-conn/src/agent/peercred.rs,agent-M2-07,M2-07,modified,2026-10-08T09:52:02Z,,new M2-07 agent module (agent/mod.rs also has a .merge copy adding loopback_tests)
crates/sverb-conn/src/agent/socket.rs,agent-M2-07,M2-07,modified,2026-10-08T09:52:02Z,,new M2-07 agent module (agent/mod.rs also has a .merge copy adding loopback_tests)
crates/sverb-conn/src/agent/control.rs,agent-M2-07,M2-07,modified,2026-10-08T09:52:02Z,,new M2-07 agent module (agent/mod.rs also has a .merge copy adding loopback_tests)
crates/sverb-conn/src/agent/pipe_windows.rs,agent-M2-07,M2-07,modified,2026-10-08T09:52:02Z,,new M2-07 agent module (agent/mod.rs also has a .merge copy adding loopback_tests)
crates/sverb-conn/src/agent/tests.rs,agent-M2-07,M2-07,modified,2026-10-08T09:52:03Z,,new M2-07 agent module (agent/mod.rs also has a .merge copy adding loopback_tests)
crates/sverb-tui/src/runtime/mod.rs,agent-M2-07,M2-07,modified,2026-10-08T09:52:03Z,,agent service + control socket in-tree; .merge copy adds with_agent_forwarding (see MERGE-NOTES)
crates/sverb/src/cli/import.rs,agent-M2-11,M2-11,locked,2026-10-08T09:52:13Z,,M2-11 import/export CLI bodies (in .merge copy until sverb-core lib.rs wiring merges)
crates/sverb/src/cli/export.rs,agent-M2-11,M2-11,locked,2026-10-08T09:52:13Z,,M2-11 import/export CLI bodies (in .merge copy until sverb-core lib.rs wiring merges)
crates/sverb-core/src/lib.rs,agent-M2-09,M2-09,modified,2026-10-08T09:52:46Z,,pub mod snippet (M2-09 block)
crates/sverb-tui/src/app/sessions/reconnect_tests.rs,agent-M2-05,M2-05,locked,2026-10-08T09:52:50Z,,hop progress test
crates/sverb-tui/src/app/sessions/reconnect_tests.rs,agent-M2-05,M2-05,modified,2026-10-08T09:52:51Z,,m2_05 progress test
crates/sverb-core/src/snippet/mod.rs,agent-M2-09,M2-09,modified,2026-10-08T09:52:53Z,,new: snippet engine
crates/sverb-core/src/snippet/template.rs,agent-M2-09,M2-09,modified,2026-10-08T09:52:53Z,,new: snippet engine
crates/sverb-core/src/snippet/vars.rs,agent-M2-09,M2-09,modified,2026-10-08T09:52:54Z,,new: snippet engine
crates/sverb-core/src/snippet/targets.rs,agent-M2-09,M2-09,modified,2026-10-08T09:52:54Z,,new: snippet engine
crates/sverb-core/src/snippet/results.rs,agent-M2-09,M2-09,modified,2026-10-08T09:52:54Z,,new: snippet engine
crates/sverb-core/src/snippet/history.rs,agent-M2-09,M2-09,modified,2026-10-08T09:52:54Z,,new: snippet engine
crates/sverb-core/src/snippet/tests.rs,agent-M2-09,M2-09,modified,2026-10-08T09:52:55Z,,new: snippet engine
crates/sverb-e2e/tests/openssh_jump.rs,agent-M2-05,M2-05,locked,2026-10-08T10:00:51Z,,JumpNet e2e (ignored)
crates/sverb-e2e/tests/openssh_jump.rs,agent-M2-05,M2-05,modified,2026-10-08T10:00:52Z,,JumpNet T-05..T-08 (ignored)
crates/sverb-conn/src/ssh/snippet_run.rs,agent-M2-09,M2-09,locked,2026-10-08T10:03:34Z,,snippet multi-host runner
crates/sverb-conn/src/ssh/snippet_run_tests.rs,agent-M2-09,M2-09,locked,2026-10-08T10:03:34Z,,snippet multi-host runner
crates/sverb-conn/src/ssh/snippet_run.rs,agent-M2-09,M2-09,released,2026-10-08T10:03:43Z,,moved under exec/
crates/sverb-conn/src/ssh/snippet_run_tests.rs,agent-M2-09,M2-09,released,2026-10-08T10:03:43Z,,moved under exec/
crates/sverb-conn/src/ssh/exec.rs,agent-M2-09,M2-09,locked,2026-10-08T10:03:43Z,,snippet multi-host runner
crates/sverb-conn/src/ssh/exec/snippets.rs,agent-M2-09,M2-09,locked,2026-10-08T10:03:43Z,,snippet multi-host runner
crates/sverb-conn/src/ssh/exec/snippets_tests.rs,agent-M2-09,M2-09,locked,2026-10-08T10:03:43Z,,snippet multi-host runner
crates/sverb-conn/src/ssh/exec.rs,agent-M2-09,M2-09,modified,2026-10-08T10:04:45Z,,pub mod snippets (M2-09 block)
crates/sverb-conn/src/ssh/exec/snippets.rs,agent-M2-09,M2-09,modified,2026-10-08T10:04:45Z,,new: snippet runner
crates/sverb-conn/src/ssh/exec/snippets_tests.rs,agent-M2-09,M2-09,modified,2026-10-08T10:04:46Z,,new: snippet runner
crates/sverb/src/cli/snippet.rs,agent-M2-09,M2-09,locked,2026-10-08T10:07:00Z,,sverb snippet run
crates/sverb/src/cli/snippet_tests.rs,agent-M2-09,M2-09,locked,2026-10-08T10:07:00Z,,sverb snippet run
crates/sverb/src/cli/snippet.rs,agent-M2-09,M2-09,modified,2026-10-08T10:08:34Z,,sverb snippet run implementation
crates/sverb/src/cli/snippet_tests.rs,agent-M2-09,M2-09,modified,2026-10-08T10:08:34Z,,sverb snippet run implementation
crates/sverb-conn/src/ssh/testing.rs,agent-M2-09,M2-09,locked,2026-10-08T10:12:41Z,,quiet_shell option for the startup snippet test
crates/sverb-conn/src/ssh/testing.rs,agent-M2-09,M2-09,modified,2026-10-08T10:12:41Z,,Seen::quiet_shell (M2-09 block)
crates/sverb-tui/src/views/snippets/mod.rs,agent-M2-09,M2-09,locked,2026-10-08T10:14:17Z,,Snippets section and dialogs
crates/sverb-tui/src/views/snippets/form.rs,agent-M2-09,M2-09,locked,2026-10-08T10:14:17Z,,Snippets section and dialogs
crates/sverb-tui/src/views/snippets/picker.rs,agent-M2-09,M2-09,locked,2026-10-08T10:14:17Z,,Snippets section and dialogs
crates/sverb-tui/src/views/snippets/run_dialog.rs,agent-M2-09,M2-09,locked,2026-10-08T10:14:17Z,,Snippets section and dialogs
crates/sverb-tui/src/views/snippets/results.rs,agent-M2-09,M2-09,locked,2026-10-08T10:14:18Z,,Snippets section and dialogs
crates/sverb-tui/src/views/snippets/tests.rs,agent-M2-09,M2-09,locked,2026-10-08T10:14:18Z,,Snippets section and dialogs
crates/sverb-tui/src/views/mod.rs,agent-M2-09,M2-09,locked,2026-10-08T10:14:18Z,,Snippets section and dialogs
crates/sverb-tui/src/views/mod.rs,agent-M2-09,M2-09,modified,2026-10-08T10:18:16Z,,pub mod snippets; Views::snippets (M2-09 blocks)
crates/sverb-tui/src/app/shell.rs,agent-M2-09,M2-09,locked,2026-10-08T10:21:50Z,,Snippets section focus/render/insert mode
crates/sverb-tui/src/app/input.rs,agent-M2-09,M2-09,locked,2026-10-08T10:21:50Z,,Snippets section focus/render/insert mode
crates/sverb-tui/src/app/shell.rs,agent-M2-09,M2-09,modified,2026-10-08T10:21:50Z,,Snippets section wiring (M2-09 blocks)
crates/sverb-tui/src/app/input.rs,agent-M2-09,M2-09,modified,2026-10-08T10:21:50Z,,Snippets section wiring (M2-09 blocks)
crates/sverb-tui/src/services/sessions.rs,agent-M2-09,M2-09,locked,2026-10-08T10:22:38Z,,M2-09 wiring
crates/sverb-tui/src/app/snippets.rs,agent-M2-09,M2-09,locked,2026-10-08T10:22:38Z,,M2-09 wiring
crates/sverb-tui/src/app/snippets_tests.rs,agent-M2-09,M2-09,locked,2026-10-08T10:22:38Z,,M2-09 wiring
crates/sverb-tui/src/services/snippets.rs,agent-M2-09,M2-09,locked,2026-10-08T10:22:38Z,,M2-09 wiring
crates/sverb-core/src/exporters/backup.rs,agent-M2-11,M2-11,locked,2026-10-08T10:22:43Z,,new M2-11 file
crates/sverb-core/src/exporters/backup.rs,agent-M2-11,M2-11,modified,2026-10-08T10:22:43Z,,created (M2-11 import/export)
crates/sverb-core/src/exporters/csv.rs,agent-M2-11,M2-11,locked,2026-10-08T10:22:43Z,,new M2-11 file
crates/sverb-core/src/exporters/csv.rs,agent-M2-11,M2-11,modified,2026-10-08T10:22:43Z,,created (M2-11 import/export)
crates/sverb-core/src/exporters/mod.rs,agent-M2-11,M2-11,locked,2026-10-08T10:22:43Z,,new M2-11 file
crates/sverb-core/src/exporters/mod.rs,agent-M2-11,M2-11,modified,2026-10-08T10:22:43Z,,created (M2-11 import/export)
crates/sverb-core/src/exporters/ssh_config.rs,agent-M2-11,M2-11,locked,2026-10-08T10:22:43Z,,new M2-11 file
crates/sverb-core/src/exporters/ssh_config.rs,agent-M2-11,M2-11,modified,2026-10-08T10:22:43Z,,created (M2-11 import/export)
crates/sverb-core/src/importers/backup.rs,agent-M2-11,M2-11,locked,2026-10-08T10:22:43Z,,new M2-11 file
crates/sverb-core/src/importers/backup.rs,agent-M2-11,M2-11,modified,2026-10-08T10:22:43Z,,created (M2-11 import/export)
crates/sverb-core/src/importers/csv.rs,agent-M2-11,M2-11,locked,2026-10-08T10:22:43Z,,new M2-11 file
crates/sverb-core/src/importers/csv.rs,agent-M2-11,M2-11,modified,2026-10-08T10:22:43Z,,created (M2-11 import/export)
crates/sverb-core/src/importers/known_hosts.rs,agent-M2-11,M2-11,locked,2026-10-08T10:22:43Z,,new M2-11 file
crates/sverb-core/src/importers/known_hosts.rs,agent-M2-11,M2-11,modified,2026-10-08T10:22:44Z,,created (M2-11 import/export)
crates/sverb-core/src/importers/mod.rs,agent-M2-11,M2-11,locked,2026-10-08T10:22:44Z,,new M2-11 file
crates/sverb-core/src/importers/mod.rs,agent-M2-11,M2-11,modified,2026-10-08T10:22:44Z,,created (M2-11 import/export)
crates/sverb-core/src/importers/preview.rs,agent-M2-11,M2-11,locked,2026-10-08T10:22:44Z,,new M2-11 file
crates/sverb-core/src/importers/preview.rs,agent-M2-11,M2-11,modified,2026-10-08T10:22:44Z,,created (M2-11 import/export)
crates/sverb-core/src/importers/snapshots/sverb_core__importers__tests__csv_hosts.snap,agent-M2-11,M2-11,locked,2026-10-08T10:22:44Z,,new M2-11 file
crates/sverb-core/src/importers/snapshots/sverb_core__importers__tests__csv_hosts.snap,agent-M2-11,M2-11,modified,2026-10-08T10:22:44Z,,created (M2-11 import/export)
crates/sverb-core/src/importers/snapshots/sverb_core__importers__tests__ssh_config_basic.snap,agent-M2-11,M2-11,locked,2026-10-08T10:22:44Z,,new M2-11 file
crates/sverb-core/src/importers/snapshots/sverb_core__importers__tests__ssh_config_basic.snap,agent-M2-11,M2-11,modified,2026-10-08T10:22:44Z,,created (M2-11 import/export)
crates/sverb-core/src/importers/snapshots/sverb_core__importers__tests__ssh_config_export.snap,agent-M2-11,M2-11,locked,2026-10-08T10:22:44Z,,new M2-11 file
crates/sverb-core/src/importers/snapshots/sverb_core__importers__tests__ssh_config_export.snap,agent-M2-11,M2-11,modified,2026-10-08T10:22:44Z,,created (M2-11 import/export)
crates/sverb-core/src/importers/snapshots/sverb_core__importers__tests__ssh_config_forwards.snap,agent-M2-11,M2-11,locked,2026-10-08T10:22:44Z,,new M2-11 file
crates/sverb-core/src/importers/snapshots/sverb_core__importers__tests__ssh_config_forwards.snap,agent-M2-11,M2-11,modified,2026-10-08T10:22:44Z,,created (M2-11 import/export)
crates/sverb-core/src/importers/snapshots/sverb_core__importers__tests__ssh_config_include.snap,agent-M2-11,M2-11,locked,2026-10-08T10:22:44Z,,new M2-11 file
crates/sverb-core/src/importers/snapshots/sverb_core__importers__tests__ssh_config_include.snap,agent-M2-11,M2-11,modified,2026-10-08T10:22:44Z,,created (M2-11 import/export)
crates/sverb-core/src/importers/snapshots/sverb_core__importers__tests__ssh_config_match_block.snap,agent-M2-11,M2-11,locked,2026-10-08T10:22:44Z,,new M2-11 file
crates/sverb-core/src/importers/snapshots/sverb_core__importers__tests__ssh_config_match_block.snap,agent-M2-11,M2-11,modified,2026-10-08T10:22:44Z,,created (M2-11 import/export)
crates/sverb-core/src/importers/snapshots/sverb_core__importers__tests__ssh_config_proxyjump.snap,agent-M2-11,M2-11,locked,2026-10-08T10:22:44Z,,new M2-11 file
crates/sverb-core/src/importers/snapshots/sverb_core__importers__tests__ssh_config_proxyjump.snap,agent-M2-11,M2-11,modified,2026-10-08T10:22:44Z,,created (M2-11 import/export)
crates/sverb-core/src/importers/snapshots/sverb_core__importers__tests__ssh_config_quoting.snap,agent-M2-11,M2-11,locked,2026-10-08T10:22:44Z,,new M2-11 file
crates/sverb-core/src/importers/snapshots/sverb_core__importers__tests__ssh_config_quoting.snap,agent-M2-11,M2-11,modified,2026-10-08T10:22:44Z,,created (M2-11 import/export)
crates/sverb-core/src/importers/snapshots/sverb_core__importers__tests__ssh_config_weird_whitespace.snap,agent-M2-11,M2-11,locked,2026-10-08T10:22:44Z,,new M2-11 file
crates/sverb-core/src/importers/snapshots/sverb_core__importers__tests__ssh_config_weird_whitespace.snap,agent-M2-11,M2-11,modified,2026-10-08T10:22:44Z,,created (M2-11 import/export)
crates/sverb-core/src/importers/snapshots/sverb_core__importers__tests__ssh_config_wildcard.snap,agent-M2-11,M2-11,locked,2026-10-08T10:22:44Z,,new M2-11 file
crates/sverb-core/src/importers/snapshots/sverb_core__importers__tests__ssh_config_wildcard.snap,agent-M2-11,M2-11,modified,2026-10-08T10:22:44Z,,created (M2-11 import/export)
crates/sverb-core/src/importers/ssh_config/include.rs,agent-M2-11,M2-11,locked,2026-10-08T10:22:44Z,,new M2-11 file
crates/sverb-core/src/importers/ssh_config/include.rs,agent-M2-11,M2-11,modified,2026-10-08T10:22:44Z,,created (M2-11 import/export)
crates/sverb-core/src/importers/ssh_config/lexer.rs,agent-M2-11,M2-11,locked,2026-10-08T10:22:45Z,,new M2-11 file
crates/sverb-core/src/importers/ssh_config/lexer.rs,agent-M2-11,M2-11,modified,2026-10-08T10:22:45Z,,created (M2-11 import/export)
crates/sverb-core/src/importers/ssh_config/map.rs,agent-M2-11,M2-11,locked,2026-10-08T10:22:45Z,,new M2-11 file
crates/sverb-core/src/importers/ssh_config/map.rs,agent-M2-11,M2-11,modified,2026-10-08T10:22:45Z,,created (M2-11 import/export)
crates/sverb-core/src/importers/ssh_config/mod.rs,agent-M2-11,M2-11,locked,2026-10-08T10:22:45Z,,new M2-11 file
crates/sverb-core/src/importers/ssh_config/mod.rs,agent-M2-11,M2-11,modified,2026-10-08T10:22:45Z,,created (M2-11 import/export)
crates/sverb-core/src/importers/ssh_config/parser.rs,agent-M2-11,M2-11,locked,2026-10-08T10:22:45Z,,new M2-11 file
crates/sverb-core/src/importers/ssh_config/parser.rs,agent-M2-11,M2-11,modified,2026-10-08T10:22:45Z,,created (M2-11 import/export)
crates/sverb-core/src/importers/tests.rs,agent-M2-11,M2-11,locked,2026-10-08T10:22:45Z,,new M2-11 file
crates/sverb-core/src/importers/tests.rs,agent-M2-11,M2-11,modified,2026-10-08T10:22:45Z,,created (M2-11 import/export)
crates/sverb/src/cli/import_tests.rs,agent-M2-11,M2-11,locked,2026-10-08T10:22:45Z,,new M2-11 file
crates/sverb/src/cli/import_tests.rs,agent-M2-11,M2-11,modified,2026-10-08T10:22:45Z,,created (M2-11 import/export)
crates/sverb/src/cli/snapshots/sverb__cli__import__tests__import_ssh_config_dry_run.snap,agent-M2-11,M2-11,locked,2026-10-08T10:22:45Z,,new M2-11 file
crates/sverb/src/cli/snapshots/sverb__cli__import__tests__import_ssh_config_dry_run.snap,agent-M2-11,M2-11,modified,2026-10-08T10:22:45Z,,created (M2-11 import/export)
crates/sverb-tui/src/app/import.rs,agent-M2-11,M2-11,locked,2026-10-08T10:22:45Z,,new M2-11 file
crates/sverb-tui/src/app/import.rs,agent-M2-11,M2-11,modified,2026-10-08T10:22:45Z,,created (M2-11 import/export)
crates/sverb-tui/src/services/import.rs,agent-M2-11,M2-11,locked,2026-10-08T10:22:45Z,,new M2-11 file
crates/sverb-tui/src/services/import.rs,agent-M2-11,M2-11,modified,2026-10-08T10:22:45Z,,created (M2-11 import/export)
crates/sverb-tui/src/services/import_tests.rs,agent-M2-11,M2-11,locked,2026-10-08T10:22:45Z,,new M2-11 file
crates/sverb-tui/src/services/import_tests.rs,agent-M2-11,M2-11,modified,2026-10-08T10:22:45Z,,created (M2-11 import/export)
crates/sverb-tui/src/views/import_wizard.rs,agent-M2-11,M2-11,locked,2026-10-08T10:22:45Z,,new M2-11 file
crates/sverb-tui/src/views/import_wizard.rs,agent-M2-11,M2-11,modified,2026-10-08T10:22:45Z,,created (M2-11 import/export)
crates/sverb-tui/src/views/snapshots/sverb_tui__views__import_wizard__tests__import_wizard_export_100x16.snap,agent-M2-11,M2-11,locked,2026-10-08T10:22:45Z,,new M2-11 file
crates/sverb-tui/src/views/snapshots/sverb_tui__views__import_wizard__tests__import_wizard_export_100x16.snap,agent-M2-11,M2-11,modified,2026-10-08T10:22:45Z,,created (M2-11 import/export)
crates/sverb-tui/src/views/snapshots/sverb_tui__views__import_wizard__tests__import_wizard_preview_100x26.snap,agent-M2-11,M2-11,locked,2026-10-08T10:22:45Z,,new M2-11 file
crates/sverb-tui/src/views/snapshots/sverb_tui__views__import_wizard__tests__import_wizard_preview_100x26.snap,agent-M2-11,M2-11,modified,2026-10-08T10:22:46Z,,created (M2-11 import/export)
fuzz/fuzz_targets/ssh_config_parse.rs,agent-M2-11,M2-11,locked,2026-10-08T10:22:46Z,,new M2-11 file
fuzz/fuzz_targets/ssh_config_parse.rs,agent-M2-11,M2-11,modified,2026-10-08T10:22:46Z,,created (M2-11 import/export)
tests/fixtures/csv/hosts.csv,agent-M2-11,M2-11,locked,2026-10-08T10:22:46Z,,new M2-11 file
tests/fixtures/csv/hosts.csv,agent-M2-11,M2-11,modified,2026-10-08T10:22:46Z,,created (M2-11 import/export)
tests/fixtures/csv/no_address.csv,agent-M2-11,M2-11,locked,2026-10-08T10:22:46Z,,new M2-11 file
tests/fixtures/csv/no_address.csv,agent-M2-11,M2-11,modified,2026-10-08T10:22:46Z,,created (M2-11 import/export)
tests/fixtures/known_hosts/known_hosts,agent-M2-11,M2-11,locked,2026-10-08T10:22:46Z,,new M2-11 file
tests/fixtures/known_hosts/known_hosts,agent-M2-11,M2-11,modified,2026-10-08T10:22:46Z,,created (M2-11 import/export)
tests/fixtures/ssh_config/basic,agent-M2-11,M2-11,locked,2026-10-08T10:22:46Z,,new M2-11 file
tests/fixtures/ssh_config/basic,agent-M2-11,M2-11,modified,2026-10-08T10:22:46Z,,created (M2-11 import/export)
tests/fixtures/ssh_config/forwards,agent-M2-11,M2-11,locked,2026-10-08T10:22:46Z,,new M2-11 file
tests/fixtures/ssh_config/forwards,agent-M2-11,M2-11,modified,2026-10-08T10:22:46Z,,created (M2-11 import/export)
tests/fixtures/ssh_config/include/conf.d/10-first.conf,agent-M2-11,M2-11,locked,2026-10-08T10:22:46Z,,new M2-11 file
tests/fixtures/ssh_config/include/conf.d/10-first.conf,agent-M2-11,M2-11,modified,2026-10-08T10:22:46Z,,created (M2-11 import/export)
tests/fixtures/ssh_config/include/conf.d/20-second.conf,agent-M2-11,M2-11,locked,2026-10-08T10:22:46Z,,new M2-11 file
tests/fixtures/ssh_config/include/conf.d/20-second.conf,agent-M2-11,M2-11,modified,2026-10-08T10:22:46Z,,created (M2-11 import/export)
tests/fixtures/ssh_config/include/config,agent-M2-11,M2-11,locked,2026-10-08T10:22:46Z,,new M2-11 file
tests/fixtures/ssh_config/include/config,agent-M2-11,M2-11,modified,2026-10-08T10:22:46Z,,created (M2-11 import/export)
tests/fixtures/ssh_config/include/loop_a,agent-M2-11,M2-11,locked,2026-10-08T10:22:46Z,,new M2-11 file
tests/fixtures/ssh_config/include/loop_a,agent-M2-11,M2-11,modified,2026-10-08T10:22:46Z,,created (M2-11 import/export)
tests/fixtures/ssh_config/include/loop_b,agent-M2-11,M2-11,locked,2026-10-08T10:22:46Z,,new M2-11 file
tests/fixtures/ssh_config/include/loop_b,agent-M2-11,M2-11,modified,2026-10-08T10:22:46Z,,created (M2-11 import/export)
tests/fixtures/ssh_config/match_block,agent-M2-11,M2-11,locked,2026-10-08T10:22:46Z,,new M2-11 file
tests/fixtures/ssh_config/match_block,agent-M2-11,M2-11,modified,2026-10-08T10:22:46Z,,created (M2-11 import/export)
tests/fixtures/ssh_config/proxyjump,agent-M2-11,M2-11,locked,2026-10-08T10:22:46Z,,new M2-11 file
tests/fixtures/ssh_config/proxyjump,agent-M2-11,M2-11,modified,2026-10-08T10:22:46Z,,created (M2-11 import/export)
tests/fixtures/ssh_config/quoting,agent-M2-11,M2-11,locked,2026-10-08T10:22:46Z,,new M2-11 file
tests/fixtures/ssh_config/quoting,agent-M2-11,M2-11,modified,2026-10-08T10:22:46Z,,created (M2-11 import/export)
tests/fixtures/ssh_config/weird_whitespace,agent-M2-11,M2-11,locked,2026-10-08T10:22:46Z,,new M2-11 file
tests/fixtures/ssh_config/weird_whitespace,agent-M2-11,M2-11,modified,2026-10-08T10:22:46Z,,created (M2-11 import/export)
tests/fixtures/ssh_config/wildcard,agent-M2-11,M2-11,locked,2026-10-08T10:22:46Z,,new M2-11 file
tests/fixtures/ssh_config/wildcard,agent-M2-11,M2-11,modified,2026-10-08T10:22:46Z,,created (M2-11 import/export)
crates/sverb-core/Cargo.toml,agent-M2-11,M2-11,locked,2026-10-08T10:22:46Z,,M2-11 deps: csv glob zstd; insta dev
crates/sverb-core/Cargo.toml,agent-M2-11,M2-11,modified,2026-10-08T10:22:46Z,,M2-11 deps csv/glob/zstd + insta dev-dep
crates/sverb/src/cli/export.rs,agent-M2-11,M2-11,copy,2026-10-08T10:22:47Z,.merge/agent-M2-11/crates/sverb/src/cli/export.rs,M2-11 wiring; see MERGE-NOTES
crates/sverb/src/cli/import.rs,agent-M2-11,M2-11,copy,2026-10-08T10:22:47Z,.merge/agent-M2-11/crates/sverb/src/cli/import.rs,M2-11 wiring; see MERGE-NOTES
crates/sverb-core/src/lib.rs,agent-M2-11,M2-11,copy,2026-10-08T10:22:47Z,.merge/agent-M2-11/crates/sverb-core/src/lib.rs,M2-11 wiring; see MERGE-NOTES
crates/sverb-tui/src/app/effect.rs,agent-M2-11,M2-11,copy,2026-10-08T10:22:47Z,.merge/agent-M2-11/crates/sverb-tui/src/app/effect.rs,M2-11 wiring; see MERGE-NOTES
crates/sverb-tui/src/app/event.rs,agent-M2-11,M2-11,copy,2026-10-08T10:22:47Z,.merge/agent-M2-11/crates/sverb-tui/src/app/event.rs,M2-11 wiring; see MERGE-NOTES
crates/sverb-tui/src/app/hosts.rs,agent-M2-11,M2-11,locked,2026-10-08T10:22:47Z,,M2-11 wiring (copy: depends on sverb-core lib.rs wiring)
crates/sverb-tui/src/app/hosts.rs,agent-M2-11,M2-11,copy,2026-10-08T10:22:47Z,.merge/agent-M2-11/crates/sverb-tui/src/app/hosts.rs,M2-11 wiring; see MERGE-NOTES
crates/sverb-tui/src/app/known_hosts.rs,agent-M2-11,M2-11,locked,2026-10-08T10:22:47Z,,M2-11 wiring (copy: depends on sverb-core lib.rs wiring)
crates/sverb-tui/src/app/known_hosts.rs,agent-M2-11,M2-11,copy,2026-10-08T10:22:47Z,.merge/agent-M2-11/crates/sverb-tui/src/app/known_hosts.rs,M2-11 wiring; see MERGE-NOTES
crates/sverb-tui/src/app/known_hosts_tests.rs,agent-M2-11,M2-11,locked,2026-10-08T10:22:47Z,,M2-11 wiring (copy: depends on sverb-core lib.rs wiring)
crates/sverb-tui/src/app/known_hosts_tests.rs,agent-M2-11,M2-11,copy,2026-10-08T10:22:47Z,.merge/agent-M2-11/crates/sverb-tui/src/app/known_hosts_tests.rs,M2-11 wiring; see MERGE-NOTES
crates/sverb-tui/src/app/mod.rs,agent-M2-11,M2-11,copy,2026-10-08T10:22:47Z,.merge/agent-M2-11/crates/sverb-tui/src/app/mod.rs,M2-11 wiring; see MERGE-NOTES
crates/sverb-tui/src/services/mod.rs,agent-M2-11,M2-11,copy,2026-10-08T10:22:47Z,.merge/agent-M2-11/crates/sverb-tui/src/services/mod.rs,M2-11 wiring; see MERGE-NOTES
crates/sverb-tui/src/views/dialogs.rs,agent-M2-11,M2-11,copy,2026-10-08T10:22:47Z,.merge/agent-M2-11/crates/sverb-tui/src/views/dialogs.rs,M2-11 wiring; see MERGE-NOTES
crates/sverb-tui/src/views/hosts/mod.rs,agent-M2-11,M2-11,locked,2026-10-08T10:22:47Z,,M2-11 wiring (copy: depends on sverb-core lib.rs wiring)
crates/sverb-tui/src/views/hosts/mod.rs,agent-M2-11,M2-11,copy,2026-10-08T10:22:47Z,.merge/agent-M2-11/crates/sverb-tui/src/views/hosts/mod.rs,M2-11 wiring; see MERGE-NOTES
crates/sverb/src/cli/mod.rs,agent-M2-11,M2-11,copy,2026-10-08T10:22:47Z,.merge/agent-M2-11/crates/sverb/src/cli/mod.rs,M2-11 wiring; see MERGE-NOTES
crates/sverb/src/cli/tests.rs,agent-M2-11,M2-11,copy,2026-10-08T10:22:47Z,.merge/agent-M2-11/crates/sverb/src/cli/tests.rs,M2-11 wiring; see MERGE-NOTES
crates/sverb/src/cli/snapshots/help@sync.snap,agent-M2-11,M2-11,locked,2026-10-08T10:22:47Z,,M2-11 wiring (copy: depends on sverb-core lib.rs wiring)
crates/sverb/src/cli/snapshots/help@sync.snap,agent-M2-11,M2-11,copy,2026-10-08T10:22:47Z,.merge/agent-M2-11/crates/sverb/src/cli/snapshots/help@sync.snap,M2-11 wiring; see MERGE-NOTES
crates/sverb-tui/src/app/input.rs,agent-M2-11,M2-11,copy,2026-10-08T10:22:57Z,.merge/agent-M2-11/crates/sverb-tui/src/app/input.rs,M2-11 wiring; see MERGE-NOTES
crates/sverb-tui/src/views/mod.rs,agent-M2-11,M2-11,copy,2026-10-08T10:22:57Z,.merge/agent-M2-11/crates/sverb-tui/src/views/mod.rs,M2-11 wiring; see MERGE-NOTES
crates/sverb-tui/src/views/snippets/mod.rs,agent-M2-09,M2-09,modified,2026-10-08T10:25:45Z,,new: Snippets section and dialogs
crates/sverb-tui/src/views/snippets/form.rs,agent-M2-09,M2-09,modified,2026-10-08T10:25:46Z,,new: Snippets section and dialogs
crates/sverb-tui/src/views/snippets/picker.rs,agent-M2-09,M2-09,modified,2026-10-08T10:25:46Z,,new: Snippets section and dialogs
crates/sverb-tui/src/views/snippets/run_dialog.rs,agent-M2-09,M2-09,modified,2026-10-08T10:25:46Z,,new: Snippets section and dialogs
crates/sverb-tui/src/views/snippets/results.rs,agent-M2-09,M2-09,modified,2026-10-08T10:25:46Z,,new: Snippets section and dialogs
crates/sverb-tui/src/views/snippets/tests.rs,agent-M2-09,M2-09,modified,2026-10-08T10:25:46Z,,new: Snippets section and dialogs
crates/sverb/src/cli/snapshots/help@sync.snap,agent-M2-11,M2-11,copy,2026-10-08T10:27:38Z,.merge/agent-M2-11/crates/sverb/src/cli/snapshots/help@sync.snap,regenerated: M2-11 import/export flags
crates/sverb/src/cli/snapshots/help@local.snap,agent-M2-11,M2-11,locked,2026-10-08T10:27:38Z,,regenerated help snapshot (copy)
crates/sverb/src/cli/snapshots/help@local.snap,agent-M2-11,M2-11,copy,2026-10-08T10:27:38Z,.merge/agent-M2-11/crates/sverb/src/cli/snapshots/help@local.snap,regenerated: M2-11 import/export flags
crates/sverb-conn/src/ssh/channel.rs,agent-M2-05,M2-05,released,2026-10-08T11:28:46Z,,orchestrator: complete
crates/sverb-conn/src/ssh/connect.rs,agent-M2-05,M2-05,released,2026-10-08T11:28:46Z,,orchestrator: complete
crates/sverb-conn/src/ssh/first_hop.rs,agent-M2-05,M2-05,released,2026-10-08T11:28:46Z,,orchestrator: complete
crates/sverb-conn/src/ssh/jump.rs,agent-M2-05,M2-05,released,2026-10-08T11:28:46Z,,orchestrator: complete
crates/sverb-conn/src/ssh/jump_tests.rs,agent-M2-05,M2-05,released,2026-10-08T11:28:46Z,,orchestrator: complete
crates/sverb-conn/src/ssh/tests.rs,agent-M2-05,M2-05,released,2026-10-08T11:28:46Z,,orchestrator: complete
crates/sverb-core/src/resolve/chain.rs,agent-M2-05,M2-05,released,2026-10-08T11:28:46Z,,orchestrator: complete
crates/sverb-core/src/resolve.rs,agent-M2-05,M2-05,released,2026-10-08T11:28:46Z,,orchestrator: complete
crates/sverb-e2e/tests/openssh_jump.rs,agent-M2-05,M2-05,released,2026-10-08T11:28:46Z,,orchestrator: complete
crates/sverb-tui/src/app/sessions/reconnect.rs,agent-M2-05,M2-05,released,2026-10-08T11:28:46Z,,orchestrator: complete
crates/sverb-tui/src/app/sessions/reconnect_tests.rs,agent-M2-05,M2-05,released,2026-10-08T11:28:46Z,,orchestrator: complete
crates/sverb-tui/src/views/hosts/catalog.rs,agent-M2-05,M2-05,released,2026-10-08T11:28:46Z,,orchestrator: complete
crates/sverb-tui/src/views/hosts/form.rs,agent-M2-05,M2-05,released,2026-10-08T11:28:46Z,,orchestrator: complete
crates/sverb-tui/src/views/hosts/jump_tests.rs,agent-M2-05,M2-05,released,2026-10-08T11:28:46Z,,orchestrator: complete
crates/sverb-tui/src/views/hosts/snapshots/sverb_tui__views__hosts__tests__m2_01__t11_m2_inherited_host_form_120x40.snap,agent-M2-05,M2-05,released,2026-10-08T11:28:46Z,,orchestrator: complete
crates/sverb-tui/src/views/hosts/snapshots/sverb_tui__views__hosts__tests__t12_host_form_160x48.snap,agent-M2-05,M2-05,released,2026-10-08T11:28:46Z,,orchestrator: complete
crates/sverb-tui/src/views/hosts/tests.rs,agent-M2-05,M2-05,released,2026-10-08T11:28:46Z,,orchestrator: complete
crates/sverb-tui/src/widgets/form/mod.rs,agent-M2-05,M2-05,released,2026-10-08T11:28:46Z,,orchestrator: complete
crates/sverb-tui/src/widgets/form/ref_list.rs,agent-M2-05,M2-05,released,2026-10-08T11:28:46Z,,orchestrator: complete
crates/sverb-e2e/src/session.rs,agent-M2-07,M2-07,modified,2026-10-08T11:29:03Z,,M2-07 applied in place (copy no longer needed)
crates/sverb-e2e/tests/agent.rs,agent-M2-07,M2-07,modified,2026-10-08T11:29:03Z,,M2-07 applied in place (copy no longer needed)
crates/sverb-conn/src/ssh/mod.rs,agent-M2-07,M2-07,modified,2026-10-08T11:29:03Z,,M2-07 applied in place (copy no longer needed)
crates/sverb-conn/src/ssh/channel.rs,agent-M2-07,M2-07,modified,2026-10-08T11:29:03Z,,M2-07 applied in place (copy no longer needed)
crates/sverb-conn/src/ssh/connect.rs,agent-M2-07,M2-07,modified,2026-10-08T11:29:03Z,,M2-07 applied in place (copy no longer needed)
crates/sverb-conn/src/agent/loopback_tests.rs,agent-M2-07,M2-07,modified,2026-10-08T11:29:03Z,,M2-07 applied in place (copy no longer needed)
crates/sverb-conn/src/agent/mod.rs,agent-M2-07,M2-07,modified,2026-10-08T11:29:03Z,,M2-07 applied in place (copy no longer needed)
crates/sverb-tui/src/runtime/mod.rs,agent-M2-07,M2-07,modified,2026-10-08T11:29:03Z,,M2-07 applied in place (copy no longer needed)
crates/sverb-conn/src/ssh/mux.rs,agent-M3-07,M3-07,locked,2026-10-08T11:37:07Z,,M3-07 connection multiplexing
crates/sverb-conn/src/ssh/mux_tests.rs,agent-M3-07,M3-07,locked,2026-10-08T11:37:07Z,,M3-07 connection multiplexing
crates/sverb-conn/src/ssh/mux_ssh.rs,agent-M3-07,M3-07,locked,2026-10-08T11:37:07Z,,M3-07 connection multiplexing
crates/sverb-conn/src/ssh/mux_loopback.rs,agent-M3-07,M3-07,locked,2026-10-08T11:37:07Z,,M3-07 connection multiplexing
crates/sverb-conn/src/ssh/jump.rs,agent-M3-07,M3-07,locked,2026-10-08T11:37:07Z,,M3-07 connection multiplexing
crates/sverb-conn/src/session/state.rs,agent-M3-07,M3-07,locked,2026-10-08T11:37:07Z,,M3-07 connection multiplexing
crates/sverb-conn/src/ssh/jump.rs,agent-M3-07,M3-07,modified,2026-10-08T11:41:02Z,,declares mux and mux_ssh modules; doc
crates/sverb-conn/src/ssh/mux.rs,agent-M3-07,M3-07,modified,2026-10-08T11:41:02Z,,new: M3-07 connection pool
crates/sverb-conn/src/ssh/mux_tests.rs,agent-M3-07,M3-07,modified,2026-10-08T11:41:02Z,,new: M3-07 connection pool
crates/sverb-conn/src/ssh/mux_ssh.rs,agent-M3-07,M3-07,modified,2026-10-08T11:41:02Z,,new: M3-07 connection pool
crates/sverb-conn/src/session/state.rs,agent-M3-07,M3-07,modified,2026-10-08T11:46:11Z,,Connecting + ChannelOpened -> Connected (shared connection)
crates/sverb-conn/src/session/event.rs,agent-M3-07,M3-07,locked,2026-10-08T11:46:17Z,,M3-07 wiring
crates/sverb-tui/src/widgets/session_info.rs,agent-M3-07,M3-07,locked,2026-10-08T11:46:17Z,,M3-07 wiring
crates/sverb-conn/src/forward/ssh_glue.rs,agent-M3-07,M3-07,locked,2026-10-08T11:46:17Z,,M3-07 wiring
crates/sverb-conn/src/session/event.rs,agent-M3-07,M3-07,modified,2026-10-08T11:46:34Z,,SshSessionInfo.shared_channels
crates/sverb-tui/src/widgets/session_info.rs,agent-M3-07,M3-07,modified,2026-10-08T11:46:34Z,,panel line: shared connection (N channels)
crates/sverb-conn/src/forward/ssh_glue.rs,agent-M3-07,M3-07,modified,2026-10-08T11:46:50Z,,attach_under (child token); TunnelTransport::shared_connection
crates/sverb/Cargo.toml,agent-M2-07,M2-07,released,2026-10-08T11:47:05Z,,orchestrator: complete
crates/sverb-conn/Cargo.toml,agent-M2-07,M2-07,released,2026-10-08T11:47:05Z,,orchestrator: complete
crates/sverb-conn/src/agent/builtin.rs,agent-M2-07,M2-07,released,2026-10-08T11:47:05Z,,orchestrator: complete
crates/sverb-conn/src/agent/confirm.rs,agent-M2-07,M2-07,released,2026-10-08T11:47:06Z,,orchestrator: complete
crates/sverb-conn/src/agent/control.rs,agent-M2-07,M2-07,released,2026-10-08T11:47:06Z,,orchestrator: complete
crates/sverb-conn/src/agent/forward.rs,agent-M2-07,M2-07,released,2026-10-08T11:47:06Z,,orchestrator: complete
crates/sverb-conn/src/agent/loopback_tests.rs,agent-M2-07,M2-07,released,2026-10-08T11:47:06Z,,orchestrator: complete
crates/sverb-conn/src/agent/mod.rs,agent-M2-07,M2-07,released,2026-10-08T11:47:06Z,,orchestrator: complete
crates/sverb-conn/src/agent/peercred.rs,agent-M2-07,M2-07,released,2026-10-08T11:47:07Z,,orchestrator: complete
crates/sverb-conn/src/agent/pipe_windows.rs,agent-M2-07,M2-07,released,2026-10-08T11:47:07Z,,orchestrator: complete
crates/sverb-conn/src/agent/proto.rs,agent-M2-07,M2-07,released,2026-10-08T11:47:07Z,,orchestrator: complete
crates/sverb-conn/src/agent/socket.rs,agent-M2-07,M2-07,released,2026-10-08T11:47:07Z,,orchestrator: complete
crates/sverb-conn/src/agent/tests.rs,agent-M2-07,M2-07,released,2026-10-08T11:47:07Z,,orchestrator: complete
crates/sverb-conn/src/lib.rs,agent-M2-07,M2-07,released,2026-10-08T11:47:07Z,,orchestrator: complete
crates/sverb-conn/src/ssh/channel.rs,agent-M2-07,M2-07,released,2026-10-08T11:47:07Z,,orchestrator: complete
crates/sverb-conn/src/ssh/connect.rs,agent-M2-07,M2-07,released,2026-10-08T11:47:08Z,,orchestrator: complete
crates/sverb-conn/src/ssh/errors.rs,agent-M2-07,M2-07,released,2026-10-08T11:47:08Z,,orchestrator: complete
crates/sverb-conn/src/ssh/handler.rs,agent-M2-07,M2-07,released,2026-10-08T11:47:08Z,,orchestrator: complete
crates/sverb-conn/src/ssh/mod.rs,agent-M2-07,M2-07,released,2026-10-08T11:47:08Z,,orchestrator: complete
crates/sverb-conn/src/ssh/resolved.rs,agent-M2-07,M2-07,released,2026-10-08T11:47:08Z,,orchestrator: complete
crates/sverb-e2e/src/session.rs,agent-M2-07,M2-07,released,2026-10-08T11:47:08Z,,orchestrator: complete
crates/sverb-e2e/tests/agent.rs,agent-M2-07,M2-07,released,2026-10-08T11:47:09Z,,orchestrator: complete
crates/sverb/src/cli/agent.rs,agent-M2-07,M2-07,released,2026-10-08T11:47:09Z,,orchestrator: complete
crates/sverb/src/cli/mod.rs,agent-M2-07,M2-07,released,2026-10-08T11:47:09Z,,orchestrator: complete
crates/sverb/src/cli/tests.rs,agent-M2-07,M2-07,released,2026-10-08T11:47:10Z,,orchestrator: complete
crates/sverb/src/cli/vault.rs,agent-M2-07,M2-07,released,2026-10-08T11:47:10Z,,orchestrator: complete
crates/sverb-tui/src/app/effect.rs,agent-M2-07,M2-07,released,2026-10-08T11:47:10Z,,orchestrator: complete
crates/sverb-tui/src/app/event.rs,agent-M2-07,M2-07,released,2026-10-08T11:47:10Z,,orchestrator: complete
crates/sverb-tui/src/app/mod.rs,agent-M2-07,M2-07,released,2026-10-08T11:47:10Z,,orchestrator: complete
crates/sverb-tui/src/runtime/mod.rs,agent-M2-07,M2-07,released,2026-10-08T11:47:11Z,,orchestrator: complete
crates/sverb-tui/src/services/agent.rs,agent-M2-07,M2-07,released,2026-10-08T11:47:11Z,,orchestrator: complete
crates/sverb-tui/src/services/mod.rs,agent-M2-07,M2-07,released,2026-10-08T11:47:11Z,,orchestrator: complete
crates/sverb-tui/src/services/ssh.rs,agent-M2-07,M2-07,released,2026-10-08T11:47:11Z,,orchestrator: complete
crates/sverb-tui/src/views/dialogs/agent_confirm.rs,agent-M2-07,M2-07,released,2026-10-08T11:47:11Z,,orchestrator: complete
crates/sverb-tui/src/views/dialogs.rs,agent-M2-07,M2-07,released,2026-10-08T11:47:12Z,,orchestrator: complete
crates/sverb-conn/src/ssh/mux_loopback.rs,agent-M3-07,M3-07,modified,2026-10-08T11:50:47Z,,new: M3-07 loopback tests (declared in the ssh/mod.rs copy)
crates/sverb-tui/src/app/mod.rs,agent-M2-09,M2-09,copy,2026-10-08T11:53:15Z,.merge/agent-M2-09/crates/sverb-tui/src/app/mod.rs,M2-09 blocks: mod snippets; dispatch UiEvent::Snippets; index reload; lock transition; dialog answers; view request; leader e; startup check on Connected
crates/sverb-tui/src/app/event.rs,agent-M2-09,M2-09,copy,2026-10-08T11:53:15Z,.merge/agent-M2-09/crates/sverb-tui/src/app/event.rs,UiEvent::Snippets (M2-09 block at end)
crates/sverb-tui/src/app/effect.rs,agent-M2-09,M2-09,copy,2026-10-08T11:53:15Z,.merge/agent-M2-09/crates/sverb-tui/src/app/effect.rs,Effect::Snippets and SessionInput::Raw (M2-09 blocks at end)
crates/sverb-tui/src/views/dialogs.rs,agent-M2-09,M2-09,copy,2026-10-08T11:53:16Z,.merge/agent-M2-09/crates/sverb-tui/src/views/dialogs.rs,DialogKind::Snippet + handle/render arms
crates/sverb-tui/src/services/mod.rs,agent-M2-09,M2-09,copy,2026-10-08T11:53:16Z,.merge/agent-M2-09/crates/sverb-tui/src/services/mod.rs,pub mod snippets; Effect::Snippets arm
crates/sverb-tui/src/services/ssh.rs,agent-M2-09,M2-09,copy,2026-10-08T11:53:16Z,.merge/agent-M2-09/crates/sverb-tui/src/services/ssh.rs,real startup snippet input (defaults + built-ins; Paste and execute); startup_builtins()
crates/sverb/src/cli/mod.rs,agent-M2-09,M2-09,copy,2026-10-08T11:53:16Z,.merge/agent-M2-09/crates/sverb/src/cli/mod.rs,await snippet::run
crates/sverb/src/cli/tests.rs,agent-M2-09,M2-09,copy,2026-10-08T11:53:16Z,.merge/agent-M2-09/crates/sverb/src/cli/tests.rs,SnippetCmd new fields; parse case; snippet run no longer a stub
crates/sverb/src/cli/snapshots/help@sync.snap,agent-M2-09,M2-09,copy,2026-10-08T11:53:16Z,.merge/agent-M2-09/crates/sverb/src/cli/snapshots/help@sync.snap,snippet run --var/--concurrency/--timeout
crates/sverb/src/cli/snapshots/help@local.snap,agent-M2-09,M2-09,copy,2026-10-08T11:53:17Z,.merge/agent-M2-09/crates/sverb/src/cli/snapshots/help@local.snap,snippet run --var/--concurrency/--timeout
crates/sverb-tui/src/services/sessions.rs,agent-M2-09,M2-09,copy,2026-10-08T11:53:17Z,.merge/agent-M2-09/crates/sverb-tui/src/services/sessions.rs,dependent on effect.rs copy: SessionInput::Raw -> SessionCmd::Input
crates/sverb-tui/src/app/input.rs,agent-M2-09,M2-09,copy,2026-10-08T11:53:17Z,.merge/agent-M2-09/crates/sverb-tui/src/app/input.rs,dependent on dialogs.rs copy: dialog_wants_text Snippet arm (in-tree version already modified)
crates/sverb/src/cli/snippet.rs,agent-M2-09,M2-09,copy,2026-10-08T11:53:17Z,.merge/agent-M2-09/crates/sverb/src/cli/snippet.rs,dependent on cli/mod.rs+tests.rs copies: clap --var/--concurrency/--timeout and async run (in-tree version keeps the stub entry)
crates/sverb-tui/src/app/snippets.rs,agent-M2-09,M2-09,copy,2026-10-08T11:53:17Z,.merge/agent-M2-09/crates/sverb-tui/src/app/snippets.rs,new file kept in copy folder: reducer glue (needs held enum variants)
crates/sverb-tui/src/app/snippets_tests.rs,agent-M2-09,M2-09,copy,2026-10-08T11:53:17Z,.merge/agent-M2-09/crates/sverb-tui/src/app/snippets_tests.rs,new file kept in copy folder: reducer tests T-07/T-08
crates/sverb-tui/src/services/snippets.rs,agent-M2-09,M2-09,copy,2026-10-08T11:53:17Z,.merge/agent-M2-09/crates/sverb-tui/src/services/snippets.rs,new file kept in copy folder: snippet service
migrations/client/0002_local_approvals.sql,agent-M2-10,M2-10,locked,2026-10-08T11:53:20Z,,M2-10 local approvals
crates/sverb-store/migrations/0002_local_approvals.sql,agent-M2-10,M2-10,locked,2026-10-08T11:53:21Z,,M2-10 local approvals
crates/sverb-store/src/schema.rs,agent-M2-10,M2-10,locked,2026-10-08T11:53:21Z,,M2-10 local approvals
crates/sverb-store/src/lib.rs,agent-M2-10,M2-10,locked,2026-10-08T11:53:21Z,,M2-10 local approvals
crates/sverb-store/src/approvals.rs,agent-M2-10,M2-10,locked,2026-10-08T11:53:22Z,,M2-10 local approvals
crates/sverb-store/tests/store.rs,agent-M2-10,M2-10,locked,2026-10-08T11:53:22Z,,M2-10 local approvals
crates/sverb-store/tests/approvals.rs,agent-M2-10,M2-10,locked,2026-10-08T11:53:22Z,,M2-10 local approvals
crates/sverb-core/src/resolve.rs,agent-M2-10,M2-10,locked,2026-10-08T11:53:22Z,,M2-10 local approvals
crates/sverb-core/src/resolve/approval.rs,agent-M2-10,M2-10,locked,2026-10-08T11:53:23Z,,M2-10 local approvals
migrations/client/0002_local_approvals.sql,agent-M2-10,M2-10,modified,2026-10-08T12:02:07Z,,M2-10 local_approvals migration and repo
crates/sverb-store/migrations/0002_local_approvals.sql,agent-M2-10,M2-10,modified,2026-10-08T12:02:07Z,,M2-10 local_approvals migration and repo
crates/sverb-store/src/schema.rs,agent-M2-10,M2-10,modified,2026-10-08T12:02:07Z,,M2-10 local_approvals migration and repo
crates/sverb-store/src/lib.rs,agent-M2-10,M2-10,modified,2026-10-08T12:02:07Z,,M2-10 local_approvals migration and repo
crates/sverb-store/src/approvals.rs,agent-M2-10,M2-10,modified,2026-10-08T12:02:07Z,,M2-10 local_approvals migration and repo
crates/sverb-store/tests/store.rs,agent-M2-10,M2-10,modified,2026-10-08T12:02:11Z,,schema version 2
crates/sverb-conn/src/ssh/mod.rs,agent-M3-07,M3-07,locked,2026-10-08T12:02:13Z,,M3-07 wiring (apply copy)
crates/sverb-conn/src/ssh/mod.rs,agent-M3-07,M3-07,modified,2026-10-08T12:02:13Z,,M3-07 pool wiring applied in place
crates/sverb-conn/src/ssh/connect.rs,agent-M3-07,M3-07,locked,2026-10-08T12:02:13Z,,M3-07 wiring (apply copy)
crates/sverb-conn/src/ssh/connect.rs,agent-M3-07,M3-07,modified,2026-10-08T12:02:13Z,,M3-07 pool wiring applied in place
crates/sverb-conn/src/ssh/channel.rs,agent-M3-07,M3-07,locked,2026-10-08T12:02:13Z,,M3-07 wiring (apply copy)
crates/sverb-conn/src/ssh/channel.rs,agent-M3-07,M3-07,modified,2026-10-08T12:02:13Z,,M3-07 pool wiring applied in place
crates/sverb-store/tests/approvals.rs,agent-M2-10,M2-10,modified,2026-10-08T12:02:32Z,,new: repo + T-09
crates/sverb-core/src/resolve.rs,agent-M2-10,M2-10,modified,2026-10-08T12:13:58Z,,pub mod approval (M2-10)
crates/sverb-core/src/resolve/approval.rs,agent-M2-10,M2-10,modified,2026-10-08T12:13:59Z,,new: classification; status; DeviceApprovals
crates/sverb-core/src/resolve/approval_tests.rs,agent-M2-10,M2-10,locked,2026-10-08T12:13:59Z,,M2-10 unit tests
crates/sverb-core/src/resolve/approval_tests.rs,agent-M2-10,M2-10,modified,2026-10-08T12:13:59Z,,new: T-01 T-02 T-03 T-05 T-08 T-10 unit
crates/sverb-store/src/db.rs,agent-M2-10,M2-10,locked,2026-10-08T12:14:51Z,,M2-10 shared DeviceApprovals on Store
crates/sverb-store/src/db.rs,agent-M2-10,M2-10,modified,2026-10-08T12:14:51Z,,Inner.approvals (DeviceApprovals) + WeakStore
crates/sverb-conn/src/proxy/mod.rs,agent-M2-10,M2-10,locked,2026-10-08T12:16:57Z,,M2-10 unify approvals on DeviceApprovals
crates/sverb-conn/src/forward/approval.rs,agent-M2-10,M2-10,locked,2026-10-08T12:16:57Z,,M2-10 unify approvals on DeviceApprovals
crates/sverb-conn/src/forward/manager.rs,agent-M2-10,M2-10,locked,2026-10-08T12:16:57Z,,M2-10 unify approvals on DeviceApprovals
crates/sverb-conn/src/forward/mod.rs,agent-M2-10,M2-10,locked,2026-10-08T12:16:57Z,,M2-10 unify approvals on DeviceApprovals
crates/sverb-conn/src/proxy/mod.rs,agent-M2-10,M2-10,modified,2026-10-08T12:17:59Z,,M2-10 approvals unified on DeviceApprovals
crates/sverb-conn/src/forward/approval.rs,agent-M2-10,M2-10,modified,2026-10-08T12:17:59Z,,M2-10 approvals unified on DeviceApprovals
crates/sverb-conn/src/forward/manager.rs,agent-M2-10,M2-10,modified,2026-10-08T12:17:59Z,,M2-10 approvals unified on DeviceApprovals
crates/sverb-conn/src/proxy/tests.rs,agent-M2-10,M2-10,locked,2026-10-08T12:18:43Z,,M2-10 DeviceApprovals gate test
crates/sverb-conn/src/proxy/tests.rs,agent-M2-10,M2-10,modified,2026-10-08T12:18:43Z,,M2-10 DeviceApprovals gate test
crates/sverb-e2e/tests/openssh_mux.rs,agent-M3-07,M3-07,locked,2026-10-08T12:19:05Z,,new: M3-07 T-05..T-08 OpenSSH e2e (ignored; Docker)
crates/sverb-conn/src/agent/mod.rs,agent-M2-10,M2-10,locked,2026-10-08T12:19:59Z,,M2-10 delegate classification to core
crates/sverb-conn/src/agent/mod.rs,agent-M2-10,M2-10,modified,2026-10-08T12:19:59Z,,needs_approval/APPROVAL_FIELD delegate to core
crates/sverb-conn/src/forward/mod.rs,agent-M2-10,M2-10,modified,2026-10-08T12:19:59Z,,typed_here doc (M2-10)
crates/sverb-e2e/tests/openssh_mux.rs,agent-M3-07,M3-07,modified,2026-10-08T12:19:59Z,,new: M3-07 T-05..T-08 OpenSSH e2e (ignored; Docker)
crates/sverb-tui/src/services/vault/items.rs,agent-M2-10,M2-10,locked,2026-10-08T12:20:26Z,,M2-10 pre-approve typed values at save
crates/sverb-tui/src/services/vault/items.rs,agent-M2-10,M2-10,modified,2026-10-08T12:20:32Z,,save(): pre-approve typed locally-acting values
crates/sverb-tui/src/app/forwards.rs,agent-M2-10,M2-10,locked,2026-10-08T12:21:28Z,,M2-10 forward approvals on store + deny
crates/sverb-tui/src/services/forwards.rs,agent-M2-10,M2-10,locked,2026-10-08T12:21:28Z,,M2-10 forward approvals on store + deny
crates/sverb-tui/src/app/forwards_tests.rs,agent-M2-10,M2-10,locked,2026-10-08T12:21:28Z,,M2-10 forward approvals on store + deny
crates/sverb-tui/src/app/forwards.rs,agent-M2-10,M2-10,modified,2026-10-08T12:21:59Z,,M2-10 store approvals + session deny
crates/sverb-tui/src/services/forwards.rs,agent-M2-10,M2-10,modified,2026-10-08T12:21:59Z,,M2-10 store approvals + session deny
crates/sverb-tui/src/app/forwards_tests.rs,agent-M2-10,M2-10,modified,2026-10-08T12:21:59Z,,M2-10 store approvals + session deny
crates/sverb-tui/tests/approvals.rs,agent-M2-10,M2-10,locked,2026-10-08T12:23:14Z,,M2-10 integration tests
crates/sverb-tui/tests/approvals.rs,agent-M2-10,M2-10,modified,2026-10-08T12:23:46Z,,new: T-03 T-04 T-05 integration
crates/sverb/src/cli/approve.rs,agent-M2-10,M2-10,locked,2026-10-08T12:25:32Z,,M2-10 sverb approve
crates/sverb/src/cli/exit.rs,agent-M2-10,M2-10,locked,2026-10-08T12:25:32Z,,M2-10 exit-5 message variant
crates/sverb/src/cli/forward.rs,agent-M2-10,M2-10,locked,2026-10-08T12:25:32Z,,M2-10 forward uses local_approvals
crates/sverb-conn/src/ssh/exec.rs,agent-M3-07,M3-07,copy,2026-10-08T12:26:58Z,.merge/agent-M3-07/crates/sverb-conn/src/ssh/exec.rs,exec runs through the pool (mux_ssh::connect); jump chains for exec; lease released on close
crates/sverb-tui/src/services/ssh.rs,agent-M3-07,M3-07,copy,2026-10-08T12:26:58Z,.merge/agent-M3-07/crates/sverb-tui/src/services/ssh.rs,with_multiplex(config.ssh.multiplex) on the TUI connector
crates/sverb-conn/src/ssh/mux_loopback.rs,agent-M3-07,M3-07,modified,2026-10-08T12:26:58Z,,new: M3-07 loopback tests (declared in ssh/mod.rs); socket-shutdown drop; tunnel in T-04
crates/sverb-conn/src/ssh/jump.rs,agent-M3-07,M3-07,modified,2026-10-08T12:26:58Z,,declares mux and mux_ssh; removes the pre-pool open/guard_with/label_target
crates/sverb-conn/src/ssh/channel.rs,agent-M3-07,M3-07,modified,2026-10-08T12:26:58Z,,shared-connection close; connection_end() shared by shells and tunnels
crates/sverb-conn/src/forward/ssh_glue.rs,agent-M3-07,M3-07,modified,2026-10-08T12:26:58Z,,attach_under (child token); TunnelTransport shared_connection + with_end (same disconnect reason)
crates/sverb-conn/src/ssh/mux.rs,agent-M3-07,M3-07,modified,2026-10-08T12:26:58Z,,new: M3-07 connection pool (private pools report sharing off)
crates/sverb/src/cli/approve.rs,agent-M2-10,M2-10,modified,2026-10-08T12:27:46Z,,sverb approve implemented (flags via merge copy)
crates/sverb/src/cli/exit.rs,agent-M2-10,M2-10,modified,2026-10-08T12:27:46Z,,CliError::NeedsApproval (exit 5; exact message)
crates/sverb/src/cli/forward.rs,agent-M2-10,M2-10,modified,2026-10-08T12:27:46Z,,checks against local_approvals; stores confirmations
crates/sverb/tests/approve.rs,agent-M2-10,M2-10,locked,2026-10-08T12:28:25Z,,M2-10 CLI PTY tests
crates/sverb/tests/approve.rs,agent-M2-10,M2-10,modified,2026-10-08T12:28:25Z,,new: T-06 T-07 PTY tests
crates/sverb-tui/src/services/ssh.rs,agent-M2-10,M2-10,copy,2026-10-08T12:30:35Z,.merge/agent-M2-10/crates/sverb-tui/src/services/ssh.rs,M2-10 wiring; see MERGE-NOTES
crates/sverb/src/cli/mod.rs,agent-M2-10,M2-10,copy,2026-10-08T12:30:35Z,.merge/agent-M2-10/crates/sverb/src/cli/mod.rs,M2-10 wiring; see MERGE-NOTES
crates/sverb/src/cli/tests.rs,agent-M2-10,M2-10,copy,2026-10-08T12:30:35Z,.merge/agent-M2-10/crates/sverb/src/cli/tests.rs,M2-10 wiring; see MERGE-NOTES
crates/sverb-tui/src/services/import.rs,agent-M2-10,M2-10,copy,2026-10-08T12:30:35Z,.merge/agent-M2-10/crates/sverb-tui/src/services/import.rs,M2-10 wiring; see MERGE-NOTES
crates/sverb-conn/src/ssh/exec.rs,agent-M2-09,M2-09,released,2026-10-08T12:36:35Z,,orchestrator merging
crates/sverb-conn/src/ssh/exec/snippets.rs,agent-M2-09,M2-09,released,2026-10-08T12:36:35Z,,orchestrator merging
crates/sverb-conn/src/ssh/exec/snippets_tests.rs,agent-M2-09,M2-09,released,2026-10-08T12:36:35Z,,orchestrator merging
crates/sverb-conn/src/ssh/testing.rs,agent-M2-09,M2-09,released,2026-10-08T12:36:35Z,,orchestrator merging
crates/sverb-core/src/lib.rs,agent-M2-09,M2-09,released,2026-10-08T12:36:35Z,,orchestrator merging
crates/sverb-core/src/snippet/history.rs,agent-M2-09,M2-09,released,2026-10-08T12:36:35Z,,orchestrator merging
crates/sverb-core/src/snippet/mod.rs,agent-M2-09,M2-09,released,2026-10-08T12:36:35Z,,orchestrator merging
crates/sverb-core/src/snippet/results.rs,agent-M2-09,M2-09,released,2026-10-08T12:36:35Z,,orchestrator merging
crates/sverb-core/src/snippet/targets.rs,agent-M2-09,M2-09,released,2026-10-08T12:36:35Z,,orchestrator merging
crates/sverb-core/src/snippet/template.rs,agent-M2-09,M2-09,released,2026-10-08T12:36:35Z,,orchestrator merging
crates/sverb-core/src/snippet/tests.rs,agent-M2-09,M2-09,released,2026-10-08T12:36:35Z,,orchestrator merging
crates/sverb-core/src/snippet/vars.rs,agent-M2-09,M2-09,released,2026-10-08T12:36:35Z,,orchestrator merging
crates/sverb/src/cli/mod.rs,agent-M2-09,M2-09,released,2026-10-08T12:36:35Z,,orchestrator merging
crates/sverb/src/cli/snapshots/help@local.snap,agent-M2-09,M2-09,released,2026-10-08T12:36:35Z,,orchestrator merging
crates/sverb/src/cli/snapshots/help@sync.snap,agent-M2-09,M2-09,released,2026-10-08T12:36:35Z,,orchestrator merging
crates/sverb/src/cli/snippet.rs,agent-M2-09,M2-09,released,2026-10-08T12:36:35Z,,orchestrator merging
crates/sverb/src/cli/snippet_tests.rs,agent-M2-09,M2-09,released,2026-10-08T12:36:35Z,,orchestrator merging
crates/sverb/src/cli/tests.rs,agent-M2-09,M2-09,released,2026-10-08T12:36:35Z,,orchestrator merging
crates/sverb-tui/src/app/effect.rs,agent-M2-09,M2-09,released,2026-10-08T12:36:35Z,,orchestrator merging
crates/sverb-tui/src/app/event.rs,agent-M2-09,M2-09,released,2026-10-08T12:36:35Z,,orchestrator merging
crates/sverb-tui/src/app/input.rs,agent-M2-09,M2-09,released,2026-10-08T12:36:35Z,,orchestrator merging
crates/sverb-tui/src/app/mod.rs,agent-M2-09,M2-09,released,2026-10-08T12:36:35Z,,orchestrator merging
crates/sverb-tui/src/app/shell.rs,agent-M2-09,M2-09,released,2026-10-08T12:36:35Z,,orchestrator merging
crates/sverb-tui/src/app/snippets.rs,agent-M2-09,M2-09,released,2026-10-08T12:36:35Z,,orchestrator merging
crates/sverb-tui/src/app/snippets_tests.rs,agent-M2-09,M2-09,released,2026-10-08T12:36:35Z,,orchestrator merging
crates/sverb-tui/src/services/mod.rs,agent-M2-09,M2-09,released,2026-10-08T12:36:35Z,,orchestrator merging
crates/sverb-tui/src/services/sessions.rs,agent-M2-09,M2-09,released,2026-10-08T12:36:35Z,,orchestrator merging
crates/sverb-tui/src/services/snippets.rs,agent-M2-09,M2-09,released,2026-10-08T12:36:35Z,,orchestrator merging
crates/sverb-tui/src/services/ssh.rs,agent-M2-09,M2-09,released,2026-10-08T12:36:35Z,,orchestrator merging
crates/sverb-tui/src/views/dialogs.rs,agent-M2-09,M2-09,released,2026-10-08T12:36:35Z,,orchestrator merging
crates/sverb-tui/src/views/mod.rs,agent-M2-09,M2-09,released,2026-10-08T12:36:35Z,,orchestrator merging
crates/sverb-tui/src/views/snippets/form.rs,agent-M2-09,M2-09,released,2026-10-08T12:36:35Z,,orchestrator merging
crates/sverb-tui/src/views/snippets/mod.rs,agent-M2-09,M2-09,released,2026-10-08T12:36:35Z,,orchestrator merging
crates/sverb-tui/src/views/snippets/picker.rs,agent-M2-09,M2-09,released,2026-10-08T12:36:35Z,,orchestrator merging
crates/sverb-tui/src/views/snippets/results.rs,agent-M2-09,M2-09,released,2026-10-08T12:36:35Z,,orchestrator merging
crates/sverb-tui/src/views/snippets/run_dialog.rs,agent-M2-09,M2-09,released,2026-10-08T12:36:35Z,,orchestrator merging
crates/sverb-tui/src/views/snippets/tests.rs,agent-M2-09,M2-09,released,2026-10-08T12:36:35Z,,orchestrator merging
crates/sverb-tui/src/app/snippets.rs,orchestrator,MERGE-M2-09,locked,2026-10-08T12:36:35Z,,merge
crates/sverb-tui/src/app/snippets_tests.rs,orchestrator,MERGE-M2-09,locked,2026-10-08T12:36:36Z,,merge
crates/sverb-tui/src/services/sessions.rs,orchestrator,MERGE-M2-09,locked,2026-10-08T12:36:36Z,,merge
crates/sverb-tui/src/services/snippets.rs,orchestrator,MERGE-M2-09,locked,2026-10-08T12:36:36Z,,merge
crates/sverb/src/cli/snippet.rs,orchestrator,MERGE-M2-09,locked,2026-10-08T12:36:36Z,,merge
crates/sverb-core/Cargo.toml,agent-M2-11,M2-11,released,2026-10-08T12:36:39Z,,orchestrator merging
crates/sverb-core/src/exporters/backup.rs,agent-M2-11,M2-11,released,2026-10-08T12:36:39Z,,orchestrator merging
crates/sverb-core/src/exporters/csv.rs,agent-M2-11,M2-11,released,2026-10-08T12:36:39Z,,orchestrator merging
crates/sverb-core/src/exporters/mod.rs,agent-M2-11,M2-11,released,2026-10-08T12:36:39Z,,orchestrator merging
crates/sverb-core/src/exporters/ssh_config.rs,agent-M2-11,M2-11,released,2026-10-08T12:36:39Z,,orchestrator merging
crates/sverb-core/src/importers/backup.rs,agent-M2-11,M2-11,released,2026-10-08T12:36:39Z,,orchestrator merging
crates/sverb-core/src/importers/csv.rs,agent-M2-11,M2-11,released,2026-10-08T12:36:39Z,,orchestrator merging
crates/sverb-core/src/importers/known_hosts.rs,agent-M2-11,M2-11,released,2026-10-08T12:36:39Z,,orchestrator merging
crates/sverb-core/src/importers/mod.rs,agent-M2-11,M2-11,released,2026-10-08T12:36:39Z,,orchestrator merging
crates/sverb-core/src/importers/preview.rs,agent-M2-11,M2-11,released,2026-10-08T12:36:39Z,,orchestrator merging
crates/sverb-core/src/importers/snapshots/sverb_core__importers__tests__csv_hosts.snap,agent-M2-11,M2-11,released,2026-10-08T12:36:39Z,,orchestrator merging
crates/sverb-core/src/importers/snapshots/sverb_core__importers__tests__ssh_config_basic.snap,agent-M2-11,M2-11,released,2026-10-08T12:36:39Z,,orchestrator merging
crates/sverb-core/src/importers/snapshots/sverb_core__importers__tests__ssh_config_export.snap,agent-M2-11,M2-11,released,2026-10-08T12:36:39Z,,orchestrator merging
crates/sverb-core/src/importers/snapshots/sverb_core__importers__tests__ssh_config_forwards.snap,agent-M2-11,M2-11,released,2026-10-08T12:36:39Z,,orchestrator merging
crates/sverb-core/src/importers/snapshots/sverb_core__importers__tests__ssh_config_include.snap,agent-M2-11,M2-11,released,2026-10-08T12:36:39Z,,orchestrator merging
crates/sverb-core/src/importers/snapshots/sverb_core__importers__tests__ssh_config_match_block.snap,agent-M2-11,M2-11,released,2026-10-08T12:36:39Z,,orchestrator merging
crates/sverb-core/src/importers/snapshots/sverb_core__importers__tests__ssh_config_proxyjump.snap,agent-M2-11,M2-11,released,2026-10-08T12:36:39Z,,orchestrator merging
crates/sverb-core/src/importers/snapshots/sverb_core__importers__tests__ssh_config_quoting.snap,agent-M2-11,M2-11,released,2026-10-08T12:36:39Z,,orchestrator merging
crates/sverb-core/src/importers/snapshots/sverb_core__importers__tests__ssh_config_weird_whitespace.snap,agent-M2-11,M2-11,released,2026-10-08T12:36:39Z,,orchestrator merging
crates/sverb-core/src/importers/snapshots/sverb_core__importers__tests__ssh_config_wildcard.snap,agent-M2-11,M2-11,released,2026-10-08T12:36:39Z,,orchestrator merging
crates/sverb-core/src/importers/ssh_config/include.rs,agent-M2-11,M2-11,released,2026-10-08T12:36:39Z,,orchestrator merging
crates/sverb-core/src/importers/ssh_config/lexer.rs,agent-M2-11,M2-11,released,2026-10-08T12:36:39Z,,orchestrator merging
crates/sverb-core/src/importers/ssh_config/map.rs,agent-M2-11,M2-11,released,2026-10-08T12:36:40Z,,orchestrator merging
crates/sverb-core/src/importers/ssh_config/mod.rs,agent-M2-11,M2-11,released,2026-10-08T12:36:40Z,,orchestrator merging
crates/sverb-core/src/importers/ssh_config/parser.rs,agent-M2-11,M2-11,released,2026-10-08T12:36:40Z,,orchestrator merging
crates/sverb-core/src/importers/tests.rs,agent-M2-11,M2-11,released,2026-10-08T12:36:40Z,,orchestrator merging
crates/sverb-core/src/lib.rs,agent-M2-11,M2-11,released,2026-10-08T12:36:40Z,,orchestrator merging
crates/sverb/src/cli/export.rs,agent-M2-11,M2-11,released,2026-10-08T12:36:40Z,,orchestrator merging
crates/sverb/src/cli/import.rs,agent-M2-11,M2-11,released,2026-10-08T12:36:40Z,,orchestrator merging
crates/sverb/src/cli/import_tests.rs,agent-M2-11,M2-11,released,2026-10-08T12:36:40Z,,orchestrator merging
crates/sverb/src/cli/mod.rs,agent-M2-11,M2-11,released,2026-10-08T12:36:40Z,,orchestrator merging
crates/sverb/src/cli/snapshots/help@local.snap,agent-M2-11,M2-11,released,2026-10-08T12:36:40Z,,orchestrator merging
crates/sverb/src/cli/snapshots/help@sync.snap,agent-M2-11,M2-11,released,2026-10-08T12:36:40Z,,orchestrator merging
crates/sverb/src/cli/snapshots/sverb__cli__import__tests__import_ssh_config_dry_run.snap,agent-M2-11,M2-11,released,2026-10-08T12:36:40Z,,orchestrator merging
crates/sverb/src/cli/tests.rs,agent-M2-11,M2-11,released,2026-10-08T12:36:40Z,,orchestrator merging
crates/sverb-tui/src/app/effect.rs,agent-M2-11,M2-11,released,2026-10-08T12:36:40Z,,orchestrator merging
crates/sverb-tui/src/app/event.rs,agent-M2-11,M2-11,released,2026-10-08T12:36:40Z,,orchestrator merging
crates/sverb-tui/src/app/hosts.rs,agent-M2-11,M2-11,released,2026-10-08T12:36:40Z,,orchestrator merging
crates/sverb-tui/src/app/import.rs,agent-M2-11,M2-11,released,2026-10-08T12:36:40Z,,orchestrator merging
crates/sverb-tui/src/app/input.rs,agent-M2-11,M2-11,released,2026-10-08T12:36:40Z,,orchestrator merging
crates/sverb-tui/src/app/known_hosts.rs,agent-M2-11,M2-11,released,2026-10-08T12:36:40Z,,orchestrator merging
crates/sverb-tui/src/app/known_hosts_tests.rs,agent-M2-11,M2-11,released,2026-10-08T12:36:40Z,,orchestrator merging
crates/sverb-tui/src/app/mod.rs,agent-M2-11,M2-11,released,2026-10-08T12:36:40Z,,orchestrator merging
crates/sverb-tui/src/services/import.rs,agent-M2-11,M2-11,released,2026-10-08T12:36:40Z,,orchestrator merging
crates/sverb-tui/src/services/import_tests.rs,agent-M2-11,M2-11,released,2026-10-08T12:36:40Z,,orchestrator merging
crates/sverb-tui/src/services/mod.rs,agent-M2-11,M2-11,released,2026-10-08T12:36:40Z,,orchestrator merging
crates/sverb-tui/src/views/dialogs.rs,agent-M2-11,M2-11,released,2026-10-08T12:36:40Z,,orchestrator merging
crates/sverb-tui/src/views/hosts/mod.rs,agent-M2-11,M2-11,released,2026-10-08T12:36:40Z,,orchestrator merging
crates/sverb-tui/src/views/import_wizard.rs,agent-M2-11,M2-11,released,2026-10-08T12:36:40Z,,orchestrator merging
crates/sverb-tui/src/views/mod.rs,agent-M2-11,M2-11,released,2026-10-08T12:36:40Z,,orchestrator merging
crates/sverb-tui/src/views/snapshots/sverb_tui__views__import_wizard__tests__import_wizard_export_100x16.snap,agent-M2-11,M2-11,released,2026-10-08T12:36:40Z,,orchestrator merging
crates/sverb-tui/src/views/snapshots/sverb_tui__views__import_wizard__tests__import_wizard_preview_100x26.snap,agent-M2-11,M2-11,released,2026-10-08T12:36:40Z,,orchestrator merging
fuzz/fuzz_targets/ssh_config_parse.rs,agent-M2-11,M2-11,released,2026-10-08T12:36:40Z,,orchestrator merging
tests/fixtures/csv/hosts.csv,agent-M2-11,M2-11,released,2026-10-08T12:36:40Z,,orchestrator merging
tests/fixtures/csv/no_address.csv,agent-M2-11,M2-11,released,2026-10-08T12:36:40Z,,orchestrator merging
tests/fixtures/known_hosts/known_hosts,agent-M2-11,M2-11,released,2026-10-08T12:36:40Z,,orchestrator merging
tests/fixtures/ssh_config/basic,agent-M2-11,M2-11,released,2026-10-08T12:36:40Z,,orchestrator merging
tests/fixtures/ssh_config/forwards,agent-M2-11,M2-11,released,2026-10-08T12:36:40Z,,orchestrator merging
tests/fixtures/ssh_config/include/conf.d/10-first.conf,agent-M2-11,M2-11,released,2026-10-08T12:36:40Z,,orchestrator merging
tests/fixtures/ssh_config/include/conf.d/20-second.conf,agent-M2-11,M2-11,released,2026-10-08T12:36:40Z,,orchestrator merging
tests/fixtures/ssh_config/include/config,agent-M2-11,M2-11,released,2026-10-08T12:36:40Z,,orchestrator merging
tests/fixtures/ssh_config/include/loop_a,agent-M2-11,M2-11,released,2026-10-08T12:36:40Z,,orchestrator merging
tests/fixtures/ssh_config/include/loop_b,agent-M2-11,M2-11,released,2026-10-08T12:36:40Z,,orchestrator merging
tests/fixtures/ssh_config/match_block,agent-M2-11,M2-11,released,2026-10-08T12:36:40Z,,orchestrator merging
tests/fixtures/ssh_config/proxyjump,agent-M2-11,M2-11,released,2026-10-08T12:36:40Z,,orchestrator merging
tests/fixtures/ssh_config/quoting,agent-M2-11,M2-11,released,2026-10-08T12:36:40Z,,orchestrator merging
tests/fixtures/ssh_config/weird_whitespace,agent-M2-11,M2-11,released,2026-10-08T12:36:40Z,,orchestrator merging
tests/fixtures/ssh_config/wildcard,agent-M2-11,M2-11,released,2026-10-08T12:36:40Z,,orchestrator merging
crates/sverb/src/cli/export.rs,orchestrator,MERGE-M2-11,locked,2026-10-08T12:36:40Z,,merge
crates/sverb/src/cli/import.rs,orchestrator,MERGE-M2-11,locked,2026-10-08T12:36:40Z,,merge
crates/sverb/src/cli/snapshots/help@sync.snap,orchestrator,MERGE-M2-11,locked,2026-10-08T12:36:40Z,,merge
crates/sverb/src/cli/snapshots/help@local.snap,orchestrator,MERGE-M2-11,locked,2026-10-08T12:36:40Z,,merge
crates/sverb-core/src/lib.rs,orchestrator,MERGE-M2-11,locked,2026-10-08T12:36:40Z,,merge
crates/sverb-tui/src/app/effect.rs,orchestrator,MERGE-M2-11,locked,2026-10-08T12:36:40Z,,merge
crates/sverb-tui/src/app/event.rs,orchestrator,MERGE-M2-11,locked,2026-10-08T12:36:40Z,,merge
crates/sverb-tui/src/app/hosts.rs,orchestrator,MERGE-M2-11,locked,2026-10-08T12:36:40Z,,merge
crates/sverb-tui/src/app/known_hosts.rs,orchestrator,MERGE-M2-11,locked,2026-10-08T12:36:40Z,,merge
crates/sverb-tui/src/app/known_hosts_tests.rs,orchestrator,MERGE-M2-11,locked,2026-10-08T12:36:40Z,,merge
crates/sverb-tui/src/app/mod.rs,orchestrator,MERGE-M2-11,locked,2026-10-08T12:36:40Z,,merge
crates/sverb-tui/src/app/input.rs,orchestrator,MERGE-M2-11,locked,2026-10-08T12:36:40Z,,merge
crates/sverb-tui/src/services/mod.rs,orchestrator,MERGE-M2-11,locked,2026-10-08T12:36:40Z,,merge
crates/sverb-tui/src/views/dialogs.rs,orchestrator,MERGE-M2-11,locked,2026-10-08T12:36:40Z,,merge
crates/sverb-tui/src/views/hosts/mod.rs,orchestrator,MERGE-M2-11,locked,2026-10-08T12:36:40Z,,merge
crates/sverb-tui/src/views/mod.rs,orchestrator,MERGE-M2-11,locked,2026-10-08T12:36:40Z,,merge
crates/sverb-conn/src/forward/ssh_glue.rs,agent-M3-07,M3-07,released,2026-10-08T12:37:40Z,,orchestrator merging
crates/sverb-conn/src/session/event.rs,agent-M3-07,M3-07,released,2026-10-08T12:37:40Z,,orchestrator merging
crates/sverb-conn/src/session/state.rs,agent-M3-07,M3-07,released,2026-10-08T12:37:40Z,,orchestrator merging
crates/sverb-conn/src/ssh/channel.rs,agent-M3-07,M3-07,released,2026-10-08T12:37:40Z,,orchestrator merging
crates/sverb-conn/src/ssh/connect.rs,agent-M3-07,M3-07,released,2026-10-08T12:37:40Z,,orchestrator merging
crates/sverb-conn/src/ssh/exec.rs,agent-M3-07,M3-07,released,2026-10-08T12:37:40Z,,orchestrator merging
crates/sverb-conn/src/ssh/jump.rs,agent-M3-07,M3-07,released,2026-10-08T12:37:40Z,,orchestrator merging
crates/sverb-conn/src/ssh/mod.rs,agent-M3-07,M3-07,released,2026-10-08T12:37:40Z,,orchestrator merging
crates/sverb-conn/src/ssh/mux_loopback.rs,agent-M3-07,M3-07,released,2026-10-08T12:37:40Z,,orchestrator merging
crates/sverb-conn/src/ssh/mux.rs,agent-M3-07,M3-07,released,2026-10-08T12:37:40Z,,orchestrator merging
crates/sverb-conn/src/ssh/mux_ssh.rs,agent-M3-07,M3-07,released,2026-10-08T12:37:40Z,,orchestrator merging
crates/sverb-conn/src/ssh/mux_tests.rs,agent-M3-07,M3-07,released,2026-10-08T12:37:40Z,,orchestrator merging
crates/sverb-e2e/tests/openssh_mux.rs,agent-M3-07,M3-07,released,2026-10-08T12:37:40Z,,orchestrator merging
crates/sverb-tui/src/services/ssh.rs,agent-M3-07,M3-07,released,2026-10-08T12:37:40Z,,orchestrator merging
crates/sverb-tui/src/widgets/session_info.rs,agent-M3-07,M3-07,released,2026-10-08T12:37:40Z,,orchestrator merging
crates/sverb-conn/src/ssh/exec.rs,orchestrator,MERGE-M3-07,locked,2026-10-08T12:37:40Z,,merge
crates/sverb-conn/src/agent/mod.rs,agent-M2-10,M2-10,released,2026-10-08T12:37:49Z,,orchestrator merging
crates/sverb-conn/src/forward/approval.rs,agent-M2-10,M2-10,released,2026-10-08T12:37:49Z,,orchestrator merging
crates/sverb-conn/src/forward/manager.rs,agent-M2-10,M2-10,released,2026-10-08T12:37:49Z,,orchestrator merging
crates/sverb-conn/src/forward/mod.rs,agent-M2-10,M2-10,released,2026-10-08T12:37:49Z,,orchestrator merging
crates/sverb-conn/src/proxy/mod.rs,agent-M2-10,M2-10,released,2026-10-08T12:37:50Z,,orchestrator merging
crates/sverb-conn/src/proxy/tests.rs,agent-M2-10,M2-10,released,2026-10-08T12:37:50Z,,orchestrator merging
crates/sverb-core/src/resolve/approval.rs,agent-M2-10,M2-10,released,2026-10-08T12:37:50Z,,orchestrator merging
crates/sverb-core/src/resolve/approval_tests.rs,agent-M2-10,M2-10,released,2026-10-08T12:37:50Z,,orchestrator merging
crates/sverb-core/src/resolve.rs,agent-M2-10,M2-10,released,2026-10-08T12:37:50Z,,orchestrator merging
crates/sverb/src/cli/approve.rs,agent-M2-10,M2-10,released,2026-10-08T12:37:50Z,,orchestrator merging
crates/sverb/src/cli/exit.rs,agent-M2-10,M2-10,released,2026-10-08T12:37:50Z,,orchestrator merging
crates/sverb/src/cli/forward.rs,agent-M2-10,M2-10,released,2026-10-08T12:37:50Z,,orchestrator merging
crates/sverb/src/cli/mod.rs,agent-M2-10,M2-10,released,2026-10-08T12:37:50Z,,orchestrator merging
crates/sverb/src/cli/tests.rs,agent-M2-10,M2-10,released,2026-10-08T12:37:50Z,,orchestrator merging
crates/sverb-store/migrations/0002_local_approvals.sql,agent-M2-10,M2-10,released,2026-10-08T12:37:50Z,,orchestrator merging
crates/sverb-store/src/approvals.rs,agent-M2-10,M2-10,released,2026-10-08T12:37:50Z,,orchestrator merging
crates/sverb-store/src/db.rs,agent-M2-10,M2-10,released,2026-10-08T12:37:50Z,,orchestrator merging
crates/sverb-store/src/lib.rs,agent-M2-10,M2-10,released,2026-10-08T12:37:50Z,,orchestrator merging
crates/sverb-store/src/schema.rs,agent-M2-10,M2-10,released,2026-10-08T12:37:50Z,,orchestrator merging
crates/sverb-store/tests/approvals.rs,agent-M2-10,M2-10,released,2026-10-08T12:37:50Z,,orchestrator merging
crates/sverb-store/tests/store.rs,agent-M2-10,M2-10,released,2026-10-08T12:37:50Z,,orchestrator merging
crates/sverb/tests/approve.rs,agent-M2-10,M2-10,released,2026-10-08T12:37:50Z,,orchestrator merging
crates/sverb-tui/src/app/forwards.rs,agent-M2-10,M2-10,released,2026-10-08T12:37:50Z,,orchestrator merging
crates/sverb-tui/src/app/forwards_tests.rs,agent-M2-10,M2-10,released,2026-10-08T12:37:50Z,,orchestrator merging
crates/sverb-tui/src/services/forwards.rs,agent-M2-10,M2-10,released,2026-10-08T12:37:50Z,,orchestrator merging
crates/sverb-tui/src/services/import.rs,agent-M2-10,M2-10,released,2026-10-08T12:37:50Z,,orchestrator merging
crates/sverb-tui/src/services/ssh.rs,agent-M2-10,M2-10,released,2026-10-08T12:37:50Z,,orchestrator merging
crates/sverb-tui/src/services/vault/items.rs,agent-M2-10,M2-10,released,2026-10-08T12:37:50Z,,orchestrator merging
crates/sverb-tui/tests/approvals.rs,agent-M2-10,M2-10,released,2026-10-08T12:37:50Z,,orchestrator merging
migrations/client/0002_local_approvals.sql,agent-M2-10,M2-10,released,2026-10-08T12:37:50Z,,orchestrator merging
crates/sverb-tui/src/services/ssh.rs,orchestrator,MERGE-M2-10,locked,2026-10-08T12:37:50Z,,merge
crates/sverb-tui/src/services/import.rs,orchestrator,MERGE-M2-10,locked,2026-10-08T12:37:50Z,,merge
crates/sverb/src/cli/mod.rs,orchestrator,MERGE-M2-10,locked,2026-10-08T12:37:50Z,,merge
crates/sverb/src/cli/tests.rs,orchestrator,MERGE-M2-10,locked,2026-10-08T12:37:50Z,,merge
crates/sverb/src/cli/approve.rs,orchestrator,MERGE-M2-10,locked,2026-10-08T12:37:50Z,,merge
crates/sverb-conn/src/ssh/exec.rs,orchestrator,MERGE,released,2026-10-08T12:39:10Z,,merged
crates/sverb-core/src/lib.rs,orchestrator,MERGE,released,2026-10-08T12:39:10Z,,merged
crates/sverb/src/cli/approve.rs,orchestrator,MERGE,released,2026-10-08T12:39:10Z,,merged
crates/sverb/src/cli/export.rs,orchestrator,MERGE,released,2026-10-08T12:39:10Z,,merged
crates/sverb/src/cli/import.rs,orchestrator,MERGE,released,2026-10-08T12:39:10Z,,merged
crates/sverb/src/cli/mod.rs,orchestrator,MERGE,released,2026-10-08T12:39:10Z,,merged
crates/sverb/src/cli/snapshots/help@local.snap,orchestrator,MERGE,released,2026-10-08T12:39:10Z,,merged
crates/sverb/src/cli/snapshots/help@sync.snap,orchestrator,MERGE,released,2026-10-08T12:39:10Z,,merged
crates/sverb/src/cli/snippet.rs,orchestrator,MERGE,released,2026-10-08T12:39:10Z,,merged
crates/sverb/src/cli/tests.rs,orchestrator,MERGE,released,2026-10-08T12:39:10Z,,merged
crates/sverb-tui/src/app/effect.rs,orchestrator,MERGE,released,2026-10-08T12:39:10Z,,merged
crates/sverb-tui/src/app/event.rs,orchestrator,MERGE,released,2026-10-08T12:39:10Z,,merged
crates/sverb-tui/src/app/hosts.rs,orchestrator,MERGE,released,2026-10-08T12:39:10Z,,merged
crates/sverb-tui/src/app/input.rs,orchestrator,MERGE,released,2026-10-08T12:39:10Z,,merged
crates/sverb-tui/src/app/known_hosts.rs,orchestrator,MERGE,released,2026-10-08T12:39:10Z,,merged
crates/sverb-tui/src/app/known_hosts_tests.rs,orchestrator,MERGE,released,2026-10-08T12:39:10Z,,merged
crates/sverb-tui/src/app/mod.rs,orchestrator,MERGE,released,2026-10-08T12:39:10Z,,merged
crates/sverb-tui/src/app/snippets.rs,orchestrator,MERGE,released,2026-10-08T12:39:10Z,,merged
crates/sverb-tui/src/app/snippets_tests.rs,orchestrator,MERGE,released,2026-10-08T12:39:10Z,,merged
crates/sverb-tui/src/services/import.rs,orchestrator,MERGE,released,2026-10-08T12:39:10Z,,merged
crates/sverb-tui/src/services/mod.rs,orchestrator,MERGE,released,2026-10-08T12:39:10Z,,merged
crates/sverb-tui/src/services/sessions.rs,orchestrator,MERGE,released,2026-10-08T12:39:10Z,,merged
crates/sverb-tui/src/services/snippets.rs,orchestrator,MERGE,released,2026-10-08T12:39:10Z,,merged
crates/sverb-tui/src/services/ssh.rs,orchestrator,MERGE,released,2026-10-08T12:39:10Z,,merged
crates/sverb-tui/src/views/dialogs.rs,orchestrator,MERGE,released,2026-10-08T12:39:10Z,,merged
crates/sverb-tui/src/views/hosts/mod.rs,orchestrator,MERGE,released,2026-10-08T12:39:10Z,,merged
crates/sverb-tui/src/views/mod.rs,orchestrator,MERGE,released,2026-10-08T12:39:10Z,,merged
crates/sverb-tui/src/app/broadcast.rs,agent-M3-02,M3-02,locked,2026-10-08T12:49:54Z,,new broadcast module
crates/sverb-tui/src/app/broadcast_tests.rs,agent-M3-02,M3-02,locked,2026-10-08T12:49:54Z,,new broadcast module
crates/sverb-tui/src/views/sessions/broadcast.rs,agent-M3-02,M3-02,locked,2026-10-08T12:49:54Z,,new broadcast module
crates/sverb-sync/Cargo.toml,agent-M4-07,M4-07,locked,2026-10-08T12:50:05Z,,reqwest + deps
crates/sverb-sync/src/lib.rs,agent-M4-07,M4-07,locked,2026-10-08T12:50:05Z,,engine modules
crates/sverb-sync/Cargo.toml,agent-M4-07,M4-07,modified,2026-10-08T12:50:18Z,,reqwest + engine deps; server dev-dep
crates/sverb-tui/src/app/palette.rs,agent-M2-12,M2-12,locked,2026-10-08T12:51:11Z,,new: command palette
crates/sverb-tui/src/app/palette_tests.rs,agent-M2-12,M2-12,locked,2026-10-08T12:51:11Z,,new: command palette
crates/sverb-tui/src/views/palette.rs,agent-M2-12,M2-12,locked,2026-10-08T12:51:11Z,,new: command palette
crates/sverb-tui/src/services/palette.rs,agent-M2-12,M2-12,locked,2026-10-08T12:51:11Z,,new: command palette
crates/sverb-tui/src/views/sessions/mod.rs,agent-M3-02,M3-02,locked,2026-10-08T12:51:17Z,,BroadcastSet type for Tab.broadcast
crates/sverb-tui/src/views/sessions/mod.rs,agent-M3-02,M3-02,modified,2026-10-08T12:51:17Z,,mod broadcast; Tab.broadcast is BroadcastSet
crates/sverb-core/src/config/model.rs,agent-M7-01,M7-01,locked,2026-10-08T12:51:25Z,,history.ghost_text / HistoryEntry.verified / history module
crates/sverb-core/src/config/default_config.toml,agent-M7-01,M7-01,locked,2026-10-08T12:51:25Z,,history.ghost_text / HistoryEntry.verified / history module
crates/sverb-core/src/config/tests.rs,agent-M7-01,M7-01,locked,2026-10-08T12:51:25Z,,history.ghost_text / HistoryEntry.verified / history module
docs/config.schema.json,agent-M7-01,M7-01,locked,2026-10-08T12:51:25Z,,history.ghost_text / HistoryEntry.verified / history module
crates/sverb-core/src/model/items.rs,agent-M7-01,M7-01,locked,2026-10-08T12:51:25Z,,history.ghost_text / HistoryEntry.verified / history module
crates/sverb-core/src/model/tests.rs,agent-M7-01,M7-01,locked,2026-10-08T12:51:25Z,,history.ghost_text / HistoryEntry.verified / history module
docs/data-model.md,agent-M7-01,M7-01,locked,2026-10-08T12:51:25Z,,history.ghost_text / HistoryEntry.verified / history module
crates/sverb-core/src/lib.rs,agent-M7-01,M7-01,locked,2026-10-08T12:51:25Z,,history.ghost_text / HistoryEntry.verified / history module
tests/fixtures/putty/gen_ppk.py,agent-M7-03,M7-03,locked,2026-10-08T12:51:29Z,,M7-03 ppk fixtures
tests/fixtures/putty/fingerprints.txt,agent-M7-03,M7-03,locked,2026-10-08T12:51:29Z,,M7-03 ppk fixtures
tests/fixtures/putty/README.md,agent-M7-03,M7-03,locked,2026-10-08T12:51:29Z,,M7-03 ppk fixtures
tests/fixtures/putty/keys/v2_ed25519.ppk,agent-M7-03,M7-03,locked,2026-10-08T12:51:29Z,,ppk fixture
tests/fixtures/putty/keys/v2_ed25519_enc.ppk,agent-M7-03,M7-03,locked,2026-10-08T12:51:29Z,,ppk fixture
tests/fixtures/putty/keys/v2_ecdsa256.ppk,agent-M7-03,M7-03,locked,2026-10-08T12:51:29Z,,ppk fixture
tests/fixtures/putty/keys/v2_ecdsa256_enc.ppk,agent-M7-03,M7-03,locked,2026-10-08T12:51:30Z,,ppk fixture
tests/fixtures/putty/keys/v2_rsa2048.ppk,agent-M7-03,M7-03,locked,2026-10-08T12:51:30Z,,ppk fixture
tests/fixtures/putty/keys/v2_rsa2048_enc.ppk,agent-M7-03,M7-03,locked,2026-10-08T12:51:30Z,,ppk fixture
tests/fixtures/putty/keys/v3_ed25519.ppk,agent-M7-03,M7-03,locked,2026-10-08T12:51:30Z,,ppk fixture
tests/fixtures/putty/keys/v3_ed25519_enc.ppk,agent-M7-03,M7-03,locked,2026-10-08T12:51:30Z,,ppk fixture
tests/fixtures/putty/keys/v3_ecdsa256.ppk,agent-M7-03,M7-03,locked,2026-10-08T12:51:30Z,,ppk fixture
tests/fixtures/putty/keys/v3_ecdsa256_enc.ppk,agent-M7-03,M7-03,locked,2026-10-08T12:51:30Z,,ppk fixture
tests/fixtures/putty/keys/v3_rsa2048.ppk,agent-M7-03,M7-03,locked,2026-10-08T12:51:30Z,,ppk fixture
tests/fixtures/putty/keys/v3_rsa2048_enc.ppk,agent-M7-03,M7-03,locked,2026-10-08T12:51:30Z,,ppk fixture
tests/fixtures/putty/keys/src_ed25519,agent-M7-03,M7-03,locked,2026-10-08T12:51:30Z,,source openssh key for ppk fixture
tests/fixtures/putty/keys/src_ecdsa256,agent-M7-03,M7-03,locked,2026-10-08T12:51:30Z,,source openssh key for ppk fixture
tests/fixtures/putty/keys/src_rsa2048,agent-M7-03,M7-03,locked,2026-10-08T12:51:30Z,,source openssh key for ppk fixture
crates/sverb-core/src/config/model.rs,agent-M7-01,M7-01,modified,2026-10-08T12:51:54Z,,history.ghost_text (spec addition)
crates/sverb-core/src/config/default_config.toml,agent-M7-01,M7-01,modified,2026-10-08T12:51:54Z,,history.ghost_text (spec addition)
crates/sverb-core/src/config/tests.rs,agent-M7-01,M7-01,modified,2026-10-08T12:51:54Z,,history.ghost_text (spec addition)
docs/config.schema.json,agent-M7-01,M7-01,modified,2026-10-08T12:51:54Z,,history.ghost_text (spec addition)
tests/fixtures/putty/gen_ppk.py,agent-M7-03,M7-03,modified,2026-10-08T12:52:04Z,,M7-03 ppk fixture (generated)
tests/fixtures/putty/fingerprints.txt,agent-M7-03,M7-03,modified,2026-10-08T12:52:04Z,,M7-03 ppk fixture (generated)
tests/fixtures/putty/keys/src_ecdsa256,agent-M7-03,M7-03,modified,2026-10-08T12:52:04Z,,M7-03 ppk fixture (generated)
tests/fixtures/putty/keys/src_ed25519,agent-M7-03,M7-03,modified,2026-10-08T12:52:04Z,,M7-03 ppk fixture (generated)
tests/fixtures/putty/keys/src_rsa2048,agent-M7-03,M7-03,modified,2026-10-08T12:52:04Z,,M7-03 ppk fixture (generated)
tests/fixtures/putty/keys/v2_ecdsa256_enc.ppk,agent-M7-03,M7-03,modified,2026-10-08T12:52:04Z,,M7-03 ppk fixture (generated)
tests/fixtures/putty/keys/v2_ecdsa256.ppk,agent-M7-03,M7-03,modified,2026-10-08T12:52:04Z,,M7-03 ppk fixture (generated)
tests/fixtures/putty/keys/v2_ed25519_enc.ppk,agent-M7-03,M7-03,modified,2026-10-08T12:52:04Z,,M7-03 ppk fixture (generated)
tests/fixtures/putty/keys/v2_ed25519.ppk,agent-M7-03,M7-03,modified,2026-10-08T12:52:04Z,,M7-03 ppk fixture (generated)
tests/fixtures/putty/keys/v2_rsa2048_enc.ppk,agent-M7-03,M7-03,modified,2026-10-08T12:52:04Z,,M7-03 ppk fixture (generated)
tests/fixtures/putty/keys/v2_rsa2048.ppk,agent-M7-03,M7-03,modified,2026-10-08T12:52:04Z,,M7-03 ppk fixture (generated)
tests/fixtures/putty/keys/v3_ecdsa256_enc.ppk,agent-M7-03,M7-03,modified,2026-10-08T12:52:04Z,,M7-03 ppk fixture (generated)
tests/fixtures/putty/keys/v3_ecdsa256.ppk,agent-M7-03,M7-03,modified,2026-10-08T12:52:04Z,,M7-03 ppk fixture (generated)
tests/fixtures/putty/keys/v3_ed25519_enc.ppk,agent-M7-03,M7-03,modified,2026-10-08T12:52:04Z,,M7-03 ppk fixture (generated)
tests/fixtures/putty/keys/v3_ed25519.ppk,agent-M7-03,M7-03,modified,2026-10-08T12:52:04Z,,M7-03 ppk fixture (generated)
tests/fixtures/putty/keys/v3_rsa2048_enc.ppk,agent-M7-03,M7-03,modified,2026-10-08T12:52:04Z,,M7-03 ppk fixture (generated)
tests/fixtures/putty/keys/v3_rsa2048.ppk,agent-M7-03,M7-03,modified,2026-10-08T12:52:04Z,,M7-03 ppk fixture (generated)
tests/fixtures/putty/README.md,agent-M7-03,M7-03,released,2026-10-08T12:52:04Z,,not needed
crates/sverb-core/src/keychain/formats/ppk.rs,agent-M7-03,M7-03,locked,2026-10-08T12:52:04Z,,M7-03 ppk parser
crates/sverb-core/src/keychain/formats/mod.rs,agent-M7-03,M7-03,locked,2026-10-08T12:52:04Z,,M7-03 ppk parser
crates/sverb-core/src/keychain/import.rs,agent-M7-03,M7-03,locked,2026-10-08T12:52:04Z,,M7-03 ppk parser
crates/sverb-core/Cargo.toml,agent-M7-03,M7-03,locked,2026-10-08T12:52:04Z,,M7-03 ppk parser
crates/sverb-tui/src/app/state.rs,agent-M3-02,M3-02,locked,2026-10-08T12:52:20Z,,Tabs.broadcast field
crates/sverb-tui/src/app/mod.rs,agent-M3-02,M3-02,locked,2026-10-08T12:52:20Z,,mod broadcast + action arm
crates/sverb-tui/src/app/state.rs,agent-M3-02,M3-02,modified,2026-10-08T12:52:20Z,,Tabs.broadcast: BroadcastUi
crates/sverb-tui/src/app/mod.rs,agent-M3-02,M3-02,modified,2026-10-08T12:52:20Z,,pub mod broadcast; apply_broadcast_action arm
crates/sverb-tui/src/app/input.rs,agent-M3-02,M3-02,locked,2026-10-08T12:52:27Z,,broadcast fan-out of keys and pastes
crates/sverb-tui/src/app/input.rs,agent-M3-02,M3-02,modified,2026-10-08T12:52:27Z,,keys+paste via broadcast_send; confirm dialog key hook
crates/sverb-tui/src/app/snippets.rs,agent-M3-02,M3-02,locked,2026-10-08T12:52:33Z,,broadcast snippet paste runs
crates/sverb-tui/src/app/snippets.rs,agent-M3-02,M3-02,modified,2026-10-08T12:52:33Z,,snippet Paste/Execute via broadcast_send
crates/sverb-core/src/history/mod.rs,agent-M7-01,M7-01,locked,2026-10-08T12:52:43Z,,new history module
crates/sverb-core/src/history/capture.rs,agent-M7-01,M7-01,locked,2026-10-08T12:52:43Z,,new history module
crates/sverb-core/src/history/prompt_learn.rs,agent-M7-01,M7-01,locked,2026-10-08T12:52:43Z,,new history module
crates/sverb-core/src/history/suggest.rs,agent-M7-01,M7-01,locked,2026-10-08T12:52:43Z,,new history module
crates/sverb-core/src/history/static_commands.rs,agent-M7-01,M7-01,locked,2026-10-08T12:52:43Z,,new history module
crates/sverb-core/src/history/static_commands.txt,agent-M7-01,M7-01,locked,2026-10-08T12:52:43Z,,new history module
crates/sverb-core/src/history/tests.rs,agent-M7-01,M7-01,locked,2026-10-08T12:52:43Z,,new history module
crates/sverb-tui/src/widgets/statusbar.rs,agent-M3-02,M3-02,locked,2026-10-08T12:52:46Z,,broadcast note in status
crates/sverb-tui/src/app/shell.rs,agent-M3-02,M3-02,locked,2026-10-08T12:52:46Z,,status broadcast segment
crates/sverb-tui/src/widgets/statusbar.rs,agent-M3-02,M3-02,modified,2026-10-08T12:52:46Z,,StatusInfo.broadcast_note
crates/sverb-tui/src/app/shell.rs,agent-M3-02,M3-02,modified,2026-10-08T12:52:46Z,,status_info fills broadcast segment
crates/sverb-tui/src/app/panes.rs,agent-M3-02,M3-02,locked,2026-10-08T12:52:54Z,,broadcast visuals
crates/sverb-tui/src/widgets/terminal_pane.rs,agent-M3-02,M3-02,locked,2026-10-08T12:52:54Z,,broadcast visuals
crates/sverb-tui/src/app/tabs.rs,agent-M3-02,M3-02,locked,2026-10-08T12:52:54Z,,broadcast visuals
crates/sverb-tui/src/app/panes.rs,agent-M3-02,M3-02,modified,2026-10-08T12:52:59Z,,broadcast visuals (border; ≋ title/tab marker)
crates/sverb-tui/src/widgets/terminal_pane.rs,agent-M3-02,M3-02,modified,2026-10-08T12:52:59Z,,broadcast visuals (border; ≋ title/tab marker)
crates/sverb-tui/src/app/tabs.rs,agent-M3-02,M3-02,modified,2026-10-08T12:52:59Z,,broadcast visuals (border; ≋ title/tab marker)
crates/sverb-store/src/items.rs,agent-M4-07,M4-07,locked,2026-10-08T12:54:05Z,,reseal_item for key rotation
crates/sverb-store/src/items.rs,agent-M4-07,M4-07,modified,2026-10-08T12:54:05Z,,WriteTx::reseal_item
crates/sverb-core/Cargo.toml,agent-M7-03,M7-03,modified,2026-10-08T12:54:08Z,,argon2 dep; cfg(windows) winreg dep
crates/sverb-core/src/keychain/formats/mod.rs,agent-M7-03,M7-03,modified,2026-10-08T12:54:08Z,,pub mod ppk
crates/sverb-core/src/keychain/import.rs,agent-M7-03,M7-03,modified,2026-10-08T12:54:16Z,,register PpkImporter by default
crates/sverb-core/src/keychain/tests.rs,agent-M7-03,M7-03,locked,2026-10-08T12:54:29Z,,update ppk hook test
crates/sverb-core/src/keychain/tests.rs,agent-M7-03,M7-03,modified,2026-10-08T12:54:29Z,,ppk_importer_hook expects the real parser
crates/sverb-core/src/keychain/formats/ppk_tests.rs,agent-M7-03,M7-03,locked,2026-10-08T12:54:32Z,,ppk unit tests
crates/sverb-tui/src/app/snapshots/sverb_tui__app__broadcast__tests__m3_02_t11_broadcast_color_160x48.snap,agent-M3-02,M3-02,locked,2026-10-08T12:54:54Z,,T-11 snapshot
crates/sverb-tui/src/app/snapshots/sverb_tui__app__broadcast__tests__m3_02_t11_broadcast_no_color_160x48.snap,agent-M3-02,M3-02,locked,2026-10-08T12:54:54Z,,T-11 snapshot
crates/sverb-core/src/lib.rs,agent-M7-01,M7-01,modified,2026-10-08T12:55:17Z,,pub mod history
crates/sverb-tui/src/app/snapshots/sverb_tui__app__broadcast__tests__m3_02_t11_broadcast_color_160x48.snap,agent-M3-02,M3-02,modified,2026-10-08T12:55:37Z,,new T-11 snapshot
crates/sverb-tui/src/app/snapshots/sverb_tui__app__broadcast__tests__m3_02_t11_broadcast_no_color_160x48.snap,agent-M3-02,M3-02,modified,2026-10-08T12:55:37Z,,new T-11 snapshot
crates/sverb-tui/src/app/broadcast.rs,agent-M3-02,M3-02,modified,2026-10-08T12:55:37Z,,new M3-02 module
crates/sverb-tui/src/app/broadcast_tests.rs,agent-M3-02,M3-02,modified,2026-10-08T12:55:37Z,,new M3-02 module
crates/sverb-tui/src/views/sessions/broadcast.rs,agent-M3-02,M3-02,modified,2026-10-08T12:55:37Z,,new M3-02 module
crates/sverb-core/src/keychain/formats/ppk_tests.rs,agent-M7-03,M7-03,modified,2026-10-08T12:55:55Z,,ppk tests
crates/sverb-core/src/keychain/formats/ppk.rs,agent-M7-03,M7-03,modified,2026-10-08T12:55:55Z,,ppk parser
assets/shell-integration/bash,agent-M7-01,M7-01,locked,2026-10-08T12:56:33Z,,shell integration snippet
assets/shell-integration/zsh,agent-M7-01,M7-01,locked,2026-10-08T12:56:33Z,,shell integration snippet
assets/shell-integration/fish,agent-M7-01,M7-01,locked,2026-10-08T12:56:33Z,,shell integration snippet
crates/sverb-core/src/snippet/mod.rs,agent-M7-01,M7-01,locked,2026-10-08T12:56:33Z,,shell integration snippet
crates/sverb-core/src/snippet/builtin/mod.rs,agent-M7-01,M7-01,locked,2026-10-08T12:56:33Z,,shell integration snippet
crates/sverb-core/src/snippet/builtin/shell_integration.rs,agent-M7-01,M7-01,locked,2026-10-08T12:56:33Z,,shell integration snippet
crates/sverb-core/src/snippet/builtin/tests.rs,agent-M7-01,M7-01,locked,2026-10-08T12:56:34Z,,shell integration snippet
crates/sverb-core/src/importers/mod.rs,agent-M7-03,M7-03,locked,2026-10-08T12:56:44Z,,M7-03 putty sessions importer
crates/sverb-core/src/importers/preview.rs,agent-M7-03,M7-03,locked,2026-10-08T12:56:44Z,,M7-03 putty sessions importer
crates/sverb-core/src/importers/putty_sessions.rs,agent-M7-03,M7-03,locked,2026-10-08T12:56:44Z,,M7-03 putty sessions importer
crates/sverb-core/src/importers/putty_tests.rs,agent-M7-03,M7-03,locked,2026-10-08T12:56:44Z,,M7-03 putty sessions importer
crates/sverb-tui/src/app/broadcast.rs,agent-M3-02,M3-02,released,2026-10-08T12:57:34Z,,orchestrator: complete
crates/sverb-tui/src/app/broadcast_tests.rs,agent-M3-02,M3-02,released,2026-10-08T12:57:34Z,,orchestrator: complete
crates/sverb-tui/src/app/input.rs,agent-M3-02,M3-02,released,2026-10-08T12:57:34Z,,orchestrator: complete
crates/sverb-tui/src/app/mod.rs,agent-M3-02,M3-02,released,2026-10-08T12:57:34Z,,orchestrator: complete
crates/sverb-tui/src/app/panes.rs,agent-M3-02,M3-02,released,2026-10-08T12:57:34Z,,orchestrator: complete
crates/sverb-tui/src/app/shell.rs,agent-M3-02,M3-02,released,2026-10-08T12:57:34Z,,orchestrator: complete
crates/sverb-tui/src/app/snapshots/sverb_tui__app__broadcast__tests__m3_02_t11_broadcast_color_160x48.snap,agent-M3-02,M3-02,released,2026-10-08T12:57:34Z,,orchestrator: complete
crates/sverb-tui/src/app/snapshots/sverb_tui__app__broadcast__tests__m3_02_t11_broadcast_no_color_160x48.snap,agent-M3-02,M3-02,released,2026-10-08T12:57:34Z,,orchestrator: complete
crates/sverb-tui/src/app/snippets.rs,agent-M3-02,M3-02,released,2026-10-08T12:57:34Z,,orchestrator: complete
crates/sverb-tui/src/app/state.rs,agent-M3-02,M3-02,released,2026-10-08T12:57:34Z,,orchestrator: complete
crates/sverb-tui/src/app/tabs.rs,agent-M3-02,M3-02,released,2026-10-08T12:57:34Z,,orchestrator: complete
crates/sverb-tui/src/views/sessions/broadcast.rs,agent-M3-02,M3-02,released,2026-10-08T12:57:34Z,,orchestrator: complete
crates/sverb-tui/src/views/sessions/mod.rs,agent-M3-02,M3-02,released,2026-10-08T12:57:34Z,,orchestrator: complete
crates/sverb-tui/src/widgets/statusbar.rs,agent-M3-02,M3-02,released,2026-10-08T12:57:34Z,,orchestrator: complete
crates/sverb-tui/src/widgets/terminal_pane.rs,agent-M3-02,M3-02,released,2026-10-08T12:57:34Z,,orchestrator: complete
crates/sverb-tui/src/views/mod.rs,agent-M2-12,M2-12,locked,2026-10-08T12:57:36Z,,M2-12 palette wiring
crates/sverb-tui/src/views/dialogs.rs,agent-M2-12,M2-12,locked,2026-10-08T12:57:36Z,,M2-12 palette wiring
crates/sverb-tui/src/app/event.rs,agent-M2-12,M2-12,locked,2026-10-08T12:57:36Z,,M2-12 palette wiring
crates/sverb-tui/src/app/effect.rs,agent-M2-12,M2-12,locked,2026-10-08T12:57:36Z,,M2-12 palette wiring
crates/sverb-tui/src/services/mod.rs,agent-M2-12,M2-12,locked,2026-10-08T12:57:36Z,,M2-12 palette wiring
crates/sverb-tui/src/app/mod.rs,agent-M2-12,M2-12,locked,2026-10-08T12:57:36Z,,M2-12 palette wiring
crates/sverb-tui/src/app/input.rs,agent-M2-12,M2-12,locked,2026-10-08T12:57:36Z,,M2-12 palette wiring
crates/sverb-tui/src/views/mod.rs,agent-M2-12,M2-12,modified,2026-10-08T12:57:51Z,,pub mod palette
crates/sverb-tui/src/views/dialogs.rs,agent-M2-12,M2-12,modified,2026-10-08T12:57:55Z,,DialogKind::Palette + handle/render arms
crates/sverb-tui/src/app/event.rs,agent-M2-12,M2-12,modified,2026-10-08T12:58:05Z,,M2-12 Palette variant / wiring
crates/sverb-tui/src/app/effect.rs,agent-M2-12,M2-12,modified,2026-10-08T12:58:05Z,,M2-12 Palette variant / wiring
crates/sverb-tui/src/services/mod.rs,agent-M2-12,M2-12,modified,2026-10-08T12:58:05Z,,M2-12 Palette variant / wiring
crates/sverb-tui/src/app/input.rs,agent-M2-12,M2-12,modified,2026-10-08T12:58:12Z,,palette edits text (Insert mode)
crates/sverb-tui/src/app/mod.rs,agent-M2-12,M2-12,modified,2026-10-08T12:58:23Z,,mod palette; App.palette; UiEvent::Palette arm; palette action; take_palette_answer; lock transition
tests/fixtures/putty/sessions/prod%20web,agent-M7-03,M7-03,locked,2026-10-08T12:58:30Z,,putty session fixture
tests/fixtures/putty/sessions/db,agent-M7-03,M7-03,locked,2026-10-08T12:58:30Z,,putty session fixture
tests/fixtures/putty/sessions/corp-http,agent-M7-03,M7-03,locked,2026-10-08T12:58:30Z,,putty session fixture
tests/fixtures/putty/sessions/old%20router,agent-M7-03,M7-03,locked,2026-10-08T12:58:30Z,,putty session fixture
tests/fixtures/putty/sessions/socks4-host,agent-M7-03,M7-03,locked,2026-10-08T12:58:30Z,,putty session fixture
tests/fixtures/putty/sessions/Default%20Settings,agent-M7-03,M7-03,locked,2026-10-08T12:58:30Z,,putty session fixture
tests/fixtures/putty/sessions/ipv6%20box,agent-M7-03,M7-03,locked,2026-10-08T12:58:30Z,,putty session fixture
tests/fixtures/putty/sessions/no-host,agent-M7-03,M7-03,locked,2026-10-08T12:58:30Z,,putty session fixture
tests/fixtures/putty/sessions/serial%2Fcom1,agent-M7-03,M7-03,locked,2026-10-08T12:58:30Z,,putty session fixture
tests/fixtures/putty/sessions/corp-http,agent-M7-03,M7-03,modified,2026-10-08T12:58:35Z,,putty session fixture
tests/fixtures/putty/sessions/db,agent-M7-03,M7-03,modified,2026-10-08T12:58:35Z,,putty session fixture
tests/fixtures/putty/sessions/Default%20Settings,agent-M7-03,M7-03,modified,2026-10-08T12:58:35Z,,putty session fixture
tests/fixtures/putty/sessions/ipv6%20box,agent-M7-03,M7-03,modified,2026-10-08T12:58:35Z,,putty session fixture
tests/fixtures/putty/sessions/no-host,agent-M7-03,M7-03,modified,2026-10-08T12:58:35Z,,putty session fixture
tests/fixtures/putty/sessions/old%20router,agent-M7-03,M7-03,modified,2026-10-08T12:58:35Z,,putty session fixture
tests/fixtures/putty/sessions/prod%20web,agent-M7-03,M7-03,modified,2026-10-08T12:58:35Z,,putty session fixture
tests/fixtures/putty/sessions/serial%2Fcom1,agent-M7-03,M7-03,modified,2026-10-08T12:58:35Z,,putty session fixture
tests/fixtures/putty/sessions/socks4-host,agent-M7-03,M7-03,modified,2026-10-08T12:58:35Z,,putty session fixture
crates/sverb-term/src/osc133.rs,agent-M7-01,M7-01,locked,2026-10-08T12:58:35Z,,OSC 133 command tracker
crates/sverb-term/src/lib.rs,agent-M7-01,M7-01,locked,2026-10-08T12:58:35Z,,OSC 133 command tracker
crates/sverb-term/src/emulator.rs,agent-M7-01,M7-01,locked,2026-10-08T12:58:35Z,,OSC 133 command tracker
crates/sverb-term/src/alacritty/mod.rs,agent-M7-01,M7-01,locked,2026-10-08T12:58:35Z,,OSC 133 command tracker
crates/sverb-term/tests/osc133.rs,agent-M7-01,M7-01,locked,2026-10-08T12:58:35Z,,OSC 133 command tracker
crates/sverb-term/tests/fixtures/bash_osc133.bin,agent-M7-01,M7-01,locked,2026-10-08T12:58:35Z,,OSC 133 command tracker
crates/sverb-core/src/importers/snapshots/sverb_core__importers__putty_sessions__tests__putty_sessions.snap,agent-M7-03,M7-03,locked,2026-10-08T12:59:19Z,,T-05 snapshot
crates/sverb-sync/src/lib.rs,agent-M4-07,M4-07,modified,2026-10-08T12:59:41Z,,engine modules
crates/sverb-sync/src/engine.rs,agent-M4-07,M4-07,locked,2026-10-08T12:59:41Z,,new module
crates/sverb-sync/src/engine.rs,agent-M4-07,M4-07,modified,2026-10-08T12:59:41Z,,new module
crates/sverb-sync/src/error.rs,agent-M4-07,M4-07,locked,2026-10-08T12:59:41Z,,new module
crates/sverb-sync/src/error.rs,agent-M4-07,M4-07,modified,2026-10-08T12:59:41Z,,new module
crates/sverb-sync/src/http.rs,agent-M4-07,M4-07,locked,2026-10-08T12:59:41Z,,new module
crates/sverb-sync/src/http.rs,agent-M4-07,M4-07,modified,2026-10-08T12:59:41Z,,new module
crates/sverb-sync/src/keys.rs,agent-M4-07,M4-07,locked,2026-10-08T12:59:41Z,,new module
crates/sverb-sync/src/keys.rs,agent-M4-07,M4-07,modified,2026-10-08T12:59:41Z,,new module
crates/sverb-sync/src/pull.rs,agent-M4-07,M4-07,locked,2026-10-08T12:59:41Z,,new module
crates/sverb-sync/src/pull.rs,agent-M4-07,M4-07,modified,2026-10-08T12:59:41Z,,new module
crates/sverb-sync/src/push.rs,agent-M4-07,M4-07,locked,2026-10-08T12:59:41Z,,new module
crates/sverb-sync/src/push.rs,agent-M4-07,M4-07,modified,2026-10-08T12:59:41Z,,new module
crates/sverb-sync/src/resync.rs,agent-M4-07,M4-07,locked,2026-10-08T12:59:41Z,,new module
crates/sverb-sync/src/resync.rs,agent-M4-07,M4-07,modified,2026-10-08T12:59:41Z,,new module
crates/sverb-sync/src/status.rs,agent-M4-07,M4-07,locked,2026-10-08T12:59:41Z,,new module
crates/sverb-sync/src/status.rs,agent-M4-07,M4-07,modified,2026-10-08T12:59:41Z,,new module
crates/sverb-sync/src/tokens.rs,agent-M4-07,M4-07,locked,2026-10-08T12:59:41Z,,new module
crates/sverb-sync/src/tokens.rs,agent-M4-07,M4-07,modified,2026-10-08T12:59:41Z,,new module
crates/sverb-core/src/importers/mod.rs,agent-M7-03,M7-03,modified,2026-10-08T12:59:44Z,,M7-03 putty sessions importer
crates/sverb-core/src/importers/preview.rs,agent-M7-03,M7-03,modified,2026-10-08T12:59:44Z,,M7-03 putty sessions importer
crates/sverb-core/src/importers/putty_sessions.rs,agent-M7-03,M7-03,modified,2026-10-08T12:59:44Z,,M7-03 putty sessions importer
crates/sverb-core/src/importers/putty_tests.rs,agent-M7-03,M7-03,modified,2026-10-08T12:59:44Z,,M7-03 putty sessions importer
crates/sverb-core/src/importers/snapshots/sverb_core__importers__putty_sessions__tests__putty_sessions.snap,agent-M7-03,M7-03,modified,2026-10-08T12:59:44Z,,M7-03 putty sessions importer
crates/sverb-term/tests/fixtures/bash_osc133.bin,agent-M7-01,M7-01,released,2026-10-08T13:00:03Z,,used tests/streams instead
crates/sverb-term/tests/streams/bash_osc133.bin,agent-M7-01,M7-01,locked,2026-10-08T13:00:03Z,,T-02 recorded stream
crates/sverb-tui/src/services/import.rs,agent-M7-03,M7-03,locked,2026-10-08T13:00:15Z,,M7-03 putty source wiring
crates/sverb-tui/src/views/import_wizard.rs,agent-M7-03,M7-03,locked,2026-10-08T13:00:16Z,,M7-03 putty source wiring
crates/sverb-tui/src/services/import.rs,agent-M7-03,M7-03,modified,2026-10-08T13:00:16Z,,SourceSpec/WizardSource Putty
crates/sverb-tui/src/views/import_wizard.rs,agent-M7-03,M7-03,modified,2026-10-08T13:00:16Z,,SourceSpec/WizardSource Putty
crates/sverb/src/cli/import.rs,agent-M7-03,M7-03,locked,2026-10-08T13:00:34Z,,M7-03 sverb import putty
crates/sverb/src/cli/tests.rs,agent-M7-03,M7-03,locked,2026-10-08T13:00:34Z,,M7-03 sverb import putty
crates/sverb/src/cli/import_tests.rs,agent-M7-03,M7-03,locked,2026-10-08T13:00:34Z,,M7-03 sverb import putty
crates/sverb-term/src/osc133.rs,agent-M7-01,M7-01,modified,2026-10-08T13:00:44Z,,OSC 133 command tracker
crates/sverb-term/src/lib.rs,agent-M7-01,M7-01,modified,2026-10-08T13:00:44Z,,OSC 133 command tracker
crates/sverb-term/src/emulator.rs,agent-M7-01,M7-01,modified,2026-10-08T13:00:44Z,,OSC 133 command tracker
crates/sverb-term/src/alacritty/mod.rs,agent-M7-01,M7-01,modified,2026-10-08T13:00:44Z,,OSC 133 command tracker
crates/sverb-term/tests/osc133.rs,agent-M7-01,M7-01,modified,2026-10-08T13:00:44Z,,OSC 133 command tracker
crates/sverb-term/tests/streams/bash_osc133.bin,agent-M7-01,M7-01,modified,2026-10-08T13:00:44Z,,OSC 133 command tracker
crates/sverb-conn/src/session/actor.rs,agent-M7-01,M7-01,locked,2026-10-08T13:00:44Z,,route OSC 133 commands
crates/sverb-conn/src/session/event.rs,agent-M7-01,M7-01,locked,2026-10-08T13:00:44Z,,route OSC 133 commands
crates/sverb/src/cli/import.rs,agent-M7-03,M7-03,modified,2026-10-08T13:00:53Z,,import putty implemented
crates/sverb/src/cli/tests.rs,agent-M7-03,M7-03,modified,2026-10-08T13:00:53Z,,import putty implemented
crates/sverb/src/cli/import_tests.rs,agent-M7-03,M7-03,modified,2026-10-08T13:00:53Z,,import putty implemented
crates/sverb-tui/src/app/snapshots/sverb_tui__app__palette_tests__palette_mixed_80x24.snap,agent-M2-12,M2-12,locked,2026-10-08T13:01:36Z,,new: T-09 snapshot
crates/sverb-tui/src/app/snapshots/sverb_tui__app__palette_tests__palette_mixed_160x48.snap,agent-M2-12,M2-12,locked,2026-10-08T13:01:36Z,,new: T-09 snapshot
crates/sverb/src/cli/snapshots/help@sync.snap,agent-M7-03,M7-03,locked,2026-10-08T13:02:18Z,,help text for import putty
crates/sverb/src/cli/snapshots/help@local.snap,agent-M7-03,M7-03,locked,2026-10-08T13:02:22Z,,help text for import putty
crates/sverb-conn/src/session/actor.rs,agent-M7-01,M7-01,modified,2026-10-08T13:02:29Z,,SessionEvent::Command
crates/sverb-conn/src/session/event.rs,agent-M7-01,M7-01,modified,2026-10-08T13:02:29Z,,SessionEvent::Command
crates/sverb/src/cli/snapshots/help@local.snap,agent-M7-03,M7-03,modified,2026-10-08T13:02:53Z,,import putty help
crates/sverb/src/cli/snapshots/help@sync.snap,agent-M7-03,M7-03,modified,2026-10-08T13:02:53Z,,import putty help
crates/sverb-core/src/model/workspace.rs,agent-M3-03,M3-03,locked,2026-10-08T13:02:53Z,,M3-03 typed workspace model
crates/sverb-core/src/model/workspace_tests.rs,agent-M3-03,M3-03,locked,2026-10-08T13:02:53Z,,M3-03 tests
crates/sverb-core/src/model/mod.rs,agent-M3-03,M3-03,locked,2026-10-08T13:02:53Z,,M3-03 mod line
fuzz/fuzz_targets/ppk_parse.rs,agent-M7-03,M7-03,locked,2026-10-08T13:03:45Z,,T-07 fuzz stub
fuzz/fuzz_targets/ppk_parse.rs,agent-M7-03,M7-03,modified,2026-10-08T13:03:45Z,,T-07 fuzz target
crates/sverb-tui/src/views/sessions/autocomplete.rs,agent-M7-01,M7-01,locked,2026-10-08T13:03:59Z,,autocomplete/history
crates/sverb-tui/src/views/sessions/mod.rs,agent-M7-01,M7-01,locked,2026-10-08T13:03:59Z,,autocomplete/history
crates/sverb-tui/src/app/history.rs,agent-M7-01,M7-01,locked,2026-10-08T13:03:59Z,,autocomplete/history
crates/sverb-tui/src/app/history_tests.rs,agent-M7-01,M7-01,locked,2026-10-08T13:03:59Z,,autocomplete/history
crates/sverb-tui/src/services/history.rs,agent-M7-01,M7-01,locked,2026-10-08T13:03:59Z,,autocomplete/history
crates/sverb-tui/tests/history.rs,agent-M7-01,M7-01,locked,2026-10-08T13:03:59Z,,autocomplete/history
crates/sverb-core/src/model/mod.rs,agent-M3-03,M3-03,modified,2026-10-08T13:04:16Z,,pub mod workspace
crates/sverb-core/src/model/workspace.rs,agent-M3-03,M3-03,modified,2026-10-08T13:04:16Z,,new module
crates/sverb-core/src/model/workspace_tests.rs,agent-M3-03,M3-03,modified,2026-10-08T13:04:54Z,,new tests
crates/sverb-tui/src/app/palette.rs,agent-M2-12,M2-12,modified,2026-10-08T13:05:54Z,,new: M2-12 palette
crates/sverb-tui/src/app/palette_tests.rs,agent-M2-12,M2-12,modified,2026-10-08T13:05:54Z,,new: M2-12 palette
crates/sverb-tui/src/views/palette.rs,agent-M2-12,M2-12,modified,2026-10-08T13:05:54Z,,new: M2-12 palette
crates/sverb-tui/src/services/palette.rs,agent-M2-12,M2-12,modified,2026-10-08T13:05:54Z,,new: M2-12 palette
crates/sverb-tui/src/app/snapshots/sverb_tui__app__palette_tests__palette_mixed_80x24.snap,agent-M2-12,M2-12,modified,2026-10-08T13:05:54Z,,new: M2-12 palette
crates/sverb-tui/src/app/snapshots/sverb_tui__app__palette_tests__palette_mixed_160x48.snap,agent-M2-12,M2-12,modified,2026-10-08T13:05:54Z,,new: M2-12 palette
crates/sverb-tui/src/app/effect.rs,agent-M2-12,M2-12,released,2026-10-08T13:06:44Z,,orchestrator: complete
crates/sverb-tui/src/app/event.rs,agent-M2-12,M2-12,released,2026-10-08T13:06:44Z,,orchestrator: complete
crates/sverb-tui/src/app/input.rs,agent-M2-12,M2-12,released,2026-10-08T13:06:44Z,,orchestrator: complete
crates/sverb-tui/src/app/mod.rs,agent-M2-12,M2-12,released,2026-10-08T13:06:44Z,,orchestrator: complete
crates/sverb-tui/src/app/palette.rs,agent-M2-12,M2-12,released,2026-10-08T13:06:44Z,,orchestrator: complete
crates/sverb-tui/src/app/palette_tests.rs,agent-M2-12,M2-12,released,2026-10-08T13:06:44Z,,orchestrator: complete
crates/sverb-tui/src/app/snapshots/sverb_tui__app__palette_tests__palette_mixed_160x48.snap,agent-M2-12,M2-12,released,2026-10-08T13:06:44Z,,orchestrator: complete
crates/sverb-tui/src/app/snapshots/sverb_tui__app__palette_tests__palette_mixed_80x24.snap,agent-M2-12,M2-12,released,2026-10-08T13:06:44Z,,orchestrator: complete
crates/sverb-tui/src/services/mod.rs,agent-M2-12,M2-12,released,2026-10-08T13:06:44Z,,orchestrator: complete
crates/sverb-tui/src/services/palette.rs,agent-M2-12,M2-12,released,2026-10-08T13:06:44Z,,orchestrator: complete
crates/sverb-tui/src/views/dialogs.rs,agent-M2-12,M2-12,released,2026-10-08T13:06:44Z,,orchestrator: complete
crates/sverb-tui/src/views/mod.rs,agent-M2-12,M2-12,released,2026-10-08T13:06:44Z,,orchestrator: complete
crates/sverb-tui/src/views/palette.rs,agent-M2-12,M2-12,released,2026-10-08T13:06:44Z,,orchestrator: complete
crates/sverb-tui/src/app/workspaces.rs,agent-M3-03,M3-03,locked,2026-10-08T13:06:46Z,,M3-03 workspaces
crates/sverb-tui/src/app/workspaces_tests.rs,agent-M3-03,M3-03,locked,2026-10-08T13:06:46Z,,M3-03 workspaces
crates/sverb-tui/src/views/workspaces.rs,agent-M3-03,M3-03,locked,2026-10-08T13:06:46Z,,M3-03 workspaces
crates/sverb-tui/src/services/workspaces.rs,agent-M3-03,M3-03,locked,2026-10-08T13:06:46Z,,M3-03 workspaces
crates/sverb-tui/src/app/state.rs,agent-M3-03,M3-03,locked,2026-10-08T13:06:46Z,,M3-03 workspaces
crates/sverb-tui/src/app/tabs.rs,agent-M3-03,M3-03,locked,2026-10-08T13:06:46Z,,M3-03 workspaces
crates/sverb-tui/src/keymap/action.rs,agent-M3-03,M3-03,locked,2026-10-08T13:06:46Z,,M3-03 workspaces
crates/sverb-tui/src/widgets/terminal_pane.rs,agent-M3-03,M3-03,locked,2026-10-08T13:06:46Z,,M3-03 workspaces
crates/sverb-tui/src/app/sessions/reconnect.rs,agent-M3-03,M3-03,locked,2026-10-08T13:06:46Z,,M3-03 workspaces
crates/sverb-core/src/history/mod.rs,agent-M7-01,M7-01,modified,2026-10-08T13:06:48Z,,M7-01 history/shell integration
crates/sverb-core/src/history/capture.rs,agent-M7-01,M7-01,modified,2026-10-08T13:06:48Z,,M7-01 history/shell integration
crates/sverb-core/src/history/prompt_learn.rs,agent-M7-01,M7-01,modified,2026-10-08T13:06:48Z,,M7-01 history/shell integration
crates/sverb-core/src/history/suggest.rs,agent-M7-01,M7-01,modified,2026-10-08T13:06:48Z,,M7-01 history/shell integration
crates/sverb-core/src/history/static_commands.rs,agent-M7-01,M7-01,modified,2026-10-08T13:06:48Z,,M7-01 history/shell integration
crates/sverb-core/src/history/tests.rs,agent-M7-01,M7-01,modified,2026-10-08T13:06:48Z,,M7-01 history/shell integration
crates/sverb-core/src/history/static_commands.txt,agent-M7-01,M7-01,modified,2026-10-08T13:06:48Z,,M7-01 history/shell integration
crates/sverb-core/src/snippet/mod.rs,agent-M7-01,M7-01,modified,2026-10-08T13:06:48Z,,M7-01 history/shell integration
crates/sverb-core/src/snippet/builtin/mod.rs,agent-M7-01,M7-01,modified,2026-10-08T13:06:48Z,,M7-01 history/shell integration
crates/sverb-core/src/snippet/builtin/shell_integration.rs,agent-M7-01,M7-01,modified,2026-10-08T13:06:48Z,,M7-01 history/shell integration
crates/sverb-core/src/snippet/builtin/tests.rs,agent-M7-01,M7-01,modified,2026-10-08T13:06:48Z,,M7-01 history/shell integration
assets/shell-integration/bash,agent-M7-01,M7-01,modified,2026-10-08T13:06:48Z,,M7-01 history/shell integration
assets/shell-integration/zsh,agent-M7-01,M7-01,modified,2026-10-08T13:06:48Z,,M7-01 history/shell integration
assets/shell-integration/fish,agent-M7-01,M7-01,modified,2026-10-08T13:06:48Z,,M7-01 history/shell integration
crates/sverb-core/src/model/items.rs,agent-M7-01,M7-01,modified,2026-10-08T13:06:48Z,,M7-01 history/shell integration
crates/sverb-core/src/model/tests.rs,agent-M7-01,M7-01,modified,2026-10-08T13:06:48Z,,M7-01 history/shell integration
docs/data-model.md,agent-M7-01,M7-01,modified,2026-10-08T13:06:48Z,,M7-01 history/shell integration
crates/sverb-core/Cargo.toml,agent-M7-03,M7-03,released,2026-10-08T13:07:59Z,,orchestrator: complete
crates/sverb-core/src/importers/mod.rs,agent-M7-03,M7-03,released,2026-10-08T13:07:59Z,,orchestrator: complete
crates/sverb-core/src/importers/preview.rs,agent-M7-03,M7-03,released,2026-10-08T13:07:59Z,,orchestrator: complete
crates/sverb-core/src/importers/putty_sessions.rs,agent-M7-03,M7-03,released,2026-10-08T13:07:59Z,,orchestrator: complete
crates/sverb-core/src/importers/putty_tests.rs,agent-M7-03,M7-03,released,2026-10-08T13:07:59Z,,orchestrator: complete
crates/sverb-core/src/importers/snapshots/sverb_core__importers__putty_sessions__tests__putty_sessions.snap,agent-M7-03,M7-03,released,2026-10-08T13:07:59Z,,orchestrator: complete
crates/sverb-core/src/keychain/formats/mod.rs,agent-M7-03,M7-03,released,2026-10-08T13:07:59Z,,orchestrator: complete
crates/sverb-core/src/keychain/formats/ppk.rs,agent-M7-03,M7-03,released,2026-10-08T13:07:59Z,,orchestrator: complete
crates/sverb-core/src/keychain/formats/ppk_tests.rs,agent-M7-03,M7-03,released,2026-10-08T13:07:59Z,,orchestrator: complete
crates/sverb-core/src/keychain/import.rs,agent-M7-03,M7-03,released,2026-10-08T13:07:59Z,,orchestrator: complete
crates/sverb-core/src/keychain/tests.rs,agent-M7-03,M7-03,released,2026-10-08T13:07:59Z,,orchestrator: complete
crates/sverb/src/cli/import.rs,agent-M7-03,M7-03,released,2026-10-08T13:07:59Z,,orchestrator: complete
crates/sverb/src/cli/import_tests.rs,agent-M7-03,M7-03,released,2026-10-08T13:07:59Z,,orchestrator: complete
crates/sverb/src/cli/snapshots/help@local.snap,agent-M7-03,M7-03,released,2026-10-08T13:07:59Z,,orchestrator: complete
crates/sverb/src/cli/snapshots/help@sync.snap,agent-M7-03,M7-03,released,2026-10-08T13:07:59Z,,orchestrator: complete
crates/sverb/src/cli/tests.rs,agent-M7-03,M7-03,released,2026-10-08T13:07:59Z,,orchestrator: complete
crates/sverb-tui/src/services/import.rs,agent-M7-03,M7-03,released,2026-10-08T13:07:59Z,,orchestrator: complete
crates/sverb-tui/src/views/import_wizard.rs,agent-M7-03,M7-03,released,2026-10-08T13:07:59Z,,orchestrator: complete
fuzz/fuzz_targets/ppk_parse.rs,agent-M7-03,M7-03,released,2026-10-08T13:07:59Z,,orchestrator: complete
tests/fixtures/putty/fingerprints.txt,agent-M7-03,M7-03,released,2026-10-08T13:07:59Z,,orchestrator: complete
tests/fixtures/putty/gen_ppk.py,agent-M7-03,M7-03,released,2026-10-08T13:07:59Z,,orchestrator: complete
tests/fixtures/putty/keys/src_ecdsa256,agent-M7-03,M7-03,released,2026-10-08T13:07:59Z,,orchestrator: complete
tests/fixtures/putty/keys/src_ed25519,agent-M7-03,M7-03,released,2026-10-08T13:07:59Z,,orchestrator: complete
tests/fixtures/putty/keys/src_rsa2048,agent-M7-03,M7-03,released,2026-10-08T13:07:59Z,,orchestrator: complete
tests/fixtures/putty/keys/v2_ecdsa256_enc.ppk,agent-M7-03,M7-03,released,2026-10-08T13:07:59Z,,orchestrator: complete
tests/fixtures/putty/keys/v2_ecdsa256.ppk,agent-M7-03,M7-03,released,2026-10-08T13:07:59Z,,orchestrator: complete
tests/fixtures/putty/keys/v2_ed25519_enc.ppk,agent-M7-03,M7-03,released,2026-10-08T13:07:59Z,,orchestrator: complete
tests/fixtures/putty/keys/v2_ed25519.ppk,agent-M7-03,M7-03,released,2026-10-08T13:07:59Z,,orchestrator: complete
tests/fixtures/putty/keys/v2_rsa2048_enc.ppk,agent-M7-03,M7-03,released,2026-10-08T13:07:59Z,,orchestrator: complete
tests/fixtures/putty/keys/v2_rsa2048.ppk,agent-M7-03,M7-03,released,2026-10-08T13:07:59Z,,orchestrator: complete
tests/fixtures/putty/keys/v3_ecdsa256_enc.ppk,agent-M7-03,M7-03,released,2026-10-08T13:07:59Z,,orchestrator: complete
tests/fixtures/putty/keys/v3_ecdsa256.ppk,agent-M7-03,M7-03,released,2026-10-08T13:07:59Z,,orchestrator: complete
tests/fixtures/putty/keys/v3_ed25519_enc.ppk,agent-M7-03,M7-03,released,2026-10-08T13:07:59Z,,orchestrator: complete
tests/fixtures/putty/keys/v3_ed25519.ppk,agent-M7-03,M7-03,released,2026-10-08T13:07:59Z,,orchestrator: complete
tests/fixtures/putty/keys/v3_rsa2048_enc.ppk,agent-M7-03,M7-03,released,2026-10-08T13:07:59Z,,orchestrator: complete
tests/fixtures/putty/keys/v3_rsa2048.ppk,agent-M7-03,M7-03,released,2026-10-08T13:07:59Z,,orchestrator: complete
tests/fixtures/putty/sessions/corp-http,agent-M7-03,M7-03,released,2026-10-08T13:07:59Z,,orchestrator: complete
tests/fixtures/putty/sessions/db,agent-M7-03,M7-03,released,2026-10-08T13:07:59Z,,orchestrator: complete
tests/fixtures/putty/sessions/Default%20Settings,agent-M7-03,M7-03,released,2026-10-08T13:07:59Z,,orchestrator: complete
tests/fixtures/putty/sessions/ipv6%20box,agent-M7-03,M7-03,released,2026-10-08T13:07:59Z,,orchestrator: complete
tests/fixtures/putty/sessions/no-host,agent-M7-03,M7-03,released,2026-10-08T13:07:59Z,,orchestrator: complete
tests/fixtures/putty/sessions/old%20router,agent-M7-03,M7-03,released,2026-10-08T13:07:59Z,,orchestrator: complete
tests/fixtures/putty/sessions/prod%20web,agent-M7-03,M7-03,released,2026-10-08T13:07:59Z,,orchestrator: complete
tests/fixtures/putty/sessions/serial%2Fcom1,agent-M7-03,M7-03,released,2026-10-08T13:07:59Z,,orchestrator: complete
tests/fixtures/putty/sessions/socks4-host,agent-M7-03,M7-03,released,2026-10-08T13:07:59Z,,orchestrator: complete
crates/sverb/src/cli/snapshots/help@local.snap,orchestrator,FIX,locked,2026-10-08T13:08:05Z,,regen approve flags
crates/sverb-tui/src/views/sessions/autocomplete.rs,agent-M7-01,M7-01,modified,2026-10-08T13:08:10Z,,overlay view
crates/sverb-tui/src/views/sessions/mod.rs,agent-M7-01,M7-01,modified,2026-10-08T13:08:10Z,,mod autocomplete
crates/sverb-tui/src/app/copy.rs,agent-M7-01,M7-01,locked,2026-10-08T13:08:15Z,,emulator() pub(crate)
crates/sverb-tui/src/app/copy.rs,agent-M7-01,M7-01,modified,2026-10-08T13:08:15Z,,emulator() pub(crate)
crates/sverb/src/cli/account.rs,agent-M4-07,M4-07,locked,2026-10-08T13:08:29Z,,sverb sync --now/--status
crates/sverb/src/cli/mod.rs,agent-M4-07,M4-07,locked,2026-10-08T13:08:30Z,,await account::sync
crates/sverb/src/cli/snapshots/help@local.snap,orchestrator,FIX,released,2026-10-08T13:08:37Z,,regenerated
crates/sverb/src/cli/account.rs,agent-M4-07,M4-07,modified,2026-10-08T13:09:06Z,,sverb sync --now/--status body
crates/sverb/src/cli/mod.rs,agent-M4-07,M4-07,modified,2026-10-08T13:09:06Z,,await account::sync (1 line)
crates/sverb-tui/src/app/event.rs,agent-M4-07,M4-07,locked,2026-10-08T13:09:31Z,,UiEvent::Sync wiring + sync service
crates/sverb-tui/src/app/mod.rs,agent-M4-07,M4-07,locked,2026-10-08T13:09:31Z,,UiEvent::Sync wiring + sync service
crates/sverb-tui/src/app/sync.rs,agent-M4-07,M4-07,locked,2026-10-08T13:09:31Z,,UiEvent::Sync wiring + sync service
crates/sverb-tui/src/services/mod.rs,agent-M4-07,M4-07,locked,2026-10-08T13:09:31Z,,UiEvent::Sync wiring + sync service
crates/sverb-tui/src/services/sync.rs,agent-M4-07,M4-07,locked,2026-10-08T13:09:31Z,,UiEvent::Sync wiring + sync service
crates/sverb-tui/src/services/ai/mod.rs,agent-M7-02,M7-02,locked,2026-10-08T13:10:06Z,,M7-02 AI assistant (new file)
crates/sverb-tui/src/services/ai/provider.rs,agent-M7-02,M7-02,locked,2026-10-08T13:10:06Z,,M7-02 AI assistant (new file)
crates/sverb-tui/src/services/ai/anthropic.rs,agent-M7-02,M7-02,locked,2026-10-08T13:10:06Z,,M7-02 AI assistant (new file)
crates/sverb-tui/src/services/ai/openai_compat.rs,agent-M7-02,M7-02,locked,2026-10-08T13:10:06Z,,M7-02 AI assistant (new file)
crates/sverb-tui/src/services/ai/context.rs,agent-M7-02,M7-02,locked,2026-10-08T13:10:06Z,,M7-02 AI assistant (new file)
crates/sverb-tui/src/services/ai/tests.rs,agent-M7-02,M7-02,locked,2026-10-08T13:10:06Z,,M7-02 AI assistant (new file)
crates/sverb-tui/src/views/ai_prompt.rs,agent-M7-02,M7-02,locked,2026-10-08T13:10:06Z,,M7-02 AI assistant (new file)
crates/sverb-tui/src/app/ai.rs,agent-M7-02,M7-02,locked,2026-10-08T13:10:06Z,,M7-02 AI assistant (new file)
crates/sverb-tui/src/app/ai_tests.rs,agent-M7-02,M7-02,locked,2026-10-08T13:10:06Z,,M7-02 AI assistant (new file)
crates/sverb-tui/tests/ai.rs,agent-M7-02,M7-02,locked,2026-10-08T13:10:06Z,,M7-02 AI assistant (new file)
crates/sverb-tui/src/app/effect.rs,agent-M7-01,M7-01,locked,2026-10-08T13:10:08Z,,wiring
crates/sverb-tui/src/app/input.rs,agent-M7-01,M7-01,locked,2026-10-08T13:10:09Z,,wiring
crates/sverb-tui/src/views/dialogs.rs,agent-M7-01,M7-01,locked,2026-10-08T13:10:09Z,,wiring
crates/sverb-tui/src/app/hosts.rs,agent-M7-01,M7-01,locked,2026-10-08T13:10:09Z,,wiring
crates/sverb-tui/src/views/hosts/mod.rs,agent-M7-01,M7-01,locked,2026-10-08T13:10:09Z,,wiring
crates/sverb-tui/src/app/panes.rs,agent-M7-01,M7-01,locked,2026-10-08T13:10:09Z,,wiring
crates/sverb-tui/src/runtime/mod.rs,agent-M7-01,M7-01,locked,2026-10-08T13:10:09Z,,wiring
crates/sverb-tui/src/views/mod.rs,agent-M3-03,M3-03,locked,2026-10-08T13:10:24Z,,wiring
crates/sverb-tui/Cargo.toml,agent-M7-02,M7-02,locked,2026-10-08T13:10:36Z,,M7-02 wiring
crates/sverb-tui/src/app/shell.rs,agent-M7-02,M7-02,locked,2026-10-08T13:10:36Z,,M7-02 wiring
crates/sverb-tui/src/app/modal.rs,agent-M7-02,M7-02,locked,2026-10-08T13:10:36Z,,M7-02 wiring
crates/sverb-tui/src/views/mod.rs,agent-M3-03,M3-03,modified,2026-10-08T13:10:37Z,,pub mod workspaces
crates/sverb-tui/src/app/event.rs,agent-M4-07,M4-07,modified,2026-10-08T13:10:54Z,,UiEvent::Sync variant (cfg sync)
crates/sverb-tui/src/app/mod.rs,agent-M4-07,M4-07,modified,2026-10-08T13:10:54Z,,cfg(sync) mod sync + UiEvent::Sync arm (3 small hunks)
crates/sverb-tui/src/app/sync.rs,agent-M4-07,M4-07,modified,2026-10-08T13:10:54Z,,new: on_sync
crates/sverb-tui/src/services/mod.rs,agent-M4-07,M4-07,modified,2026-10-08T13:10:54Z,,cfg(sync) pub mod sync
crates/sverb-tui/src/services/sync.rs,agent-M4-07,M4-07,modified,2026-10-08T13:10:54Z,,new: SyncService
crates/sverb-tui/src/app/mod.rs,agent-M3-03,M3-03,copy,2026-10-08T13:11:01Z,.merge/agent-M3-03/crates/sverb-tui/src/app/mod.rs,M3-03 workspaces wiring
crates/sverb-tui/src/app/effect.rs,agent-M3-03,M3-03,copy,2026-10-08T13:11:02Z,.merge/agent-M3-03/crates/sverb-tui/src/app/effect.rs,M3-03 workspaces wiring
crates/sverb-tui/src/app/event.rs,agent-M3-03,M3-03,copy,2026-10-08T13:11:02Z,.merge/agent-M3-03/crates/sverb-tui/src/app/event.rs,M3-03 workspaces wiring
crates/sverb-tui/src/app/input.rs,agent-M3-03,M3-03,copy,2026-10-08T13:11:02Z,.merge/agent-M3-03/crates/sverb-tui/src/app/input.rs,M3-03 workspaces wiring
crates/sverb-tui/src/views/dialogs.rs,agent-M3-03,M3-03,copy,2026-10-08T13:11:02Z,.merge/agent-M3-03/crates/sverb-tui/src/views/dialogs.rs,M3-03 workspaces wiring
crates/sverb-tui/src/services/mod.rs,agent-M3-03,M3-03,copy,2026-10-08T13:11:02Z,.merge/agent-M3-03/crates/sverb-tui/src/services/mod.rs,M3-03 workspaces wiring
crates/sverb-tui/src/app/workspaces.rs,agent-M3-03,M3-03,modified,2026-10-08T13:11:02Z,,M3-03 workspaces
crates/sverb-tui/src/views/workspaces.rs,agent-M3-03,M3-03,modified,2026-10-08T13:11:02Z,,M3-03 workspaces
crates/sverb-tui/src/services/workspaces.rs,agent-M3-03,M3-03,modified,2026-10-08T13:11:02Z,,M3-03 workspaces
crates/sverb-tui/src/app/state.rs,agent-M3-03,M3-03,modified,2026-10-08T13:11:02Z,,M3-03 workspaces
crates/sverb-tui/src/app/tabs.rs,agent-M3-03,M3-03,modified,2026-10-08T13:11:02Z,,M3-03 workspaces
crates/sverb-tui/src/keymap/action.rs,agent-M3-03,M3-03,modified,2026-10-08T13:11:02Z,,M3-03 workspaces
crates/sverb-tui/src/widgets/terminal_pane.rs,agent-M3-03,M3-03,modified,2026-10-08T13:11:02Z,,M3-03 workspaces
crates/sverb-tui/src/app/sessions/reconnect.rs,agent-M3-03,M3-03,modified,2026-10-08T13:11:02Z,,M3-03 workspaces
crates/sverb-tui/src/app/state.rs,agent-M3-03,M3-03,copy,2026-10-08T13:11:16Z,.merge/agent-M3-03/crates/sverb-tui/src/app/state.rs,M3-03 wiring kept as copy so the in-place build compiles until app/mod.rs merges
crates/sverb-tui/src/app/tabs.rs,agent-M3-03,M3-03,copy,2026-10-08T13:11:16Z,.merge/agent-M3-03/crates/sverb-tui/src/app/tabs.rs,M3-03 wiring kept as copy so the in-place build compiles until app/mod.rs merges
crates/sverb-tui/Cargo.toml,agent-M7-02,M7-02,modified,2026-10-08T13:12:10Z,,feature ai; optional reqwest/rustls/webpki-roots
crates/sverb-tui/src/app/workspaces_tests.rs,agent-M3-03,M3-03,modified,2026-10-08T13:13:12Z,,new tests
crates/sverb-sync/tests/engine.rs,agent-M4-07,M4-07,locked,2026-10-08T13:15:25Z,,new test
crates/sverb-sync/tests/engine.rs,agent-M4-07,M4-07,modified,2026-10-08T13:15:25Z,,new M4-07 tests/harness
crates/sverb-sync/tests/engine_mock.rs,agent-M4-07,M4-07,locked,2026-10-08T13:15:25Z,,new test
crates/sverb-sync/tests/engine_mock.rs,agent-M4-07,M4-07,modified,2026-10-08T13:15:25Z,,new M4-07 tests/harness
crates/sverb-sync/tests/common/mod.rs,agent-M4-07,M4-07,locked,2026-10-08T13:15:26Z,,new test
crates/sverb-sync/tests/common/mod.rs,agent-M4-07,M4-07,modified,2026-10-08T13:15:26Z,,new M4-07 tests/harness
crates/sverb/src/cli/account.rs,agent-M4-07,M4-07,released,2026-10-08T13:16:03Z,,orchestrator: complete
crates/sverb/src/cli/mod.rs,agent-M4-07,M4-07,released,2026-10-08T13:16:03Z,,orchestrator: complete
crates/sverb-store/src/items.rs,agent-M4-07,M4-07,released,2026-10-08T13:16:03Z,,orchestrator: complete
crates/sverb-sync/Cargo.toml,agent-M4-07,M4-07,released,2026-10-08T13:16:03Z,,orchestrator: complete
crates/sverb-sync/src/engine.rs,agent-M4-07,M4-07,released,2026-10-08T13:16:03Z,,orchestrator: complete
crates/sverb-sync/src/error.rs,agent-M4-07,M4-07,released,2026-10-08T13:16:03Z,,orchestrator: complete
crates/sverb-sync/src/http.rs,agent-M4-07,M4-07,released,2026-10-08T13:16:03Z,,orchestrator: complete
crates/sverb-sync/src/keys.rs,agent-M4-07,M4-07,released,2026-10-08T13:16:03Z,,orchestrator: complete
crates/sverb-sync/src/lib.rs,agent-M4-07,M4-07,released,2026-10-08T13:16:03Z,,orchestrator: complete
crates/sverb-sync/src/pull.rs,agent-M4-07,M4-07,released,2026-10-08T13:16:03Z,,orchestrator: complete
crates/sverb-sync/src/push.rs,agent-M4-07,M4-07,released,2026-10-08T13:16:03Z,,orchestrator: complete
crates/sverb-sync/src/resync.rs,agent-M4-07,M4-07,released,2026-10-08T13:16:03Z,,orchestrator: complete
crates/sverb-sync/src/status.rs,agent-M4-07,M4-07,released,2026-10-08T13:16:03Z,,orchestrator: complete
crates/sverb-sync/src/tokens.rs,agent-M4-07,M4-07,released,2026-10-08T13:16:03Z,,orchestrator: complete
crates/sverb-sync/tests/common/mod.rs,agent-M4-07,M4-07,released,2026-10-08T13:16:03Z,,orchestrator: complete
crates/sverb-sync/tests/engine_mock.rs,agent-M4-07,M4-07,released,2026-10-08T13:16:03Z,,orchestrator: complete
crates/sverb-sync/tests/engine.rs,agent-M4-07,M4-07,released,2026-10-08T13:16:03Z,,orchestrator: complete
crates/sverb-tui/src/app/event.rs,agent-M4-07,M4-07,released,2026-10-08T13:16:03Z,,orchestrator: complete
crates/sverb-tui/src/app/mod.rs,agent-M4-07,M4-07,released,2026-10-08T13:16:03Z,,orchestrator: complete
crates/sverb-tui/src/app/sync.rs,agent-M4-07,M4-07,released,2026-10-08T13:16:03Z,,orchestrator: complete
crates/sverb-tui/src/services/mod.rs,agent-M4-07,M4-07,released,2026-10-08T13:16:03Z,,orchestrator: complete
crates/sverb-tui/src/services/sync.rs,agent-M4-07,M4-07,released,2026-10-08T13:16:03Z,,orchestrator: complete
crates/sverb-tui/src/app/mod.rs,agent-M7-01,M7-01,copy,2026-10-08T13:17:00Z,.merge/agent-M7-01/crates/sverb-tui/src/app/mod.rs,M7-01 wiring (see MERGE-NOTES)
crates/sverb-tui/src/app/effect.rs,agent-M7-01,M7-01,copy,2026-10-08T13:17:00Z,.merge/agent-M7-01/crates/sverb-tui/src/app/effect.rs,M7-01 wiring (see MERGE-NOTES)
crates/sverb-tui/src/app/event.rs,agent-M7-01,M7-01,copy,2026-10-08T13:17:00Z,.merge/agent-M7-01/crates/sverb-tui/src/app/event.rs,M7-01 wiring (see MERGE-NOTES)
crates/sverb-tui/src/app/input.rs,agent-M7-01,M7-01,copy,2026-10-08T13:17:00Z,.merge/agent-M7-01/crates/sverb-tui/src/app/input.rs,M7-01 wiring (see MERGE-NOTES)
crates/sverb-tui/src/views/dialogs.rs,agent-M7-01,M7-01,copy,2026-10-08T13:17:00Z,.merge/agent-M7-01/crates/sverb-tui/src/views/dialogs.rs,M7-01 wiring (see MERGE-NOTES)
crates/sverb-tui/src/services/mod.rs,agent-M7-01,M7-01,copy,2026-10-08T13:17:00Z,.merge/agent-M7-01/crates/sverb-tui/src/services/mod.rs,M7-01 wiring (see MERGE-NOTES)
crates/sverb-tui/src/app/hosts.rs,agent-M7-01,M7-01,copy,2026-10-08T13:17:00Z,.merge/agent-M7-01/crates/sverb-tui/src/app/hosts.rs,M7-01 wiring (see MERGE-NOTES)
crates/sverb-tui/src/views/hosts/mod.rs,agent-M7-01,M7-01,copy,2026-10-08T13:17:00Z,.merge/agent-M7-01/crates/sverb-tui/src/views/hosts/mod.rs,M7-01 wiring (see MERGE-NOTES)
crates/sverb-tui/src/app/panes.rs,agent-M7-01,M7-01,copy,2026-10-08T13:17:00Z,.merge/agent-M7-01/crates/sverb-tui/src/app/panes.rs,M7-01 wiring (see MERGE-NOTES)
crates/sverb-tui/src/runtime/mod.rs,agent-M7-01,M7-01,copy,2026-10-08T13:17:00Z,.merge/agent-M7-01/crates/sverb-tui/src/runtime/mod.rs,M7-01 wiring (see MERGE-NOTES)
crates/sverb-tui/tests/history.rs,agent-M7-01,M7-01,copy,2026-10-08T13:17:00Z,.merge/agent-M7-01/crates/sverb-tui/tests/history.rs,M7-01 wiring (see MERGE-NOTES)
crates/sverb-tui/src/app/history.rs,agent-M7-01,M7-01,modified,2026-10-08T13:17:01Z,,new file; compiled once mod lines merge
crates/sverb-tui/src/app/history_tests.rs,agent-M7-01,M7-01,modified,2026-10-08T13:17:01Z,,new file; compiled once mod lines merge
crates/sverb-tui/src/services/history.rs,agent-M7-01,M7-01,modified,2026-10-08T13:17:01Z,,new file; compiled once mod lines merge
crates/sverb-tui/tests/ai.rs,agent-M7-02,M7-02,released,2026-10-08T13:18:25Z,,T-08 lives in services/ai/tests.rs
crates/sverb-tui/src/app/shell.rs,agent-M7-02,M7-02,modified,2026-10-08T13:18:30Z,,action_available: ai_prompt only with ai.enabled
crates/sverb-tui/src/app/state.rs,agent-M3-03,M3-03,copy,2026-10-08T13:19:17Z,.merge/agent-M3-03/crates/sverb-tui/src/app/state.rs,kept as copy: needs app/mod.rs mod line (held via M7-01 copy)
crates/sverb-tui/src/app/tabs.rs,agent-M3-03,M3-03,copy,2026-10-08T13:19:17Z,.merge/agent-M3-03/crates/sverb-tui/src/app/tabs.rs,kept as copy: needs app/mod.rs mod line (held via M7-01 copy)
crates/sverb/src/cli/tests.rs,agent-M4-07,M4-07,locked,2026-10-08T13:19:25Z,,sync is no longer a stub
crates/sverb/src/cli/tests.rs,agent-M4-07,M4-07,modified,2026-10-08T13:19:25Z,,sync removed from stub forms; listed as implemented
crates/sverb-tui/src/runtime/tests.rs,agent-M3-03,M3-03,locked,2026-10-08T13:19:27Z,,launch toast tests: use Join (Workspace no longer toasts)
crates/sverb-tui/src/app/vault/tests.rs,agent-M3-03,M3-03,locked,2026-10-08T13:19:27Z,,launch toast tests: use Join (Workspace no longer toasts)
crates/sverb-store/migrations/0003_pinned_keys.sql,agent-M5-03,M5-03,locked,2026-10-08T13:19:32Z,,M5-03 pinned_keys store
migrations/client/0003_pinned_keys.sql,agent-M5-03,M5-03,locked,2026-10-08T13:19:32Z,,M5-03 pinned_keys store
crates/sverb-store/src/pins.rs,agent-M5-03,M5-03,locked,2026-10-08T13:19:32Z,,M5-03 pinned_keys store
crates/sverb-store/src/schema.rs,agent-M5-03,M5-03,locked,2026-10-08T13:19:32Z,,M5-03 pinned_keys store
crates/sverb-store/src/lib.rs,agent-M5-03,M5-03,locked,2026-10-08T13:19:32Z,,M5-03 pinned_keys store
crates/sverb-store/tests/store.rs,agent-M5-03,M5-03,locked,2026-10-08T13:19:32Z,,M5-03 pinned_keys store
crates/sverb-store/tests/pins.rs,agent-M5-03,M5-03,locked,2026-10-08T13:19:32Z,,M5-03 pinned_keys store
crates/sverb-tui/src/runtime/tests.rs,agent-M3-03,M3-03,modified,2026-10-08T13:19:33Z,,launch toast test uses Join
crates/sverb-tui/src/app/vault/tests.rs,agent-M3-03,M3-03,modified,2026-10-08T13:19:33Z,,launch toast test uses Join
crates/sverb-sync/src/account/mod.rs,agent-M4-08,M4-08,locked,2026-10-08T13:20:48Z,,new account flow module
crates/sverb-sync/src/account/local.rs,agent-M4-08,M4-08,locked,2026-10-08T13:20:48Z,,new account flow module
crates/sverb-sync/src/account/grants.rs,agent-M4-08,M4-08,locked,2026-10-08T13:20:48Z,,new account flow module
crates/sverb-sync/src/account/api.rs,agent-M4-08,M4-08,locked,2026-10-08T13:20:48Z,,new account flow module
crates/sverb-sync/src/account/register.rs,agent-M4-08,M4-08,locked,2026-10-08T13:20:48Z,,new account flow module
crates/sverb-sync/src/account/login.rs,agent-M4-08,M4-08,locked,2026-10-08T13:20:48Z,,new account flow module
crates/sverb-sync/src/account/password.rs,agent-M4-08,M4-08,locked,2026-10-08T13:20:55Z,,new account flow module
crates/sverb-sync/src/account/recovery.rs,agent-M4-08,M4-08,locked,2026-10-08T13:20:55Z,,new account flow module
crates/sverb-sync/src/account/logout.rs,agent-M4-08,M4-08,locked,2026-10-08T13:20:55Z,,new account flow module
crates/sverb-sync/src/account/merge_local.rs,agent-M4-08,M4-08,locked,2026-10-08T13:20:56Z,,new account flow module
crates/sverb-sync/src/account/wizard.rs,agent-M4-08,M4-08,locked,2026-10-08T13:20:56Z,,new account flow module
crates/sverb-sync/src/lib.rs,agent-M4-08,M4-08,locked,2026-10-08T13:20:56Z,,M4-08 account flows
crates/sverb-sync/src/http.rs,agent-M4-08,M4-08,locked,2026-10-08T13:20:56Z,,M4-08 account flows
crates/sverb-sync/src/engine.rs,agent-M4-08,M4-08,locked,2026-10-08T13:20:56Z,,M4-08 account flows
crates/sverb-sync/tests/account.rs,agent-M4-08,M4-08,locked,2026-10-08T13:20:56Z,,M4-08 account flows
crates/sverb-store/src/items.rs,agent-M4-08,M4-08,locked,2026-10-08T13:20:56Z,,M4-08 account flows
crates/sverb-store/src/device_local.rs,agent-M4-08,M4-08,locked,2026-10-08T13:20:57Z,,M4-08 account flows
crates/sverb-store/migrations/0003_pinned_keys.sql,agent-M5-03,M5-03,modified,2026-10-08T13:21:11Z,,M5-03 pinned_keys
migrations/client/0003_pinned_keys.sql,agent-M5-03,M5-03,modified,2026-10-08T13:21:11Z,,M5-03 pinned_keys
crates/sverb-store/src/pins.rs,agent-M5-03,M5-03,modified,2026-10-08T13:21:11Z,,M5-03 pinned_keys
crates/sverb-store/src/schema.rs,agent-M5-03,M5-03,modified,2026-10-08T13:21:11Z,,M5-03 pinned_keys
crates/sverb-store/src/lib.rs,agent-M5-03,M5-03,modified,2026-10-08T13:21:11Z,,M5-03 pinned_keys
crates/sverb-store/tests/store.rs,agent-M5-03,M5-03,modified,2026-10-08T13:21:11Z,,M5-03 pinned_keys
crates/sverb-store/tests/pins.rs,agent-M5-03,M5-03,modified,2026-10-08T13:21:11Z,,M5-03 pinned_keys
crates/sverb-store/src/items.rs,agent-M4-08,M4-08,modified,2026-10-08T13:21:16Z,,M4-08: WriteTx::reset_sync
crates/sverb-store/src/device_local.rs,agent-M4-08,M4-08,modified,2026-10-08T13:21:16Z,,M4-08: WriteTx::move_device_local
crates/sverb-sync/src/http.rs,agent-M4-08,M4-08,modified,2026-10-08T13:21:50Z,,M4-08: fetch/post_v1/post_v1_empty/probe
crates/sverb/tests/workspace.rs,agent-M3-03,M3-03,locked,2026-10-08T13:21:55Z,,T-07 PTY test
crates/sverb-sync/src/engine.rs,agent-M4-08,M4-08,modified,2026-10-08T13:21:58Z,,M4-08: account_changed -> NeedsLogin
crates/sverb/tests/workspace.rs,agent-M3-03,M3-03,copy,2026-10-08T13:22:11Z,.merge/agent-M3-03/crates/sverb/tests/workspace.rs,new T-07 PTY test; kept in .merge until the TUI wiring merges (it would fail in-tree before)
crates/sverb-proto/src/lib.rs,agent-M5-03,M5-03,locked,2026-10-08T13:23:34Z,,M5-03 trust
crates/sverb-proto/src/users.rs,agent-M5-03,M5-03,locked,2026-10-08T13:23:35Z,,M5-03 trust
crates/sverb-sync/src/trust.rs,agent-M5-03,M5-03,locked,2026-10-08T13:23:35Z,,M5-03 trust
crates/sverb-sync/tests/trust.rs,agent-M5-03,M5-03,locked,2026-10-08T13:23:35Z,,M5-03 trust
crates/sverb-sync/tests/common/mod.rs,agent-M5-03,M5-03,locked,2026-10-08T13:23:35Z,,M5-03 trust
crates/sverb-proto/src/lib.rs,agent-M5-03,M5-03,modified,2026-10-08T13:23:55Z,,M5-03 UserPublicKeys DTO
crates/sverb-proto/src/users.rs,agent-M5-03,M5-03,modified,2026-10-08T13:23:55Z,,M5-03 UserPublicKeys DTO
crates/sverb-sync/src/http.rs,agent-M5-03,M5-03,copy,2026-10-08T13:24:46Z,.merge/agent-M5-03/crates/sverb-sync/src/http.rs,adds ApiClient::user_public_keys
crates/sverb-sync/src/lib.rs,agent-M5-03,M5-03,copy,2026-10-08T13:24:46Z,.merge/agent-M5-03/crates/sverb-sync/src/lib.rs,adds pub mod trust
crates/sverb-sync/Cargo.toml,agent-M4-08,M4-08,locked,2026-10-08T13:26:00Z,,ciborium dep
crates/sverb-sync/Cargo.toml,agent-M4-08,M4-08,modified,2026-10-08T13:26:00Z,,ciborium dep
crates/sverb/src/cli/tests.rs,agent-M4-07,M4-07,released,2026-10-08T13:28:39Z,,orchestrator: complete
crates/sverb-sync/tests/common/mod.rs,agent-M5-03,M5-03,modified,2026-10-08T13:29:25Z,,M5-03 public-keys test hook
crates/sverb-sync/src/trust.rs,agent-M5-03,M5-03,modified,2026-10-08T13:29:25Z,,M5-03 trust module
crates/sverb-sync/src/lib.rs,agent-M4-08,M4-08,modified,2026-10-08T13:29:28Z,,pub mod account
crates/sverb-sync/src/account/api.rs,agent-M4-08,M4-08,released,2026-10-08T13:29:28Z,,not needed
crates/sverb-sync/src/account/mod.rs,agent-M4-08,M4-08,modified,2026-10-08T13:29:28Z,,new M4-08 module
crates/sverb-sync/src/account/local.rs,agent-M4-08,M4-08,modified,2026-10-08T13:29:28Z,,new M4-08 module
crates/sverb-sync/src/account/grants.rs,agent-M4-08,M4-08,modified,2026-10-08T13:29:28Z,,new M4-08 module
crates/sverb-sync/src/account/register.rs,agent-M4-08,M4-08,modified,2026-10-08T13:29:28Z,,new M4-08 module
crates/sverb-sync/src/account/login.rs,agent-M4-08,M4-08,modified,2026-10-08T13:29:28Z,,new M4-08 module
crates/sverb-sync/src/account/password.rs,agent-M4-08,M4-08,modified,2026-10-08T13:29:28Z,,new M4-08 module
crates/sverb-sync/src/account/recovery.rs,agent-M4-08,M4-08,modified,2026-10-08T13:29:28Z,,new M4-08 module
crates/sverb-sync/src/account/logout.rs,agent-M4-08,M4-08,modified,2026-10-08T13:29:28Z,,new M4-08 module
crates/sverb-sync/src/account/merge_local.rs,agent-M4-08,M4-08,modified,2026-10-08T13:29:28Z,,new M4-08 module
crates/sverb-sync/src/account/wizard.rs,agent-M4-08,M4-08,modified,2026-10-08T13:29:28Z,,new M4-08 module
crates/sverb-sync/tests/trust.rs,agent-M5-03,M5-03,modified,2026-10-08T13:30:27Z,,M5-03 T-01 T-02 T-07
crates/sverb-tui/src/views/settings/mod.rs,agent-M5-03,M5-03,locked,2026-10-08T13:30:43Z,,M5-03 team verify view
crates/sverb-tui/src/views/settings/team_verify.rs,agent-M5-03,M5-03,locked,2026-10-08T13:30:43Z,,M5-03 team verify view
crates/sverb-tui/src/views/mod.rs,agent-M5-03,M5-03,copy,2026-10-08T13:30:50Z,.merge/agent-M5-03/crates/sverb-tui/src/views/mod.rs,adds pub mod settings
crates/sverb-sync/tests/account.rs,agent-M4-08,M4-08,modified,2026-10-08T13:33:22Z,,M4-08 integration tests
crates/sverb/src/cli/account.rs,agent-M4-08,M4-08,locked,2026-10-08T13:36:08Z,,M4-08 CLI login/logout/register
crates/sverb/src/cli/mod.rs,agent-M4-08,M4-08,locked,2026-10-08T13:36:08Z,,M4-08 CLI login/logout/register
crates/sverb/src/cli/tests.rs,agent-M4-08,M4-08,locked,2026-10-08T13:36:09Z,,M4-08 CLI login/logout/register
crates/sverb-tui/src/views/settings/mod.rs,agent-M5-03,M5-03,modified,2026-10-08T13:36:26Z,,M5-03 team verify view
crates/sverb-tui/src/views/settings/team_verify.rs,agent-M5-03,M5-03,modified,2026-10-08T13:36:26Z,,M5-03 team verify view
crates/sverb/src/cli/team.rs,agent-M5-03,M5-03,locked,2026-10-08T13:36:26Z,,team verify
crates/sverb/src/cli/mod.rs,agent-M5-03,M5-03,copy,2026-10-08T13:37:42Z,.merge/agent-M5-03/crates/sverb/src/cli/mod.rs,Team arm calls team::run_async(...).await
crates/sverb/src/cli/tests.rs,agent-M5-03,M5-03,copy,2026-10-08T13:37:42Z,.merge/agent-M5-03/crates/sverb/src/cli/tests.rs,team verify no longer a stub
crates/sverb/src/cli/team.rs,agent-M5-03,M5-03,modified,2026-10-08T13:37:42Z,,team verify
crates/sverb-tui/src/app/mod.rs,agent-M7-02,M7-02,copy,2026-10-08T13:37:58Z,.merge/agent-M7-02/crates/sverb-tui/src/app/mod.rs,mod ai; UiEvent::Ai arm; take_ai_answer; ai_lock_transition
crates/sverb-tui/src/app/event.rs,agent-M7-02,M7-02,copy,2026-10-08T13:37:58Z,.merge/agent-M7-02/crates/sverb-tui/src/app/event.rs,UiEvent::Ai at end
crates/sverb-tui/src/app/effect.rs,agent-M7-02,M7-02,copy,2026-10-08T13:37:58Z,.merge/agent-M7-02/crates/sverb-tui/src/app/effect.rs,Effect::Ai at end
crates/sverb-tui/src/services/mod.rs,agent-M7-02,M7-02,copy,2026-10-08T13:37:58Z,.merge/agent-M7-02/crates/sverb-tui/src/services/mod.rs,pub mod ai; field ai; Effect::Ai arm
crates/sverb-tui/src/views/mod.rs,agent-M7-02,M7-02,copy,2026-10-08T13:37:58Z,.merge/agent-M7-02/crates/sverb-tui/src/views/mod.rs,pub mod ai_prompt
crates/sverb-tui/src/views/dialogs.rs,agent-M7-02,M7-02,copy,2026-10-08T13:37:58Z,.merge/agent-M7-02/crates/sverb-tui/src/views/dialogs.rs,DialogKind::Ai variant + handle/render arms
crates/sverb-tui/src/app/input.rs,agent-M7-02,M7-02,copy,2026-10-08T13:37:58Z,.merge/agent-M7-02/crates/sverb-tui/src/app/input.rs,dialog_wants_text arm; AiPrompt action arm
crates/sverb-tui/src/app/modal.rs,agent-M7-02,M7-02,copy,2026-10-08T13:37:58Z,.merge/agent-M7-02/crates/sverb-tui/src/app/modal.rs,ai_on_tick hook (copy because it needs the merged mod)
crates/sverb-core/src/config/model.rs,agent-M7-02,M7-02,copy,2026-10-08T13:37:58Z,.merge/agent-M7-02/crates/sverb-core/src/config/model.rs,ai.base_url and ai.pane_context_lines
crates/sverb-core/src/config/default_config.toml,agent-M7-02,M7-02,copy,2026-10-08T13:37:58Z,.merge/agent-M7-02/crates/sverb-core/src/config/default_config.toml,ai.base_url and ai.pane_context_lines
docs/config.schema.json,agent-M7-02,M7-02,copy,2026-10-08T13:37:58Z,.merge/agent-M7-02/docs/config.schema.json,regenerated with the two ai keys
crates/sverb-core/src/config/tests.rs,agent-M7-02,M7-02,copy,2026-10-08T13:37:58Z,.merge/agent-M7-02/crates/sverb-core/src/config/tests.rs,default rows for the two ai keys
crates/sverb-tui/src/services/ai/mod.rs,agent-M7-02,M7-02,modified,2026-10-08T13:37:58Z,,M7-02 new file
crates/sverb-tui/src/services/ai/provider.rs,agent-M7-02,M7-02,modified,2026-10-08T13:37:58Z,,M7-02 new file
crates/sverb-tui/src/services/ai/anthropic.rs,agent-M7-02,M7-02,modified,2026-10-08T13:37:58Z,,M7-02 new file
crates/sverb-tui/src/services/ai/openai_compat.rs,agent-M7-02,M7-02,modified,2026-10-08T13:37:58Z,,M7-02 new file
crates/sverb-tui/src/services/ai/context.rs,agent-M7-02,M7-02,modified,2026-10-08T13:37:58Z,,M7-02 new file
crates/sverb-tui/src/services/ai/tests.rs,agent-M7-02,M7-02,modified,2026-10-08T13:37:58Z,,M7-02 new file
crates/sverb-tui/src/views/ai_prompt.rs,agent-M7-02,M7-02,modified,2026-10-08T13:37:58Z,,M7-02 new file
crates/sverb-tui/src/app/ai.rs,agent-M7-02,M7-02,modified,2026-10-08T13:37:58Z,,M7-02 new file
crates/sverb-tui/src/app/ai_tests.rs,agent-M7-02,M7-02,modified,2026-10-08T13:37:58Z,,M7-02 new file
crates/sverb/Cargo.toml,agent-M4-08,M4-08,locked,2026-10-08T13:38:16Z,,sverb-crypto dep for Key32
crates/sverb/Cargo.toml,agent-M4-08,M4-08,modified,2026-10-08T13:38:21Z,,sverb-crypto dep
crates/sverb/src/cli/account.rs,agent-M4-08,M4-08,modified,2026-10-08T13:38:21Z,,login/logout/register
crates/sverb/src/cli/mod.rs,agent-M4-08,M4-08,modified,2026-10-08T13:38:21Z,,Register(args); async login/logout/register dispatch
crates/sverb/src/cli/tests.rs,agent-M4-08,M4-08,modified,2026-10-08T13:40:00Z,,M4-08 parse rows; stub list; T-11
crates/sverb/src/cli/snapshots/help@sync.snap,agent-M4-08,M4-08,locked,2026-10-08T13:43:02Z,,login/register help
crates/sverb/src/cli/snapshots/help@sync.snap,agent-M4-08,M4-08,modified,2026-10-08T13:43:02Z,,--email/--server in login/register help
crates/sverb-core/src/config/default_config.toml,agent-M7-02,M7-02,released,2026-10-08T13:44:03Z,,orchestrator: removed at user request
crates/sverb-core/src/config/model.rs,agent-M7-02,M7-02,released,2026-10-08T13:44:03Z,,orchestrator: removed at user request
crates/sverb-core/src/config/tests.rs,agent-M7-02,M7-02,released,2026-10-08T13:44:03Z,,orchestrator: removed at user request
crates/sverb-tui/Cargo.toml,agent-M7-02,M7-02,released,2026-10-08T13:44:03Z,,orchestrator: removed at user request
crates/sverb-tui/src/app/ai.rs,agent-M7-02,M7-02,released,2026-10-08T13:44:03Z,,orchestrator: removed at user request
crates/sverb-tui/src/app/ai_tests.rs,agent-M7-02,M7-02,released,2026-10-08T13:44:03Z,,orchestrator: removed at user request
crates/sverb-tui/src/app/effect.rs,agent-M7-02,M7-02,released,2026-10-08T13:44:03Z,,orchestrator: removed at user request
crates/sverb-tui/src/app/event.rs,agent-M7-02,M7-02,released,2026-10-08T13:44:03Z,,orchestrator: removed at user request
crates/sverb-tui/src/app/input.rs,agent-M7-02,M7-02,released,2026-10-08T13:44:03Z,,orchestrator: removed at user request
crates/sverb-tui/src/app/modal.rs,agent-M7-02,M7-02,released,2026-10-08T13:44:04Z,,orchestrator: removed at user request
crates/sverb-tui/src/app/mod.rs,agent-M7-02,M7-02,released,2026-10-08T13:44:04Z,,orchestrator: removed at user request
crates/sverb-tui/src/app/shell.rs,agent-M7-02,M7-02,released,2026-10-08T13:44:04Z,,orchestrator: removed at user request
crates/sverb-tui/src/services/ai/anthropic.rs,agent-M7-02,M7-02,released,2026-10-08T13:44:04Z,,orchestrator: removed at user request
crates/sverb-tui/src/services/ai/context.rs,agent-M7-02,M7-02,released,2026-10-08T13:44:04Z,,orchestrator: removed at user request
crates/sverb-tui/src/services/ai/mod.rs,agent-M7-02,M7-02,released,2026-10-08T13:44:04Z,,orchestrator: removed at user request
crates/sverb-tui/src/services/ai/openai_compat.rs,agent-M7-02,M7-02,released,2026-10-08T13:44:04Z,,orchestrator: removed at user request
crates/sverb-tui/src/services/ai/provider.rs,agent-M7-02,M7-02,released,2026-10-08T13:44:04Z,,orchestrator: removed at user request
crates/sverb-tui/src/services/ai/tests.rs,agent-M7-02,M7-02,released,2026-10-08T13:44:04Z,,orchestrator: removed at user request
crates/sverb-tui/src/services/mod.rs,agent-M7-02,M7-02,released,2026-10-08T13:44:04Z,,orchestrator: removed at user request
crates/sverb-tui/src/views/ai_prompt.rs,agent-M7-02,M7-02,released,2026-10-08T13:44:04Z,,orchestrator: removed at user request
crates/sverb-tui/src/views/dialogs.rs,agent-M7-02,M7-02,released,2026-10-08T13:44:04Z,,orchestrator: removed at user request
crates/sverb-tui/src/views/mod.rs,agent-M7-02,M7-02,released,2026-10-08T13:44:04Z,,orchestrator: removed at user request
docs/config.schema.json,agent-M7-02,M7-02,released,2026-10-08T13:44:05Z,,orchestrator: removed at user request
docs/threat-model.md,agent-M5-03,M5-03,locked,2026-10-08T13:44:32Z,,residual risk of key trust
docs/threat-model.md,agent-M5-03,M5-03,modified,2026-10-08T13:44:49Z,,M5-03 key substitution section
assets/shell-integration/bash,agent-M7-01,M7-01,released,2026-10-08T13:45:45Z,,orchestrator merging
assets/shell-integration/fish,agent-M7-01,M7-01,released,2026-10-08T13:45:45Z,,orchestrator merging
assets/shell-integration/zsh,agent-M7-01,M7-01,released,2026-10-08T13:45:45Z,,orchestrator merging
crates/sverb-conn/src/session/actor.rs,agent-M7-01,M7-01,released,2026-10-08T13:45:45Z,,orchestrator merging
crates/sverb-conn/src/session/event.rs,agent-M7-01,M7-01,released,2026-10-08T13:45:45Z,,orchestrator merging
crates/sverb-core/src/config/default_config.toml,agent-M7-01,M7-01,released,2026-10-08T13:45:45Z,,orchestrator merging
crates/sverb-core/src/config/model.rs,agent-M7-01,M7-01,released,2026-10-08T13:45:45Z,,orchestrator merging
crates/sverb-core/src/config/tests.rs,agent-M7-01,M7-01,released,2026-10-08T13:45:45Z,,orchestrator merging
crates/sverb-core/src/history/capture.rs,agent-M7-01,M7-01,released,2026-10-08T13:45:45Z,,orchestrator merging
crates/sverb-core/src/history/mod.rs,agent-M7-01,M7-01,released,2026-10-08T13:45:45Z,,orchestrator merging
crates/sverb-core/src/history/prompt_learn.rs,agent-M7-01,M7-01,released,2026-10-08T13:45:45Z,,orchestrator merging
crates/sverb-core/src/history/static_commands.rs,agent-M7-01,M7-01,released,2026-10-08T13:45:45Z,,orchestrator merging
crates/sverb-core/src/history/static_commands.txt,agent-M7-01,M7-01,released,2026-10-08T13:45:45Z,,orchestrator merging
crates/sverb-core/src/history/suggest.rs,agent-M7-01,M7-01,released,2026-10-08T13:45:45Z,,orchestrator merging
crates/sverb-core/src/history/tests.rs,agent-M7-01,M7-01,released,2026-10-08T13:45:45Z,,orchestrator merging
crates/sverb-core/src/lib.rs,agent-M7-01,M7-01,released,2026-10-08T13:45:45Z,,orchestrator merging
crates/sverb-core/src/model/items.rs,agent-M7-01,M7-01,released,2026-10-08T13:45:45Z,,orchestrator merging
crates/sverb-core/src/model/tests.rs,agent-M7-01,M7-01,released,2026-10-08T13:45:45Z,,orchestrator merging
crates/sverb-core/src/snippet/builtin/mod.rs,agent-M7-01,M7-01,released,2026-10-08T13:45:45Z,,orchestrator merging
crates/sverb-core/src/snippet/builtin/shell_integration.rs,agent-M7-01,M7-01,released,2026-10-08T13:45:45Z,,orchestrator merging
crates/sverb-core/src/snippet/builtin/tests.rs,agent-M7-01,M7-01,released,2026-10-08T13:45:45Z,,orchestrator merging
crates/sverb-core/src/snippet/mod.rs,agent-M7-01,M7-01,released,2026-10-08T13:45:45Z,,orchestrator merging
crates/sverb-term/src/alacritty/mod.rs,agent-M7-01,M7-01,released,2026-10-08T13:45:45Z,,orchestrator merging
crates/sverb-term/src/emulator.rs,agent-M7-01,M7-01,released,2026-10-08T13:45:45Z,,orchestrator merging
crates/sverb-term/src/lib.rs,agent-M7-01,M7-01,released,2026-10-08T13:45:45Z,,orchestrator merging
crates/sverb-term/src/osc133.rs,agent-M7-01,M7-01,released,2026-10-08T13:45:45Z,,orchestrator merging
crates/sverb-term/tests/osc133.rs,agent-M7-01,M7-01,released,2026-10-08T13:45:45Z,,orchestrator merging
crates/sverb-term/tests/streams/bash_osc133.bin,agent-M7-01,M7-01,released,2026-10-08T13:45:45Z,,orchestrator merging
crates/sverb-tui/src/app/copy.rs,agent-M7-01,M7-01,released,2026-10-08T13:45:45Z,,orchestrator merging
crates/sverb-tui/src/app/effect.rs,agent-M7-01,M7-01,released,2026-10-08T13:45:45Z,,orchestrator merging
crates/sverb-tui/src/app/event.rs,agent-M7-01,M7-01,released,2026-10-08T13:45:45Z,,orchestrator merging
crates/sverb-tui/src/app/history.rs,agent-M7-01,M7-01,released,2026-10-08T13:45:45Z,,orchestrator merging
crates/sverb-tui/src/app/history_tests.rs,agent-M7-01,M7-01,released,2026-10-08T13:45:45Z,,orchestrator merging
crates/sverb-tui/src/app/hosts.rs,agent-M7-01,M7-01,released,2026-10-08T13:45:45Z,,orchestrator merging
crates/sverb-tui/src/app/input.rs,agent-M7-01,M7-01,released,2026-10-08T13:45:45Z,,orchestrator merging
crates/sverb-tui/src/app/mod.rs,agent-M7-01,M7-01,released,2026-10-08T13:45:45Z,,orchestrator merging
crates/sverb-tui/src/app/panes.rs,agent-M7-01,M7-01,released,2026-10-08T13:45:45Z,,orchestrator merging
crates/sverb-tui/src/runtime/mod.rs,agent-M7-01,M7-01,released,2026-10-08T13:45:45Z,,orchestrator merging
crates/sverb-tui/src/services/history.rs,agent-M7-01,M7-01,released,2026-10-08T13:45:45Z,,orchestrator merging
crates/sverb-tui/src/services/mod.rs,agent-M7-01,M7-01,released,2026-10-08T13:45:45Z,,orchestrator merging
crates/sverb-tui/src/views/dialogs.rs,agent-M7-01,M7-01,released,2026-10-08T13:45:45Z,,orchestrator merging
crates/sverb-tui/src/views/hosts/mod.rs,agent-M7-01,M7-01,released,2026-10-08T13:45:45Z,,orchestrator merging
crates/sverb-tui/src/views/sessions/autocomplete.rs,agent-M7-01,M7-01,released,2026-10-08T13:45:45Z,,orchestrator merging
crates/sverb-tui/src/views/sessions/mod.rs,agent-M7-01,M7-01,released,2026-10-08T13:45:45Z,,orchestrator merging
crates/sverb-tui/tests/history.rs,agent-M7-01,M7-01,released,2026-10-08T13:45:45Z,,orchestrator merging
docs/config.schema.json,agent-M7-01,M7-01,released,2026-10-08T13:45:45Z,,orchestrator merging
docs/data-model.md,agent-M7-01,M7-01,released,2026-10-08T13:45:45Z,,orchestrator merging
crates/sverb-tui/src/app/hosts.rs,orchestrator,MERGE-M7-01,locked,2026-10-08T13:45:46Z,,merge
crates/sverb-tui/src/app/panes.rs,orchestrator,MERGE-M7-01,locked,2026-10-08T13:45:46Z,,merge
crates/sverb-tui/src/views/hosts/mod.rs,orchestrator,MERGE-M7-01,locked,2026-10-08T13:45:46Z,,merge
crates/sverb-tui/src/runtime/mod.rs,orchestrator,MERGE-M7-01,locked,2026-10-08T13:45:46Z,,merge
crates/sverb-tui/tests/history.rs,orchestrator,MERGE-M7-01,locked,2026-10-08T13:45:46Z,,merge
crates/sverb-core/src/model/mod.rs,agent-M3-03,M3-03,released,2026-10-08T13:45:46Z,,orchestrator merging
crates/sverb-core/src/model/workspace.rs,agent-M3-03,M3-03,released,2026-10-08T13:45:46Z,,orchestrator merging
crates/sverb-core/src/model/workspace_tests.rs,agent-M3-03,M3-03,released,2026-10-08T13:45:46Z,,orchestrator merging
crates/sverb/tests/workspace.rs,agent-M3-03,M3-03,released,2026-10-08T13:45:46Z,,orchestrator merging
crates/sverb-tui/src/app/effect.rs,agent-M3-03,M3-03,released,2026-10-08T13:45:46Z,,orchestrator merging
crates/sverb-tui/src/app/event.rs,agent-M3-03,M3-03,released,2026-10-08T13:45:46Z,,orchestrator merging
crates/sverb-tui/src/app/input.rs,agent-M3-03,M3-03,released,2026-10-08T13:45:46Z,,orchestrator merging
crates/sverb-tui/src/app/mod.rs,agent-M3-03,M3-03,released,2026-10-08T13:45:46Z,,orchestrator merging
crates/sverb-tui/src/app/sessions/reconnect.rs,agent-M3-03,M3-03,released,2026-10-08T13:45:46Z,,orchestrator merging
crates/sverb-tui/src/app/state.rs,agent-M3-03,M3-03,released,2026-10-08T13:45:46Z,,orchestrator merging
crates/sverb-tui/src/app/tabs.rs,agent-M3-03,M3-03,released,2026-10-08T13:45:46Z,,orchestrator merging
crates/sverb-tui/src/app/vault/tests.rs,agent-M3-03,M3-03,released,2026-10-08T13:45:46Z,,orchestrator merging
crates/sverb-tui/src/app/workspaces.rs,agent-M3-03,M3-03,released,2026-10-08T13:45:46Z,,orchestrator merging
crates/sverb-tui/src/app/workspaces_tests.rs,agent-M3-03,M3-03,released,2026-10-08T13:45:46Z,,orchestrator merging
crates/sverb-tui/src/keymap/action.rs,agent-M3-03,M3-03,released,2026-10-08T13:45:46Z,,orchestrator merging
crates/sverb-tui/src/runtime/tests.rs,agent-M3-03,M3-03,released,2026-10-08T13:45:46Z,,orchestrator merging
crates/sverb-tui/src/services/mod.rs,agent-M3-03,M3-03,released,2026-10-08T13:45:46Z,,orchestrator merging
crates/sverb-tui/src/services/workspaces.rs,agent-M3-03,M3-03,released,2026-10-08T13:45:46Z,,orchestrator merging
crates/sverb-tui/src/views/dialogs.rs,agent-M3-03,M3-03,released,2026-10-08T13:45:46Z,,orchestrator merging
crates/sverb-tui/src/views/mod.rs,agent-M3-03,M3-03,released,2026-10-08T13:45:46Z,,orchestrator merging
crates/sverb-tui/src/views/workspaces.rs,agent-M3-03,M3-03,released,2026-10-08T13:45:46Z,,orchestrator merging
crates/sverb-tui/src/widgets/terminal_pane.rs,agent-M3-03,M3-03,released,2026-10-08T13:45:46Z,,orchestrator merging
crates/sverb-tui/src/app/mod.rs,orchestrator,MERGE-M3-03,locked,2026-10-08T13:45:46Z,,merge
crates/sverb-tui/src/app/effect.rs,orchestrator,MERGE-M3-03,locked,2026-10-08T13:45:46Z,,merge
crates/sverb-tui/src/app/event.rs,orchestrator,MERGE-M3-03,locked,2026-10-08T13:45:46Z,,merge
crates/sverb-tui/src/app/input.rs,orchestrator,MERGE-M3-03,locked,2026-10-08T13:45:46Z,,merge
crates/sverb-tui/src/app/state.rs,orchestrator,MERGE-M3-03,locked,2026-10-08T13:45:46Z,,merge
crates/sverb-tui/src/app/tabs.rs,orchestrator,MERGE-M3-03,locked,2026-10-08T13:45:46Z,,merge
crates/sverb-tui/src/views/dialogs.rs,orchestrator,MERGE-M3-03,locked,2026-10-08T13:45:46Z,,merge
crates/sverb-tui/src/services/mod.rs,orchestrator,MERGE-M3-03,locked,2026-10-08T13:45:46Z,,merge
crates/sverb/tests/workspace.rs,orchestrator,MERGE-M3-03,locked,2026-10-08T13:45:46Z,,merge
crates/sverb/tests/workspace.rs,orchestrator,MERGE,released,2026-10-08T13:47:31Z,,merged
crates/sverb-tui/src/app/effect.rs,orchestrator,MERGE,released,2026-10-08T13:47:31Z,,merged
crates/sverb-tui/src/app/event.rs,orchestrator,MERGE,released,2026-10-08T13:47:31Z,,merged
crates/sverb-tui/src/app/hosts.rs,orchestrator,MERGE,released,2026-10-08T13:47:31Z,,merged
crates/sverb-tui/src/app/input.rs,orchestrator,MERGE,released,2026-10-08T13:47:31Z,,merged
crates/sverb-tui/src/app/mod.rs,orchestrator,MERGE,released,2026-10-08T13:47:31Z,,merged
crates/sverb-tui/src/app/panes.rs,orchestrator,MERGE,released,2026-10-08T13:47:31Z,,merged
crates/sverb-tui/src/app/state.rs,orchestrator,MERGE,released,2026-10-08T13:47:31Z,,merged
crates/sverb-tui/src/app/tabs.rs,orchestrator,MERGE,released,2026-10-08T13:47:31Z,,merged
crates/sverb-tui/src/runtime/mod.rs,orchestrator,MERGE,released,2026-10-08T13:47:31Z,,merged
crates/sverb-tui/src/services/mod.rs,orchestrator,MERGE,released,2026-10-08T13:47:31Z,,merged
crates/sverb-tui/src/views/dialogs.rs,orchestrator,MERGE,released,2026-10-08T13:47:31Z,,merged
crates/sverb-tui/src/views/hosts/mod.rs,orchestrator,MERGE,released,2026-10-08T13:47:31Z,,merged
crates/sverb-tui/tests/history.rs,orchestrator,MERGE,released,2026-10-08T13:47:31Z,,merged
crates/sverb-tui/src/keymap/action.rs,orchestrator,AI-REMOVE,locked,2026-10-08T13:47:41Z,,remove AI pieces
crates/sverb-tui/src/keymap/keymap.rs,orchestrator,AI-REMOVE,locked,2026-10-08T13:47:41Z,,remove AI pieces
crates/sverb-core/src/config/mod.rs,orchestrator,AI-REMOVE,locked,2026-10-08T13:47:41Z,,remove AI pieces
crates/sverb-core/src/config/model.rs,orchestrator,AI-REMOVE,locked,2026-10-08T13:47:42Z,,remove AI pieces
crates/sverb-core/src/config/default_config.toml,orchestrator,AI-REMOVE,locked,2026-10-08T13:47:42Z,,remove AI pieces
crates/sverb-core/src/config/validate.rs,orchestrator,AI-REMOVE,locked,2026-10-08T13:47:42Z,,remove AI pieces
crates/sverb-core/src/config/tests.rs,orchestrator,AI-REMOVE,locked,2026-10-08T13:47:42Z,,remove AI pieces
docs/config.schema.json,orchestrator,AI-REMOVE,locked,2026-10-08T13:47:42Z,,remove AI pieces
crates/sverb-tui/src/app/palette.rs,orchestrator,AI-REMOVE,locked,2026-10-08T13:47:42Z,,remove AI pieces
crates/sverb/Cargo.toml,agent-M4-08,M4-08,released,2026-10-08T13:49:22Z,,orchestrator: complete
crates/sverb/src/cli/account.rs,agent-M4-08,M4-08,released,2026-10-08T13:49:22Z,,orchestrator: complete
crates/sverb/src/cli/mod.rs,agent-M4-08,M4-08,released,2026-10-08T13:49:22Z,,orchestrator: complete
crates/sverb/src/cli/snapshots/help@sync.snap,agent-M4-08,M4-08,released,2026-10-08T13:49:22Z,,orchestrator: complete
crates/sverb/src/cli/tests.rs,agent-M4-08,M4-08,released,2026-10-08T13:49:22Z,,orchestrator: complete
crates/sverb-store/src/device_local.rs,agent-M4-08,M4-08,released,2026-10-08T13:49:22Z,,orchestrator: complete
crates/sverb-store/src/items.rs,agent-M4-08,M4-08,released,2026-10-08T13:49:22Z,,orchestrator: complete
crates/sverb-sync/Cargo.toml,agent-M4-08,M4-08,released,2026-10-08T13:49:22Z,,orchestrator: complete
crates/sverb-sync/src/account/grants.rs,agent-M4-08,M4-08,released,2026-10-08T13:49:22Z,,orchestrator: complete
crates/sverb-sync/src/account/local.rs,agent-M4-08,M4-08,released,2026-10-08T13:49:22Z,,orchestrator: complete
crates/sverb-sync/src/account/login.rs,agent-M4-08,M4-08,released,2026-10-08T13:49:22Z,,orchestrator: complete
crates/sverb-sync/src/account/logout.rs,agent-M4-08,M4-08,released,2026-10-08T13:49:22Z,,orchestrator: complete
crates/sverb-sync/src/account/merge_local.rs,agent-M4-08,M4-08,released,2026-10-08T13:49:22Z,,orchestrator: complete
crates/sverb-sync/src/account/mod.rs,agent-M4-08,M4-08,released,2026-10-08T13:49:22Z,,orchestrator: complete
crates/sverb-sync/src/account/password.rs,agent-M4-08,M4-08,released,2026-10-08T13:49:22Z,,orchestrator: complete
crates/sverb-sync/src/account/recovery.rs,agent-M4-08,M4-08,released,2026-10-08T13:49:22Z,,orchestrator: complete
crates/sverb-sync/src/account/register.rs,agent-M4-08,M4-08,released,2026-10-08T13:49:22Z,,orchestrator: complete
crates/sverb-sync/src/account/wizard.rs,agent-M4-08,M4-08,released,2026-10-08T13:49:23Z,,orchestrator: complete
crates/sverb-sync/src/engine.rs,agent-M4-08,M4-08,released,2026-10-08T13:49:23Z,,orchestrator: complete
crates/sverb-sync/src/http.rs,agent-M4-08,M4-08,released,2026-10-08T13:49:23Z,,orchestrator: complete
crates/sverb-sync/src/lib.rs,agent-M4-08,M4-08,released,2026-10-08T13:49:23Z,,orchestrator: complete
crates/sverb-sync/tests/account.rs,agent-M4-08,M4-08,released,2026-10-08T13:49:23Z,,orchestrator: complete
crates/sverb-core/src/config/default_config.toml,orchestrator,AI-REMOVE,released,2026-10-08T13:51:00Z,,AI pieces removed
crates/sverb-core/src/config/model.rs,orchestrator,AI-REMOVE,released,2026-10-08T13:51:00Z,,AI pieces removed
crates/sverb-core/src/config/mod.rs,orchestrator,AI-REMOVE,released,2026-10-08T13:51:00Z,,AI pieces removed
crates/sverb-core/src/config/tests.rs,orchestrator,AI-REMOVE,released,2026-10-08T13:51:00Z,,AI pieces removed
crates/sverb-core/src/config/validate.rs,orchestrator,AI-REMOVE,released,2026-10-08T13:51:00Z,,AI pieces removed
crates/sverb-tui/src/app/palette.rs,orchestrator,AI-REMOVE,released,2026-10-08T13:51:00Z,,AI pieces removed
crates/sverb-tui/src/keymap/action.rs,orchestrator,AI-REMOVE,released,2026-10-08T13:51:00Z,,AI pieces removed
crates/sverb-tui/src/keymap/keymap.rs,orchestrator,AI-REMOVE,released,2026-10-08T13:51:00Z,,AI pieces removed
docs/config.schema.json,orchestrator,AI-REMOVE,released,2026-10-08T13:51:00Z,,AI pieces removed
crates/sverb-proto/src/lib.rs,agent-M5-03,M5-03,released,2026-10-08T13:52:59Z,,orchestrator merging
crates/sverb-proto/src/users.rs,agent-M5-03,M5-03,released,2026-10-08T13:52:59Z,,orchestrator merging
crates/sverb/src/cli/mod.rs,agent-M5-03,M5-03,released,2026-10-08T13:52:59Z,,orchestrator merging
crates/sverb/src/cli/team.rs,agent-M5-03,M5-03,released,2026-10-08T13:52:59Z,,orchestrator merging
crates/sverb/src/cli/tests.rs,agent-M5-03,M5-03,released,2026-10-08T13:52:59Z,,orchestrator merging
crates/sverb-store/migrations/0003_pinned_keys.sql,agent-M5-03,M5-03,released,2026-10-08T13:52:59Z,,orchestrator merging
crates/sverb-store/src/lib.rs,agent-M5-03,M5-03,released,2026-10-08T13:52:59Z,,orchestrator merging
crates/sverb-store/src/pins.rs,agent-M5-03,M5-03,released,2026-10-08T13:52:59Z,,orchestrator merging
crates/sverb-store/src/schema.rs,agent-M5-03,M5-03,released,2026-10-08T13:52:59Z,,orchestrator merging
crates/sverb-store/tests/pins.rs,agent-M5-03,M5-03,released,2026-10-08T13:52:59Z,,orchestrator merging
crates/sverb-store/tests/store.rs,agent-M5-03,M5-03,released,2026-10-08T13:52:59Z,,orchestrator merging
crates/sverb-sync/src/http.rs,agent-M5-03,M5-03,released,2026-10-08T13:52:59Z,,orchestrator merging
crates/sverb-sync/src/lib.rs,agent-M5-03,M5-03,released,2026-10-08T13:52:59Z,,orchestrator merging
crates/sverb-sync/src/trust.rs,agent-M5-03,M5-03,released,2026-10-08T13:52:59Z,,orchestrator merging
crates/sverb-sync/tests/common/mod.rs,agent-M5-03,M5-03,released,2026-10-08T13:52:59Z,,orchestrator merging
crates/sverb-sync/tests/trust.rs,agent-M5-03,M5-03,released,2026-10-08T13:52:59Z,,orchestrator merging
crates/sverb-tui/src/views/mod.rs,agent-M5-03,M5-03,released,2026-10-08T13:52:59Z,,orchestrator merging
crates/sverb-tui/src/views/settings/mod.rs,agent-M5-03,M5-03,released,2026-10-08T13:52:59Z,,orchestrator merging
crates/sverb-tui/src/views/settings/team_verify.rs,agent-M5-03,M5-03,released,2026-10-08T13:52:59Z,,orchestrator merging
docs/threat-model.md,agent-M5-03,M5-03,released,2026-10-08T13:52:59Z,,orchestrator merging
migrations/client/0003_pinned_keys.sql,agent-M5-03,M5-03,released,2026-10-08T13:52:59Z,,orchestrator merging
crates/sverb-sync/src/lib.rs,orchestrator,MERGE-M5-03,locked,2026-10-08T13:52:59Z,,merge
crates/sverb-sync/src/http.rs,orchestrator,MERGE-M5-03,locked,2026-10-08T13:52:59Z,,merge
crates/sverb-tui/src/views/mod.rs,orchestrator,MERGE-M5-03,locked,2026-10-08T13:52:59Z,,merge
crates/sverb/src/cli/mod.rs,orchestrator,MERGE-M5-03,locked,2026-10-08T13:52:59Z,,merge
crates/sverb/src/cli/tests.rs,orchestrator,MERGE-M5-03,locked,2026-10-08T13:52:59Z,,merge
crates/sverb/src/cli/team.rs,orchestrator,MERGE-M5-03,locked,2026-10-08T13:53:14Z,,remove dead_code allows
crates/sverb/src/cli/mod.rs,orchestrator,MERGE,released,2026-10-08T13:54:06Z,,merged
crates/sverb/src/cli/team.rs,orchestrator,MERGE,released,2026-10-08T13:54:06Z,,merged
crates/sverb/src/cli/tests.rs,orchestrator,MERGE,released,2026-10-08T13:54:06Z,,merged
crates/sverb-sync/src/http.rs,orchestrator,MERGE,released,2026-10-08T13:54:06Z,,merged
crates/sverb-sync/src/lib.rs,orchestrator,MERGE,released,2026-10-08T13:54:07Z,,merged
crates/sverb-tui/src/views/mod.rs,orchestrator,MERGE,released,2026-10-08T13:54:07Z,,merged
crates/sverb-tui/src/views/settings/team_verify.rs,orchestrator,FIX,locked,2026-10-08T14:01:14Z,,move tests out of views
crates/sverb-tui/src/services/team_verify_tests.rs,orchestrator,FIX,locked,2026-10-08T14:01:14Z,,moved team_verify tests
docs/keybindings.md,orchestrator,FIX,locked,2026-10-08T14:01:45Z,,regen
crates/sverb-tui/src/services/team_verify_tests.rs,orchestrator,FIX,released,2026-10-08T14:03:50Z,,done
crates/sverb-tui/src/views/settings/team_verify.rs,orchestrator,FIX,released,2026-10-08T14:03:50Z,,done
docs/keybindings.md,orchestrator,FIX,released,2026-10-08T14:03:50Z,,done
crates/sverb-conn/src/ssh/algorithms.rs,agent-M7-04,M7-04,locked,2026-10-08T18:20:56Z,,doctor --algos: unavailable preferred list
crates/sverb-conn/src/ssh/algorithms.rs,agent-M7-04,M7-04,modified,2026-10-08T18:21:02Z,,SupportedAlgos.unavailable + legacy_unavailable
crates/sverb-store/src/health.rs,agent-M7-04,M7-04,locked,2026-10-08T18:21:09Z,,read-only DB health for doctor
crates/sverb-store/src/lib.rs,agent-M7-04,M7-04,locked,2026-10-08T18:21:09Z,,mod health
crates/sverb-store/src/lib.rs,agent-M7-04,M7-04,modified,2026-10-08T18:21:30Z,,pub mod health
crates/sverb-store/src/health.rs,agent-M7-04,M7-04,modified,2026-10-08T18:21:30Z,,new: inspect()
crates/sverb-sync/src/doctor.rs,agent-M7-04,M7-04,locked,2026-10-08T18:21:53Z,,doctor sync probes
crates/sverb-sync/src/lib.rs,agent-M7-04,M7-04,locked,2026-10-08T18:21:53Z,,doctor sync probes
crates/sverb-sync/src/tokens.rs,agent-M7-04,M7-04,locked,2026-10-08T18:21:54Z,,doctor sync probes
crates/sverb-sync/tests/doctor.rs,agent-M7-04,M7-04,locked,2026-10-08T18:21:54Z,,doctor sync probes
crates/sverb-sync/src/tokens.rs,agent-M7-04,M7-04,modified,2026-10-08T18:22:00Z,,peek_access() for doctor
crates/sverb-proto/src/vaults.rs,agent-M5-02,M5-02,locked,2026-10-08T18:22:52Z,,shared vault DTOs
crates/sverb-proto/src/lib.rs,agent-M5-02,M5-02,locked,2026-10-08T18:22:52Z,,shared vault DTOs
crates/sverb-sync/src/lib.rs,agent-M7-04,M7-04,modified,2026-10-08T18:22:57Z,,pub mod doctor
crates/sverb-sync/src/doctor.rs,agent-M7-04,M7-04,modified,2026-10-08T18:22:57Z,,new
crates/sverb-sync/tests/doctor.rs,agent-M7-04,M7-04,modified,2026-10-08T18:23:14Z,,new T-06
crates/sverb-proto/src/lib.rs,agent-M5-02,M5-02,modified,2026-10-08T18:23:16Z,,pub mod vaults
crates/sverb-proto/src/vaults.rs,agent-M5-02,M5-02,modified,2026-10-08T18:23:16Z,,new DTOs
crates/sverb-tui/src/runtime/capabilities.rs,agent-M7-04,M7-04,locked,2026-10-08T18:23:27Z,,shared capability detection
crates/sverb-tui/src/runtime/mod.rs,agent-M7-04,M7-04,locked,2026-10-08T18:23:27Z,,shared capability detection
crates/sverb-tui/src/theme/mod.rs,agent-M7-04,M7-04,locked,2026-10-08T18:23:27Z,,shared capability detection
crates/sverb-tui/src/services/clipboard.rs,agent-M7-04,M7-04,locked,2026-10-08T18:23:27Z,,shared capability detection
crates/sverb-server/src/sync/shared.rs,agent-M5-02,M5-02,locked,2026-10-08T18:23:37Z,,shared vault routes
crates/sverb-server/src/sync/mod.rs,agent-M5-02,M5-02,locked,2026-10-08T18:23:37Z,,shared vault routes
crates/sverb-conn/src/session/share_tap.rs,agent-M6-03,M6-03,locked,2026-10-08T18:23:37Z,,share tap (output observer)
crates/sverb-server/src/routes/shared_vaults.rs,agent-M5-02,M5-02,locked,2026-10-08T18:23:37Z,,shared vault routes
crates/sverb-conn/src/session/actor.rs,agent-M6-03,M6-03,locked,2026-10-08T18:23:37Z,,share tap (output observer)
crates/sverb-server/src/routes/mod.rs,agent-M5-02,M5-02,locked,2026-10-08T18:23:38Z,,shared vault routes
crates/sverb-conn/src/session/cmd.rs,agent-M6-03,M6-03,locked,2026-10-08T18:23:38Z,,share tap (output observer)
crates/sverb-server/src/routes/vaults.rs,agent-M5-02,M5-02,locked,2026-10-08T18:23:38Z,,shared vault routes
crates/sverb-conn/src/session/mod.rs,agent-M6-03,M6-03,locked,2026-10-08T18:23:38Z,,share tap (output observer)
crates/sverb-server/tests/shared_vaults.rs,agent-M5-02,M5-02,locked,2026-10-08T18:23:38Z,,shared vault routes
crates/sverb-conn/src/manager.rs,agent-M6-03,M6-03,locked,2026-10-08T18:23:38Z,,share tap (output observer)
crates/sverb-tui/src/runtime/capabilities.rs,agent-M7-04,M7-04,modified,2026-10-08T18:24:17Z,,M7-04 capabilities
crates/sverb-tui/src/runtime/mod.rs,agent-M7-04,M7-04,modified,2026-10-08T18:24:17Z,,M7-04 capabilities
crates/sverb-tui/src/theme/mod.rs,agent-M7-04,M7-04,modified,2026-10-08T18:24:17Z,,M7-04 capabilities
crates/sverb-tui/src/services/clipboard.rs,agent-M7-04,M7-04,modified,2026-10-08T18:24:17Z,,M7-04 capabilities
crates/sverb-conn/src/session/share_tap.rs,agent-M6-03,M6-03,modified,2026-10-08T18:24:37Z,,new: OutputObserver/ShareTap
crates/sverb-conn/src/session/actor.rs,agent-M6-03,M6-03,modified,2026-10-08T18:24:37Z,,share tap field + calls under emulator lock
crates/sverb-conn/src/session/cmd.rs,agent-M6-03,M6-03,modified,2026-10-08T18:24:38Z,,AttachShareTap/DetachShareTap
crates/sverb-conn/src/session/mod.rs,agent-M6-03,M6-03,modified,2026-10-08T18:24:38Z,,pub mod share_tap + re-export
crates/sverb-conn/src/manager.rs,agent-M6-03,M6-03,modified,2026-10-08T18:24:38Z,,share_tap: None
crates/sverb-server/src/sync/shared.rs,agent-M5-02,M5-02,modified,2026-10-08T18:26:29Z,,M5-02 shared vaults
crates/sverb-server/src/sync/mod.rs,agent-M5-02,M5-02,modified,2026-10-08T18:26:29Z,,M5-02 shared vaults
crates/sverb-server/src/routes/shared_vaults.rs,agent-M5-02,M5-02,modified,2026-10-08T18:26:29Z,,M5-02 shared vaults
crates/sverb-server/src/routes/mod.rs,agent-M5-02,M5-02,modified,2026-10-08T18:26:29Z,,M5-02 shared vaults
crates/sverb-server/src/routes/vaults.rs,agent-M5-02,M5-02,modified,2026-10-08T18:26:29Z,,M5-02 shared vaults
crates/sverb/src/cli/doctor.rs,agent-M7-04,M7-04,locked,2026-10-08T18:26:52Z,,doctor body
crates/sverb/src/cli/doctor_tests.rs,agent-M7-04,M7-04,locked,2026-10-08T18:26:52Z,,doctor tests
crates/sverb/tests/doctor.rs,agent-M7-04,M7-04,locked,2026-10-08T18:26:52Z,,doctor T-05
crates/sverb-server/tests/shared_vaults.rs,agent-M5-02,M5-02,modified,2026-10-08T18:28:07Z,,server tests
crates/sverb-core/src/model/credential_override.rs,agent-M5-02,M5-02,locked,2026-10-08T18:28:07Z,,credential override
crates/sverb-core/src/model/vault_refs.rs,agent-M5-02,M5-02,locked,2026-10-08T18:28:07Z,,credential override
crates/sverb-core/src/model/kinds.rs,agent-M5-02,M5-02,locked,2026-10-08T18:28:08Z,,credential override
crates/sverb-core/src/model/migrate.rs,agent-M5-02,M5-02,locked,2026-10-08T18:28:08Z,,credential override
crates/sverb-core/src/model/mod.rs,agent-M5-02,M5-02,locked,2026-10-08T18:28:08Z,,credential override
crates/sverb-core/src/resolve/overrides.rs,agent-M5-02,M5-02,locked,2026-10-08T18:28:08Z,,credential override
crates/sverb-core/src/resolve.rs,agent-M5-02,M5-02,locked,2026-10-08T18:28:08Z,,credential override
crates/sverb-core/src/resolve/provenance.rs,agent-M5-02,M5-02,locked,2026-10-08T18:28:08Z,,credential override
crates/sverb-sync/src/lib.rs,agent-M6-03,M6-03,copy,2026-10-08T18:28:59Z,.merge/agent-M6-03/crates/sverb-sync/src/lib.rs,adds pub mod share
crates/sverb-sync/src/share/mod.rs,agent-M6-03,M6-03,locked,2026-10-08T18:29:03Z,,share client
crates/sverb-sync/src/share/host.rs,agent-M6-03,M6-03,locked,2026-10-08T18:29:03Z,,share client
crates/sverb-sync/src/share/viewer.rs,agent-M6-03,M6-03,locked,2026-10-08T18:29:03Z,,share client
crates/sverb-sync/tests/share.rs,agent-M6-03,M6-03,locked,2026-10-08T18:29:03Z,,share client
crates/sverb-sync/Cargo.toml,agent-M6-03,M6-03,locked,2026-10-08T18:29:03Z,,share client
crates/sverb/src/cli/mod.rs,agent-M7-04,M7-04,locked,2026-10-08T18:29:07Z,,doctor run async
crates/sverb/src/cli/tests.rs,agent-M7-04,M7-04,locked,2026-10-08T18:29:07Z,,doctor no longer a stub
crates/sverb/src/cli/mod.rs,agent-M7-04,M7-04,modified,2026-10-08T18:29:07Z,,doctor::run(..).await
crates/sverb/src/cli/tests.rs,agent-M7-04,M7-04,modified,2026-10-08T18:29:07Z,,doctor out of stub list; DoctorArgs fields
crates/sverb/src/cli/doctor.rs,agent-M7-04,M7-04,modified,2026-10-08T18:30:17Z,,doctor body
crates/sverb/src/cli/doctor_tests.rs,agent-M7-04,M7-04,modified,2026-10-08T18:30:17Z,,new
crates/sverb-core/src/resolve/approval.rs,agent-M5-02,M5-02,locked,2026-10-08T18:31:06Z,,Source::Override arm
crates/sverb-core/src/model/credential_override.rs,agent-M5-02,M5-02,modified,2026-10-08T18:31:28Z,,credential override / vault refs
crates/sverb-core/src/model/vault_refs.rs,agent-M5-02,M5-02,modified,2026-10-08T18:31:28Z,,credential override / vault refs
crates/sverb-core/src/model/kinds.rs,agent-M5-02,M5-02,modified,2026-10-08T18:31:28Z,,credential override / vault refs
crates/sverb-core/src/model/migrate.rs,agent-M5-02,M5-02,modified,2026-10-08T18:31:28Z,,credential override / vault refs
crates/sverb-core/src/model/mod.rs,agent-M5-02,M5-02,modified,2026-10-08T18:31:28Z,,credential override / vault refs
crates/sverb-core/src/resolve/overrides.rs,agent-M5-02,M5-02,modified,2026-10-08T18:31:28Z,,credential override / vault refs
crates/sverb-core/src/resolve.rs,agent-M5-02,M5-02,modified,2026-10-08T18:31:28Z,,credential override / vault refs
crates/sverb-core/src/resolve/provenance.rs,agent-M5-02,M5-02,modified,2026-10-08T18:31:28Z,,credential override / vault refs
crates/sverb-core/src/resolve/approval.rs,agent-M5-02,M5-02,modified,2026-10-08T18:31:28Z,,credential override / vault refs
crates/sverb-sync/src/http.rs,agent-M5-02,M5-02,locked,2026-10-08T18:33:30Z,,shared vault client
crates/sverb-sync/src/http/shared_vaults.rs,agent-M5-02,M5-02,locked,2026-10-08T18:33:30Z,,shared vault client
crates/sverb-sync/src/vaults.rs,agent-M5-02,M5-02,locked,2026-10-08T18:33:30Z,,shared vault client
crates/sverb-sync/src/engine.rs,agent-M5-02,M5-02,locked,2026-10-08T18:33:30Z,,shared vault client
crates/sverb-sync/src/keys.rs,agent-M5-02,M5-02,locked,2026-10-08T18:33:30Z,,shared vault client
crates/sverb-sync/src/trust.rs,agent-M5-02,M5-02,locked,2026-10-08T18:33:30Z,,shared vault client
crates/sverb-sync/tests/shared_vaults.rs,agent-M5-02,M5-02,locked,2026-10-08T18:33:30Z,,shared vault client
crates/sverb-sync/src/vaults.rs,agent-M5-02,M5-02,released,2026-10-08T18:33:44Z,,lib.rs held; module lives in account/vaults.rs
crates/sverb-sync/src/account/mod.rs,agent-M5-02,M5-02,locked,2026-10-08T18:33:44Z,,pub mod vaults
crates/sverb-sync/src/account/vaults.rs,agent-M5-02,M5-02,locked,2026-10-08T18:33:44Z,,shared vault client
crates/sverb-sync/src/status.rs,agent-M5-02,M5-02,locked,2026-10-08T18:33:44Z,,SyncEvent::VaultAdded
crates/sverb/tests/doctor.rs,agent-M7-04,M7-04,modified,2026-10-08T18:33:48Z,,new T-05
crates/sverb-sync/src/share/mod.rs,agent-M6-03,M6-03,modified,2026-10-08T18:35:01Z,,new: share client
crates/sverb-sync/src/share/host.rs,agent-M6-03,M6-03,modified,2026-10-08T18:35:01Z,,new: share client
crates/sverb-sync/src/share/viewer.rs,agent-M6-03,M6-03,modified,2026-10-08T18:35:02Z,,new: share client
crates/sverb-sync/tests/share.rs,agent-M6-03,M6-03,modified,2026-10-08T18:35:02Z,,new: share client
crates/sverb-sync/Cargo.toml,agent-M6-03,M6-03,modified,2026-10-08T18:35:02Z,,chrono dep; sverb-conn/sverb-term dev-deps; share feature + [[test]] gate
crates/sverb/src/cli/snapshots/sverb__cli__doctor__tests__doctor_all_ok.snap,agent-M7-04,M7-04,locked,2026-10-08T18:35:39Z,,doctor snapshot
crates/sverb/src/cli/snapshots/sverb__cli__doctor__tests__doctor_all_ok.snap,agent-M7-04,M7-04,modified,2026-10-08T18:35:39Z,,new snapshot
crates/sverb/src/cli/snapshots/sverb__cli__doctor__tests__doctor_json.snap,agent-M7-04,M7-04,locked,2026-10-08T18:35:39Z,,doctor snapshot
crates/sverb/src/cli/snapshots/sverb__cli__doctor__tests__doctor_json.snap,agent-M7-04,M7-04,modified,2026-10-08T18:35:39Z,,new snapshot
crates/sverb/src/cli/snapshots/sverb__cli__doctor__tests__doctor_mixed_ascii.snap,agent-M7-04,M7-04,locked,2026-10-08T18:35:39Z,,doctor snapshot
crates/sverb/src/cli/snapshots/sverb__cli__doctor__tests__doctor_mixed_ascii.snap,agent-M7-04,M7-04,modified,2026-10-08T18:35:39Z,,new snapshot
crates/sverb/src/cli/snapshots/sverb__cli__doctor__tests__doctor_mixed_symbols.snap,agent-M7-04,M7-04,locked,2026-10-08T18:35:39Z,,doctor snapshot
crates/sverb/src/cli/snapshots/sverb__cli__doctor__tests__doctor_mixed_symbols.snap,agent-M7-04,M7-04,modified,2026-10-08T18:35:39Z,,new snapshot
crates/sverb/src/cli/snapshots/help@sync.snap,agent-M7-04,M7-04,locked,2026-10-08T18:37:32Z,,doctor --json/--ascii in help
crates/sverb/src/cli/snapshots/help@sync.snap,agent-M7-04,M7-04,modified,2026-10-08T18:37:32Z,,doctor --json --ascii lines
crates/sverb/src/cli/snapshots/help@local.snap,agent-M7-04,M7-04,locked,2026-10-08T18:37:32Z,,doctor --json/--ascii in help
crates/sverb/src/cli/snapshots/help@local.snap,agent-M7-04,M7-04,modified,2026-10-08T18:37:32Z,,doctor --json --ascii lines
crates/sverb-sync/src/http.rs,agent-M5-02,M5-02,modified,2026-10-08T18:43:35Z,,M5-02 shared vault client
crates/sverb-sync/src/http/shared_vaults.rs,agent-M5-02,M5-02,modified,2026-10-08T18:43:35Z,,M5-02 shared vault client
crates/sverb-sync/src/account/mod.rs,agent-M5-02,M5-02,modified,2026-10-08T18:43:35Z,,M5-02 shared vault client
crates/sverb-sync/src/account/vaults.rs,agent-M5-02,M5-02,modified,2026-10-08T18:43:35Z,,M5-02 shared vault client
crates/sverb-sync/src/engine.rs,agent-M5-02,M5-02,modified,2026-10-08T18:43:35Z,,M5-02 shared vault client
crates/sverb-sync/src/keys.rs,agent-M5-02,M5-02,modified,2026-10-08T18:43:36Z,,M5-02 shared vault client
crates/sverb-sync/src/trust.rs,agent-M5-02,M5-02,modified,2026-10-08T18:43:36Z,,M5-02 shared vault client
crates/sverb-sync/src/status.rs,agent-M5-02,M5-02,modified,2026-10-08T18:43:36Z,,M5-02 shared vault client
crates/sverb-sync/tests/shared_vaults.rs,agent-M5-02,M5-02,modified,2026-10-08T18:43:36Z,,M5-02 shared vault client
crates/sverb-tui/src/app/sync.rs,agent-M5-02,M5-02,locked,2026-10-08T18:46:45Z,,VaultAdded event
docs/cli-json.md,agent-M7-04,M7-04,locked,2026-10-08T18:47:30Z,,doctor --json rows
docs/cli-json.md,agent-M7-04,M7-04,modified,2026-10-08T18:47:30Z,,doctor rows
crates/sverb-tui/Cargo.toml,agent-M6-03,M6-03,locked,2026-10-08T18:47:54Z,,share UI
crates/sverb-tui/src/app/mod.rs,agent-M6-03,M6-03,locked,2026-10-08T18:47:54Z,,share UI
crates/sverb-tui/src/app/event.rs,agent-M6-03,M6-03,locked,2026-10-08T18:47:54Z,,share UI
crates/sverb-tui/src/app/effect.rs,agent-M6-03,M6-03,locked,2026-10-08T18:47:54Z,,share UI
crates/sverb-tui/src/app/palette.rs,agent-M6-03,M6-03,locked,2026-10-08T18:47:54Z,,share UI
crates/sverb-tui/src/app/palette_tests.rs,agent-M6-03,M6-03,locked,2026-10-08T18:47:54Z,,share UI
crates/sverb-tui/src/app/panes.rs,agent-M6-03,M6-03,locked,2026-10-08T18:47:55Z,,share UI
crates/sverb-tui/src/views/dialogs.rs,agent-M6-03,M6-03,locked,2026-10-08T18:47:55Z,,share UI
crates/sverb-tui/src/views/mod.rs,agent-M6-03,M6-03,locked,2026-10-08T18:47:55Z,,share UI
crates/sverb-tui/src/services/mod.rs,agent-M6-03,M6-03,locked,2026-10-08T18:47:55Z,,share UI
crates/sverb-tui/src/app/share.rs,agent-M6-03,M6-03,locked,2026-10-08T18:47:55Z,,share UI
crates/sverb-tui/src/app/share_tests.rs,agent-M6-03,M6-03,locked,2026-10-08T18:47:55Z,,share UI
crates/sverb-tui/src/views/share/mod.rs,agent-M6-03,M6-03,locked,2026-10-08T18:47:55Z,,share UI
crates/sverb-tui/src/views/share/start_dialog.rs,agent-M6-03,M6-03,locked,2026-10-08T18:47:55Z,,share UI
crates/sverb-tui/src/views/share/approve_dialog.rs,agent-M6-03,M6-03,locked,2026-10-08T18:47:55Z,,share UI
crates/sverb-tui/src/views/share/viewers_panel.rs,agent-M6-03,M6-03,locked,2026-10-08T18:47:55Z,,share UI
crates/sverb-tui/src/services/share.rs,agent-M6-03,M6-03,locked,2026-10-08T18:47:55Z,,share UI
crates/sverb-conn/src/ssh/algorithms.rs,agent-M7-04,M7-04,released,2026-10-08T18:48:23Z,,orchestrator: complete
crates/sverb/src/cli/doctor.rs,agent-M7-04,M7-04,released,2026-10-08T18:48:23Z,,orchestrator: complete
crates/sverb/src/cli/doctor_tests.rs,agent-M7-04,M7-04,released,2026-10-08T18:48:24Z,,orchestrator: complete
crates/sverb/src/cli/mod.rs,agent-M7-04,M7-04,released,2026-10-08T18:48:24Z,,orchestrator: complete
crates/sverb/src/cli/snapshots/help@local.snap,agent-M7-04,M7-04,released,2026-10-08T18:48:24Z,,orchestrator: complete
crates/sverb/src/cli/snapshots/help@sync.snap,agent-M7-04,M7-04,released,2026-10-08T18:48:24Z,,orchestrator: complete
crates/sverb/src/cli/snapshots/sverb__cli__doctor__tests__doctor_all_ok.snap,agent-M7-04,M7-04,released,2026-10-08T18:48:24Z,,orchestrator: complete
crates/sverb/src/cli/snapshots/sverb__cli__doctor__tests__doctor_json.snap,agent-M7-04,M7-04,released,2026-10-08T18:48:24Z,,orchestrator: complete
crates/sverb/src/cli/snapshots/sverb__cli__doctor__tests__doctor_mixed_ascii.snap,agent-M7-04,M7-04,released,2026-10-08T18:48:24Z,,orchestrator: complete
crates/sverb/src/cli/snapshots/sverb__cli__doctor__tests__doctor_mixed_symbols.snap,agent-M7-04,M7-04,released,2026-10-08T18:48:24Z,,orchestrator: complete
crates/sverb/src/cli/tests.rs,agent-M7-04,M7-04,released,2026-10-08T18:48:24Z,,orchestrator: complete
crates/sverb-store/src/health.rs,agent-M7-04,M7-04,released,2026-10-08T18:48:24Z,,orchestrator: complete
crates/sverb-store/src/lib.rs,agent-M7-04,M7-04,released,2026-10-08T18:48:24Z,,orchestrator: complete
crates/sverb-sync/src/doctor.rs,agent-M7-04,M7-04,released,2026-10-08T18:48:24Z,,orchestrator: complete
crates/sverb-sync/src/lib.rs,agent-M7-04,M7-04,released,2026-10-08T18:48:24Z,,orchestrator: complete
crates/sverb-sync/src/tokens.rs,agent-M7-04,M7-04,released,2026-10-08T18:48:24Z,,orchestrator: complete
crates/sverb-sync/tests/doctor.rs,agent-M7-04,M7-04,released,2026-10-08T18:48:24Z,,orchestrator: complete
crates/sverb/tests/doctor.rs,agent-M7-04,M7-04,released,2026-10-08T18:48:24Z,,orchestrator: complete
crates/sverb-tui/src/runtime/capabilities.rs,agent-M7-04,M7-04,released,2026-10-08T18:48:24Z,,orchestrator: complete
crates/sverb-tui/src/runtime/mod.rs,agent-M7-04,M7-04,released,2026-10-08T18:48:24Z,,orchestrator: complete
crates/sverb-tui/src/services/clipboard.rs,agent-M7-04,M7-04,released,2026-10-08T18:48:24Z,,orchestrator: complete
crates/sverb-tui/src/theme/mod.rs,agent-M7-04,M7-04,released,2026-10-08T18:48:24Z,,orchestrator: complete
docs/cli-json.md,agent-M7-04,M7-04,released,2026-10-08T18:48:24Z,,orchestrator: complete
crates/sverb-tui/src/services/ssh.rs,agent-M5-02,M5-02,locked,2026-10-08T18:49:17Z,,credential override at connect
crates/sverb-tui/src/services/shared_vaults.rs,agent-M5-02,M5-02,released,2026-10-08T18:49:32Z,,services/mod.rs held; use services/vault/shared.rs
crates/sverb-tui/src/services/vault.rs,agent-M5-02,M5-02,locked,2026-10-08T18:49:32Z,,adopt vaults; mod shared
crates/sverb-tui/src/services/vault/shared.rs,agent-M5-02,M5-02,locked,2026-10-08T18:49:32Z,,new
crates/sverb-tui/src/services/vault/engine.rs,agent-M5-02,M5-02,locked,2026-10-08T18:49:32Z,,add vault keys while unlocked
crates/sverb-tui/src/views/hosts/catalog.rs,agent-M5-02,M5-02,locked,2026-10-08T18:51:35Z,,shared vault UI
crates/sverb-tui/src/services/vault/items.rs,agent-M5-02,M5-02,locked,2026-10-08T18:51:35Z,,shared vault UI
crates/sverb-tui/src/views/hosts/detail.rs,agent-M5-02,M5-02,locked,2026-10-08T18:51:35Z,,shared vault UI
crates/sverb-tui/src/views/hosts/form.rs,agent-M5-02,M5-02,locked,2026-10-08T18:51:35Z,,shared vault UI
crates/sverb-tui/src/app/sync_ui.rs,agent-M5-02,M5-02,locked,2026-10-08T18:53:31Z,,Settings -> Vaults
crates/sverb-tui/src/app/sync/vaults.rs,agent-M5-02,M5-02,locked,2026-10-08T18:53:31Z,,Settings -> Vaults
crates/sverb-tui/src/views/settings/mod.rs,agent-M5-02,M5-02,locked,2026-10-08T18:53:31Z,,Settings -> Vaults
crates/sverb-tui/src/views/settings/vaults.rs,agent-M5-02,M5-02,locked,2026-10-08T18:53:31Z,,Settings -> Vaults
crates/sverb-tui/src/services/sync.rs,agent-M5-02,M5-02,locked,2026-10-08T18:53:31Z,,Settings -> Vaults
crates/sverb-tui/src/services/share_tests.rs,agent-M6-03,M6-03,locked,2026-10-08T18:55:24Z,,share service tests
crates/sverb-tui/src/app/share.rs,agent-M6-03,M6-03,modified,2026-10-08T18:55:36Z,,new: share UI
crates/sverb-tui/src/app/share_tests.rs,agent-M6-03,M6-03,modified,2026-10-08T18:55:36Z,,new: share UI
crates/sverb-tui/src/views/share/mod.rs,agent-M6-03,M6-03,modified,2026-10-08T18:55:36Z,,new: share UI
crates/sverb-tui/src/views/share/start_dialog.rs,agent-M6-03,M6-03,modified,2026-10-08T18:55:36Z,,new: share UI
crates/sverb-tui/src/views/share/approve_dialog.rs,agent-M6-03,M6-03,modified,2026-10-08T18:55:36Z,,new: share UI
crates/sverb-tui/src/views/share/viewers_panel.rs,agent-M6-03,M6-03,modified,2026-10-08T18:55:36Z,,new: share UI
crates/sverb-tui/src/services/share.rs,agent-M6-03,M6-03,modified,2026-10-08T18:55:36Z,,new: share UI
crates/sverb-tui/src/services/share_tests.rs,agent-M6-03,M6-03,modified,2026-10-08T18:55:36Z,,new: share UI
crates/sverb-tui/Cargo.toml,agent-M6-03,M6-03,modified,2026-10-08T18:55:36Z,,feature share
crates/sverb-tui/src/app/mod.rs,agent-M6-03,M6-03,modified,2026-10-08T18:55:36Z,,mod share; ShareUi field; Share event; Join launch; share action/answer/after_handle
crates/sverb-tui/src/app/event.rs,agent-M6-03,M6-03,modified,2026-10-08T18:55:36Z,,UiEvent::Share
crates/sverb-tui/src/app/effect.rs,agent-M6-03,M6-03,modified,2026-10-08T18:55:36Z,,Effect::Share
crates/sverb-tui/src/app/palette.rs,agent-M6-03,M6-03,modified,2026-10-08T18:55:36Z,,palette join -> share_join
crates/sverb-tui/src/app/panes.rs,agent-M6-03,M6-03,modified,2026-10-08T18:55:36Z,,viewer pane render + shared badge
crates/sverb-tui/src/views/dialogs.rs,agent-M6-03,M6-03,modified,2026-10-08T18:55:36Z,,DialogKind::Share
crates/sverb-tui/src/views/mod.rs,agent-M6-03,M6-03,modified,2026-10-08T18:55:36Z,,pub mod share
crates/sverb-tui/src/services/mod.rs,agent-M6-03,M6-03,modified,2026-10-08T18:55:36Z,,mod share (feature share); Effect::Share arm
crates/sverb-tui/src/services/sync/vaults.rs,agent-M5-02,M5-02,locked,2026-10-08T18:55:52Z,,new
crates/sverb-tui/src/app/palette_tests.rs,agent-M6-03,M6-03,modified,2026-10-08T18:58:28Z,,t07: join toast text
crates/sverb-tui/src/views/hosts/mod.rs,agent-M5-02,M5-02,locked,2026-10-08T18:58:50Z,,vault selector / move-copy / override
crates/sverb-tui/src/app/shell.rs,agent-M5-02,M5-02,locked,2026-10-08T18:58:50Z,,vault selector / move-copy / override
crates/sverb-tui/src/app/hosts.rs,agent-M5-02,M5-02,locked,2026-10-08T18:58:50Z,,vault selector / move-copy / override
crates/sverb-tui/src/app/vault.rs,agent-M5-02,M5-02,locked,2026-10-08T18:58:50Z,,vault selector / move-copy / override
crates/sverb-tui/src/app/snapshots/sverb_tui__app__sync_tests__t02_sync_page.snap,agent-M5-02,M5-02,locked,2026-10-08T18:59:43Z,,Vaults settings tab
crates/sverb-tui/src/app/snapshots/sverb_tui__app__sync_tests__t05_devices_page.snap,agent-M5-02,M5-02,locked,2026-10-08T18:59:43Z,,Vaults settings tab
crates/sverb-tui/src/app/snapshots/sverb_tui__app__sync_tests__t08_team_page.snap,agent-M5-02,M5-02,locked,2026-10-08T18:59:43Z,,Vaults settings tab
crates/sverb-tui/src/app/snapshots/sverb_tui__app__share_tests__t07_letterbox_80x24.snap,agent-M6-03,M6-03,locked,2026-10-08T19:01:30Z,,share snapshot
crates/sverb-tui/src/app/snapshots/sverb_tui__app__share_tests__t07_letterbox_80x24.snap,agent-M6-03,M6-03,modified,2026-10-08T19:01:30Z,,new snapshot
crates/sverb-tui/src/app/snapshots/sverb_tui__app__share_tests__t11_approve_80x24.snap,agent-M6-03,M6-03,locked,2026-10-08T19:01:30Z,,share snapshot
crates/sverb-tui/src/app/snapshots/sverb_tui__app__share_tests__t11_approve_80x24.snap,agent-M6-03,M6-03,modified,2026-10-08T19:01:30Z,,new snapshot
crates/sverb-tui/src/app/snapshots/sverb_tui__app__share_tests__t11_badge_control_80x24.snap,agent-M6-03,M6-03,locked,2026-10-08T19:01:30Z,,share snapshot
crates/sverb-tui/src/app/snapshots/sverb_tui__app__share_tests__t11_badge_control_80x24.snap,agent-M6-03,M6-03,modified,2026-10-08T19:01:30Z,,new snapshot
crates/sverb-tui/src/app/snapshots/sverb_tui__app__share_tests__t11_badge_view_80x24.snap,agent-M6-03,M6-03,locked,2026-10-08T19:01:30Z,,share snapshot
crates/sverb-tui/src/app/snapshots/sverb_tui__app__share_tests__t11_badge_view_80x24.snap,agent-M6-03,M6-03,modified,2026-10-08T19:01:30Z,,new snapshot
crates/sverb-tui/src/app/snapshots/sverb_tui__app__share_tests__t11_start_dialog_80x24.snap,agent-M6-03,M6-03,locked,2026-10-08T19:01:30Z,,share snapshot
crates/sverb-tui/src/app/snapshots/sverb_tui__app__share_tests__t11_start_dialog_80x24.snap,agent-M6-03,M6-03,modified,2026-10-08T19:01:30Z,,new snapshot
crates/sverb-tui/src/app/snapshots/sverb_tui__app__share_tests__t11_viewers_panel_80x24.snap,agent-M6-03,M6-03,locked,2026-10-08T19:01:30Z,,share snapshot
crates/sverb-tui/src/app/snapshots/sverb_tui__app__share_tests__t11_viewers_panel_80x24.snap,agent-M6-03,M6-03,modified,2026-10-08T19:01:30Z,,new snapshot
crates/sverb-tui/tests/shared_vaults.rs,agent-M5-02,M5-02,locked,2026-10-08T19:04:11Z,,TUI shared vault tests
crates/sverb-tui/src/views/hosts/vault_tests.rs,agent-M5-02,M5-02,locked,2026-10-08T19:04:46Z,,view tests
crates/sverb-tui/src/app/shell.rs,agent-M5-02,M5-02,modified,2026-10-08T19:06:43Z,,M5-02 shared vaults
crates/sverb-tui/src/views/hosts/mod.rs,agent-M5-02,M5-02,modified,2026-10-08T19:06:43Z,,M5-02 shared vaults
crates/sverb-tui/src/app/snapshots/sverb_tui__app__sync_tests__t08_team_page.snap,agent-M5-02,M5-02,modified,2026-10-08T19:06:43Z,,M5-02 shared vaults
crates/sverb-tui/src/app/snapshots/sverb_tui__app__sync_tests__t05_devices_page.snap,agent-M5-02,M5-02,modified,2026-10-08T19:06:43Z,,M5-02 shared vaults
crates/sverb-tui/src/app/hosts.rs,agent-M5-02,M5-02,modified,2026-10-08T19:06:43Z,,M5-02 shared vaults
crates/sverb-tui/src/views/hosts/vault_tests.rs,agent-M5-02,M5-02,modified,2026-10-08T19:06:43Z,,M5-02 shared vaults
crates/sverb-tui/src/services/sync.rs,agent-M5-02,M5-02,modified,2026-10-08T19:06:43Z,,M5-02 shared vaults
crates/sverb-tui/src/views/hosts/catalog.rs,agent-M5-02,M5-02,modified,2026-10-08T19:06:43Z,,M5-02 shared vaults
crates/sverb-tui/src/services/vault/engine.rs,agent-M5-02,M5-02,modified,2026-10-08T19:06:43Z,,M5-02 shared vaults
crates/sverb-tui/src/services/vault/shared.rs,agent-M5-02,M5-02,modified,2026-10-08T19:06:43Z,,M5-02 shared vaults
crates/sverb-tui/src/services/vault/items.rs,agent-M5-02,M5-02,modified,2026-10-08T19:06:43Z,,M5-02 shared vaults
crates/sverb-tui/src/views/settings/vaults.rs,agent-M5-02,M5-02,modified,2026-10-08T19:06:43Z,,M5-02 shared vaults
crates/sverb-tui/src/views/settings/mod.rs,agent-M5-02,M5-02,modified,2026-10-08T19:06:43Z,,M5-02 shared vaults
crates/sverb-tui/src/app/snapshots/sverb_tui__app__sync_tests__t02_sync_page.snap,agent-M5-02,M5-02,modified,2026-10-08T19:06:43Z,,M5-02 shared vaults
crates/sverb-tui/tests/shared_vaults.rs,agent-M5-02,M5-02,modified,2026-10-08T19:06:43Z,,M5-02 shared vaults
crates/sverb-tui/src/services/sync/vaults.rs,agent-M5-02,M5-02,modified,2026-10-08T19:06:43Z,,M5-02 shared vaults
crates/sverb-tui/src/app/sync_ui.rs,agent-M5-02,M5-02,modified,2026-10-08T19:06:43Z,,M5-02 shared vaults
crates/sverb-tui/src/services/vault.rs,agent-M5-02,M5-02,modified,2026-10-08T19:06:43Z,,M5-02 shared vaults
crates/sverb-tui/src/app/vault.rs,agent-M5-02,M5-02,modified,2026-10-08T19:06:43Z,,M5-02 shared vaults
crates/sverb-tui/src/views/hosts/form.rs,agent-M5-02,M5-02,modified,2026-10-08T19:06:43Z,,M5-02 shared vaults
crates/sverb-tui/src/views/hosts/detail.rs,agent-M5-02,M5-02,modified,2026-10-08T19:06:43Z,,M5-02 shared vaults
crates/sverb-tui/src/app/sync.rs,agent-M5-02,M5-02,modified,2026-10-08T19:06:43Z,,M5-02 shared vaults
crates/sverb-tui/src/services/ssh.rs,agent-M5-02,M5-02,modified,2026-10-08T19:06:43Z,,M5-02 shared vaults
crates/sverb-tui/src/app/sync/vaults.rs,agent-M5-02,M5-02,modified,2026-10-08T19:06:43Z,,M5-02 shared vaults
crates/sverb-tui/src/app/hosts/shared_vaults.rs,agent-M5-02,M5-02,locked,2026-10-08T19:06:50Z,,new reducer module
crates/sverb-tui/src/app/hosts/shared_vaults.rs,agent-M5-02,M5-02,modified,2026-10-08T19:06:50Z,,move/copy/override reducer
docs/data-model.md,agent-M5-02,M5-02,locked,2026-10-08T19:17:10Z,,credential-override kind
docs/data-model.md,agent-M5-02,M5-02,modified,2026-10-08T19:17:10Z,,credential-override; cross-vault refs
crates/sverb-conn/src/manager.rs,agent-M6-03,M6-03,released,2026-10-08T19:18:40Z,,orchestrator merging
crates/sverb-conn/src/session/actor.rs,agent-M6-03,M6-03,released,2026-10-08T19:18:40Z,,orchestrator merging
crates/sverb-conn/src/session/cmd.rs,agent-M6-03,M6-03,released,2026-10-08T19:18:40Z,,orchestrator merging
crates/sverb-conn/src/session/mod.rs,agent-M6-03,M6-03,released,2026-10-08T19:18:40Z,,orchestrator merging
crates/sverb-conn/src/session/share_tap.rs,agent-M6-03,M6-03,released,2026-10-08T19:18:40Z,,orchestrator merging
crates/sverb-sync/Cargo.toml,agent-M6-03,M6-03,released,2026-10-08T19:18:40Z,,orchestrator merging
crates/sverb-sync/src/lib.rs,agent-M6-03,M6-03,released,2026-10-08T19:18:40Z,,orchestrator merging
crates/sverb-sync/src/share/host.rs,agent-M6-03,M6-03,released,2026-10-08T19:18:40Z,,orchestrator merging
crates/sverb-sync/src/share/mod.rs,agent-M6-03,M6-03,released,2026-10-08T19:18:40Z,,orchestrator merging
crates/sverb-sync/src/share/viewer.rs,agent-M6-03,M6-03,released,2026-10-08T19:18:40Z,,orchestrator merging
crates/sverb-sync/tests/share.rs,agent-M6-03,M6-03,released,2026-10-08T19:18:40Z,,orchestrator merging
crates/sverb-tui/Cargo.toml,agent-M6-03,M6-03,released,2026-10-08T19:18:40Z,,orchestrator merging
crates/sverb-tui/src/app/effect.rs,agent-M6-03,M6-03,released,2026-10-08T19:18:40Z,,orchestrator merging
crates/sverb-tui/src/app/event.rs,agent-M6-03,M6-03,released,2026-10-08T19:18:40Z,,orchestrator merging
crates/sverb-tui/src/app/mod.rs,agent-M6-03,M6-03,released,2026-10-08T19:18:40Z,,orchestrator merging
crates/sverb-tui/src/app/palette.rs,agent-M6-03,M6-03,released,2026-10-08T19:18:40Z,,orchestrator merging
crates/sverb-tui/src/app/palette_tests.rs,agent-M6-03,M6-03,released,2026-10-08T19:18:40Z,,orchestrator merging
crates/sverb-tui/src/app/panes.rs,agent-M6-03,M6-03,released,2026-10-08T19:18:40Z,,orchestrator merging
crates/sverb-tui/src/app/share.rs,agent-M6-03,M6-03,released,2026-10-08T19:18:40Z,,orchestrator merging
crates/sverb-tui/src/app/share_tests.rs,agent-M6-03,M6-03,released,2026-10-08T19:18:40Z,,orchestrator merging
crates/sverb-tui/src/app/snapshots/sverb_tui__app__share_tests__t07_letterbox_80x24.snap,agent-M6-03,M6-03,released,2026-10-08T19:18:40Z,,orchestrator merging
crates/sverb-tui/src/app/snapshots/sverb_tui__app__share_tests__t11_approve_80x24.snap,agent-M6-03,M6-03,released,2026-10-08T19:18:40Z,,orchestrator merging
crates/sverb-tui/src/app/snapshots/sverb_tui__app__share_tests__t11_badge_control_80x24.snap,agent-M6-03,M6-03,released,2026-10-08T19:18:40Z,,orchestrator merging
crates/sverb-tui/src/app/snapshots/sverb_tui__app__share_tests__t11_badge_view_80x24.snap,agent-M6-03,M6-03,released,2026-10-08T19:18:40Z,,orchestrator merging
crates/sverb-tui/src/app/snapshots/sverb_tui__app__share_tests__t11_start_dialog_80x24.snap,agent-M6-03,M6-03,released,2026-10-08T19:18:40Z,,orchestrator merging
crates/sverb-tui/src/app/snapshots/sverb_tui__app__share_tests__t11_viewers_panel_80x24.snap,agent-M6-03,M6-03,released,2026-10-08T19:18:40Z,,orchestrator merging
crates/sverb-tui/src/services/mod.rs,agent-M6-03,M6-03,released,2026-10-08T19:18:40Z,,orchestrator merging
crates/sverb-tui/src/services/share.rs,agent-M6-03,M6-03,released,2026-10-08T19:18:40Z,,orchestrator merging
crates/sverb-tui/src/services/share_tests.rs,agent-M6-03,M6-03,released,2026-10-08T19:18:40Z,,orchestrator merging
crates/sverb-tui/src/views/dialogs.rs,agent-M6-03,M6-03,released,2026-10-08T19:18:40Z,,orchestrator merging
crates/sverb-tui/src/views/mod.rs,agent-M6-03,M6-03,released,2026-10-08T19:18:40Z,,orchestrator merging
crates/sverb-tui/src/views/share/approve_dialog.rs,agent-M6-03,M6-03,released,2026-10-08T19:18:40Z,,orchestrator merging
crates/sverb-tui/src/views/share/mod.rs,agent-M6-03,M6-03,released,2026-10-08T19:18:40Z,,orchestrator merging
crates/sverb-tui/src/views/share/start_dialog.rs,agent-M6-03,M6-03,released,2026-10-08T19:18:40Z,,orchestrator merging
crates/sverb-tui/src/views/share/viewers_panel.rs,agent-M6-03,M6-03,released,2026-10-08T19:18:40Z,,orchestrator merging
crates/sverb-sync/src/lib.rs,orchestrator,MERGE-M6-03,locked,2026-10-08T19:18:40Z,,merge
crates/sverb-sync/Cargo.toml,orchestrator,MERGE-M6-03,locked,2026-10-08T19:18:55Z,,fold share feature into sync
crates/sverb-tui/Cargo.toml,orchestrator,MERGE-M6-03,locked,2026-10-08T19:18:55Z,,fold share feature into sync
crates/sverb-tui/src/services/mod.rs,orchestrator,MERGE-M6-03,locked,2026-10-08T19:18:55Z,,fold share feature into sync
crates/sverb/src/cli/mod.rs,orchestrator,MERGE-M6-03,locked,2026-10-08T19:20:57Z,,box tui future
crates/sverb/src/cli/mod.rs,orchestrator,MERGE,released,2026-10-08T19:21:23Z,,merged
crates/sverb-sync/Cargo.toml,orchestrator,MERGE,released,2026-10-08T19:21:23Z,,merged
crates/sverb-sync/src/lib.rs,orchestrator,MERGE,released,2026-10-08T19:21:23Z,,merged
crates/sverb-tui/Cargo.toml,orchestrator,MERGE,released,2026-10-08T19:21:23Z,,merged
crates/sverb-tui/src/services/mod.rs,orchestrator,MERGE,released,2026-10-08T19:21:23Z,,merged
crates/sverb-core/src/model/credential_override.rs,agent-M5-02,M5-02,released,2026-10-08T19:22:34Z,,orchestrator: complete
crates/sverb-core/src/model/kinds.rs,agent-M5-02,M5-02,released,2026-10-08T19:22:34Z,,orchestrator: complete
crates/sverb-core/src/model/migrate.rs,agent-M5-02,M5-02,released,2026-10-08T19:22:34Z,,orchestrator: complete
crates/sverb-core/src/model/mod.rs,agent-M5-02,M5-02,released,2026-10-08T19:22:34Z,,orchestrator: complete
crates/sverb-core/src/model/vault_refs.rs,agent-M5-02,M5-02,released,2026-10-08T19:22:34Z,,orchestrator: complete
crates/sverb-core/src/resolve/approval.rs,agent-M5-02,M5-02,released,2026-10-08T19:22:34Z,,orchestrator: complete
crates/sverb-core/src/resolve/overrides.rs,agent-M5-02,M5-02,released,2026-10-08T19:22:34Z,,orchestrator: complete
crates/sverb-core/src/resolve/provenance.rs,agent-M5-02,M5-02,released,2026-10-08T19:22:34Z,,orchestrator: complete
crates/sverb-core/src/resolve.rs,agent-M5-02,M5-02,released,2026-10-08T19:22:34Z,,orchestrator: complete
crates/sverb-proto/src/lib.rs,agent-M5-02,M5-02,released,2026-10-08T19:22:34Z,,orchestrator: complete
crates/sverb-proto/src/vaults.rs,agent-M5-02,M5-02,released,2026-10-08T19:22:34Z,,orchestrator: complete
crates/sverb-server/src/routes/mod.rs,agent-M5-02,M5-02,released,2026-10-08T19:22:34Z,,orchestrator: complete
crates/sverb-server/src/routes/shared_vaults.rs,agent-M5-02,M5-02,released,2026-10-08T19:22:34Z,,orchestrator: complete
crates/sverb-server/src/routes/vaults.rs,agent-M5-02,M5-02,released,2026-10-08T19:22:34Z,,orchestrator: complete
crates/sverb-server/src/sync/mod.rs,agent-M5-02,M5-02,released,2026-10-08T19:22:34Z,,orchestrator: complete
crates/sverb-server/src/sync/shared.rs,agent-M5-02,M5-02,released,2026-10-08T19:22:34Z,,orchestrator: complete
crates/sverb-server/tests/shared_vaults.rs,agent-M5-02,M5-02,released,2026-10-08T19:22:34Z,,orchestrator: complete
crates/sverb-sync/src/account/mod.rs,agent-M5-02,M5-02,released,2026-10-08T19:22:34Z,,orchestrator: complete
crates/sverb-sync/src/account/vaults.rs,agent-M5-02,M5-02,released,2026-10-08T19:22:35Z,,orchestrator: complete
crates/sverb-sync/src/engine.rs,agent-M5-02,M5-02,released,2026-10-08T19:22:35Z,,orchestrator: complete
crates/sverb-sync/src/http.rs,agent-M5-02,M5-02,released,2026-10-08T19:22:35Z,,orchestrator: complete
crates/sverb-sync/src/http/shared_vaults.rs,agent-M5-02,M5-02,released,2026-10-08T19:22:35Z,,orchestrator: complete
crates/sverb-sync/src/keys.rs,agent-M5-02,M5-02,released,2026-10-08T19:22:35Z,,orchestrator: complete
crates/sverb-sync/src/status.rs,agent-M5-02,M5-02,released,2026-10-08T19:22:35Z,,orchestrator: complete
crates/sverb-sync/src/trust.rs,agent-M5-02,M5-02,released,2026-10-08T19:22:35Z,,orchestrator: complete
crates/sverb-sync/tests/shared_vaults.rs,agent-M5-02,M5-02,released,2026-10-08T19:22:35Z,,orchestrator: complete
crates/sverb-tui/src/app/hosts.rs,agent-M5-02,M5-02,released,2026-10-08T19:22:35Z,,orchestrator: complete
crates/sverb-tui/src/app/hosts/shared_vaults.rs,agent-M5-02,M5-02,released,2026-10-08T19:22:35Z,,orchestrator: complete
crates/sverb-tui/src/app/shell.rs,agent-M5-02,M5-02,released,2026-10-08T19:22:35Z,,orchestrator: complete
crates/sverb-tui/src/app/snapshots/sverb_tui__app__sync_tests__t02_sync_page.snap,agent-M5-02,M5-02,released,2026-10-08T19:22:35Z,,orchestrator: complete
crates/sverb-tui/src/app/snapshots/sverb_tui__app__sync_tests__t05_devices_page.snap,agent-M5-02,M5-02,released,2026-10-08T19:22:35Z,,orchestrator: complete
crates/sverb-tui/src/app/snapshots/sverb_tui__app__sync_tests__t08_team_page.snap,agent-M5-02,M5-02,released,2026-10-08T19:22:35Z,,orchestrator: complete
crates/sverb-tui/src/app/sync.rs,agent-M5-02,M5-02,released,2026-10-08T19:22:35Z,,orchestrator: complete
crates/sverb-tui/src/app/sync_ui.rs,agent-M5-02,M5-02,released,2026-10-08T19:22:35Z,,orchestrator: complete
crates/sverb-tui/src/app/sync/vaults.rs,agent-M5-02,M5-02,released,2026-10-08T19:22:35Z,,orchestrator: complete
crates/sverb-tui/src/app/vault.rs,agent-M5-02,M5-02,released,2026-10-08T19:22:35Z,,orchestrator: complete
crates/sverb-tui/src/services/ssh.rs,agent-M5-02,M5-02,released,2026-10-08T19:22:35Z,,orchestrator: complete
crates/sverb-tui/src/services/sync.rs,agent-M5-02,M5-02,released,2026-10-08T19:22:35Z,,orchestrator: complete
crates/sverb-tui/src/services/sync/vaults.rs,agent-M5-02,M5-02,released,2026-10-08T19:22:35Z,,orchestrator: complete
crates/sverb-tui/src/services/vault/engine.rs,agent-M5-02,M5-02,released,2026-10-08T19:22:35Z,,orchestrator: complete
crates/sverb-tui/src/services/vault/items.rs,agent-M5-02,M5-02,released,2026-10-08T19:22:35Z,,orchestrator: complete
crates/sverb-tui/src/services/vault.rs,agent-M5-02,M5-02,released,2026-10-08T19:22:35Z,,orchestrator: complete
crates/sverb-tui/src/services/vault/shared.rs,agent-M5-02,M5-02,released,2026-10-08T19:22:35Z,,orchestrator: complete
crates/sverb-tui/src/views/hosts/catalog.rs,agent-M5-02,M5-02,released,2026-10-08T19:22:35Z,,orchestrator: complete
crates/sverb-tui/src/views/hosts/detail.rs,agent-M5-02,M5-02,released,2026-10-08T19:22:35Z,,orchestrator: complete
crates/sverb-tui/src/views/hosts/form.rs,agent-M5-02,M5-02,released,2026-10-08T19:22:35Z,,orchestrator: complete
crates/sverb-tui/src/views/hosts/mod.rs,agent-M5-02,M5-02,released,2026-10-08T19:22:35Z,,orchestrator: complete
crates/sverb-tui/src/views/hosts/vault_tests.rs,agent-M5-02,M5-02,released,2026-10-08T19:22:35Z,,orchestrator: complete
crates/sverb-tui/src/views/settings/mod.rs,agent-M5-02,M5-02,released,2026-10-08T19:22:35Z,,orchestrator: complete
crates/sverb-tui/src/views/settings/vaults.rs,agent-M5-02,M5-02,released,2026-10-08T19:22:35Z,,orchestrator: complete
crates/sverb-tui/tests/shared_vaults.rs,agent-M5-02,M5-02,released,2026-10-08T19:22:35Z,,orchestrator: complete
docs/data-model.md,agent-M5-02,M5-02,released,2026-10-08T19:22:35Z,,orchestrator: complete
crates/sverb-proto/src/rotation.rs,agent-M5-04,M5-04,locked,2026-10-08T19:27:01Z,,rotation DTOs
crates/sverb-proto/src/lib.rs,agent-M5-04,M5-04,locked,2026-10-08T19:27:01Z,,rotation DTOs
crates/sverb-proto/src/sync.rs,agent-M5-04,M5-04,locked,2026-10-08T19:27:01Z,,rotation DTOs
crates/sverb-proto/src/rotation.rs,agent-M5-04,M5-04,modified,2026-10-08T19:27:30Z,,M5-04 rotation DTOs
crates/sverb-proto/src/lib.rs,agent-M5-04,M5-04,modified,2026-10-08T19:27:30Z,,M5-04 rotation DTOs
crates/sverb-proto/src/sync.rs,agent-M5-04,M5-04,modified,2026-10-08T19:27:30Z,,M5-04 rotation DTOs
crates/sverb-server/src/auth/store/mem.rs,agent-M5-04,M5-04,locked,2026-10-08T19:27:53Z,,rotation staging table
crates/sverb-server/src/auth/store/mem.rs,agent-M5-04,M5-04,modified,2026-10-08T19:27:53Z,,MemData.rotation_staging
crates/sverb-server/src/sync/shared.rs,agent-M5-04,M5-04,locked,2026-10-08T19:28:41Z,,rotation backend
crates/sverb-server/src/sync/mem.rs,agent-M5-04,M5-04,locked,2026-10-08T19:28:41Z,,rotation backend
crates/sverb-server/src/sync/mod.rs,agent-M5-04,M5-04,locked,2026-10-08T19:28:41Z,,rotation backend
crates/sverb-server/src/sync/vaults.rs,agent-M5-04,M5-04,locked,2026-10-08T19:28:41Z,,rotation backend
crates/sverb-server/src/sync/rotation.rs,agent-M5-04,M5-04,locked,2026-10-08T19:28:41Z,,rotation backend
crates/sverb-server/src/sync/vaults.rs,agent-M5-04,M5-04,modified,2026-10-08T19:28:49Z,,rotation view by/started_at
crates/sverb-server/src/sync/shared.rs,agent-M5-04,M5-04,modified,2026-10-08T19:28:49Z,,M5-04 wiring/visibility
crates/sverb-server/src/sync/mem.rs,agent-M5-04,M5-04,modified,2026-10-08T19:28:49Z,,M5-04 wiring/visibility
crates/sverb-server/src/sync/mod.rs,agent-M5-04,M5-04,modified,2026-10-08T19:28:49Z,,M5-04 wiring/visibility
crates/sverb-server/src/routes/rotate.rs,agent-M5-04,M5-04,locked,2026-10-08T19:30:47Z,,rotate route
crates/sverb-server/src/routes/mod.rs,agent-M5-04,M5-04,locked,2026-10-08T19:30:47Z,,rotate route
crates/sverb-server/src/routes/vaults.rs,agent-M5-04,M5-04,locked,2026-10-08T19:30:47Z,,rotate route
crates/sverb-server/src/admin/gc.rs,agent-M5-04,M5-04,locked,2026-10-08T19:30:47Z,,rotate route
crates/sverb-server/src/cli.rs,agent-M5-04,M5-04,locked,2026-10-08T19:31:02Z,,gc output
crates/sverb-server/src/routes/rotate.rs,agent-M5-04,M5-04,modified,2026-10-08T19:31:32Z,,M5-04 rotation
crates/sverb-server/src/routes/mod.rs,agent-M5-04,M5-04,modified,2026-10-08T19:31:32Z,,M5-04 rotation
crates/sverb-server/src/routes/vaults.rs,agent-M5-04,M5-04,modified,2026-10-08T19:31:32Z,,M5-04 rotation
crates/sverb-server/src/admin/gc.rs,agent-M5-04,M5-04,modified,2026-10-08T19:31:32Z,,M5-04 rotation
crates/sverb-server/src/cli.rs,agent-M5-04,M5-04,modified,2026-10-08T19:31:32Z,,M5-04 rotation
crates/sverb-server/src/sync/rotation.rs,agent-M5-04,M5-04,modified,2026-10-08T19:31:32Z,,M5-04 rotation
crates/sverb-sync/src/http/rotation.rs,agent-M5-04,M5-04,locked,2026-10-08T19:33:00Z,,client rotation
crates/sverb-sync/src/http.rs,agent-M5-04,M5-04,locked,2026-10-08T19:33:00Z,,client rotation
crates/sverb-sync/src/rotation.rs,agent-M5-04,M5-04,locked,2026-10-08T19:33:00Z,,client rotation
crates/sverb-sync/src/lib.rs,agent-M5-04,M5-04,locked,2026-10-08T19:33:00Z,,client rotation
crates/sverb-sync/src/account/vaults.rs,agent-M5-04,M5-04,locked,2026-10-08T19:33:14Z,,revoke+rotate; fields
crates/sverb-sync/src/account/vaults.rs,agent-M5-04,M5-04,modified,2026-10-08T19:33:14Z,,fields pub(crate); docs
crates/sverb-sync/src/engine.rs,agent-M5-04,M5-04,locked,2026-10-08T19:35:13Z,,rotation receive side
crates/sverb-sync/src/status.rs,agent-M5-04,M5-04,locked,2026-10-08T19:35:13Z,,rotation receive side
crates/sverb-sync/src/pull.rs,agent-M5-04,M5-04,locked,2026-10-08T19:35:13Z,,rotation receive side
crates/sverb-sync/src/engine.rs,agent-M5-04,M5-04,modified,2026-10-08T19:36:24Z,,M5-04 rotation
crates/sverb-sync/src/status.rs,agent-M5-04,M5-04,modified,2026-10-08T19:36:24Z,,M5-04 rotation
crates/sverb-sync/src/pull.rs,agent-M5-04,M5-04,modified,2026-10-08T19:36:24Z,,M5-04 rotation
crates/sverb-sync/src/rotation.rs,agent-M5-04,M5-04,modified,2026-10-08T19:36:24Z,,M5-04 rotation
crates/sverb-sync/src/lib.rs,agent-M5-04,M5-04,modified,2026-10-08T19:36:24Z,,M5-04 rotation
crates/sverb-sync/src/http.rs,agent-M5-04,M5-04,modified,2026-10-08T19:36:24Z,,M5-04 rotation
crates/sverb-sync/src/http/rotation.rs,agent-M5-04,M5-04,modified,2026-10-08T19:36:24Z,,M5-04 rotation
crates/sverb-sync/tests/rotation.rs,agent-M5-04,M5-04,locked,2026-10-08T19:36:27Z,,rotation tests
crates/sverb-sync/tests/rotation.rs,agent-M5-04,M5-04,modified,2026-10-08T19:39:45Z,,T-01..T-08
crates/sverb-tui/src/app/sync_ui.rs,agent-M5-04,M5-04,locked,2026-10-08T19:41:50Z,,rotation UI
crates/sverb-tui/src/app/sync.rs,agent-M5-04,M5-04,locked,2026-10-08T19:41:50Z,,rotation UI
crates/sverb-tui/src/app/sync/vaults.rs,agent-M5-04,M5-04,locked,2026-10-08T19:41:50Z,,rotation UI
crates/sverb-tui/src/views/dialogs.rs,agent-M5-04,M5-04,locked,2026-10-08T19:41:50Z,,rotation UI
crates/sverb-tui/src/views/dialogs/rotation.rs,agent-M5-04,M5-04,locked,2026-10-08T19:41:50Z,,rotation UI
crates/sverb-tui/src/services/sync.rs,agent-M5-04,M5-04,locked,2026-10-08T19:41:50Z,,rotation UI
crates/sverb-tui/src/services/sync/vaults.rs,agent-M5-04,M5-04,locked,2026-10-08T19:41:50Z,,rotation UI
crates/sverb-tui/src/services/vault/engine.rs,agent-M5-04,M5-04,locked,2026-10-08T19:41:50Z,,rotation UI
crates/sverb-tui/src/services/vault/shared.rs,agent-M5-04,M5-04,locked,2026-10-08T19:41:50Z,,rotation UI
crates/sverb-tui/src/views/settings/vaults.rs,agent-M5-04,M5-04,locked,2026-10-08T19:41:50Z,,rotation UI
crates/sverb-tui/src/app/sync_tests.rs,agent-M5-04,M5-04,locked,2026-10-08T19:45:05Z,,rotation reducer tests
crates/sverb-tui/src/app/sync_tests.rs,agent-M5-04,M5-04,modified,2026-10-08T19:45:05Z,,rotation reducer tests
crates/sverb-tui/src/app/sync_ui.rs,agent-M5-04,M5-04,modified,2026-10-08T19:46:09Z,,M5-04 rotation UI
crates/sverb-tui/src/app/sync.rs,agent-M5-04,M5-04,modified,2026-10-08T19:46:09Z,,M5-04 rotation UI
crates/sverb-tui/src/app/sync/vaults.rs,agent-M5-04,M5-04,modified,2026-10-08T19:46:09Z,,M5-04 rotation UI
crates/sverb-tui/src/views/dialogs.rs,agent-M5-04,M5-04,modified,2026-10-08T19:46:09Z,,M5-04 rotation UI
crates/sverb-tui/src/views/dialogs/rotation.rs,agent-M5-04,M5-04,modified,2026-10-08T19:46:09Z,,M5-04 rotation UI
crates/sverb-tui/src/services/sync.rs,agent-M5-04,M5-04,modified,2026-10-08T19:46:09Z,,M5-04 rotation UI
crates/sverb-tui/src/services/sync/vaults.rs,agent-M5-04,M5-04,modified,2026-10-08T19:46:09Z,,M5-04 rotation UI
crates/sverb-tui/src/services/vault/engine.rs,agent-M5-04,M5-04,modified,2026-10-08T19:46:09Z,,M5-04 rotation UI
crates/sverb-tui/src/services/vault/shared.rs,agent-M5-04,M5-04,modified,2026-10-08T19:46:09Z,,M5-04 rotation UI
crates/sverb-tui/src/views/settings/vaults.rs,agent-M5-04,M5-04,modified,2026-10-08T19:46:09Z,,M5-04 rotation UI
crates/sverb-tui/src/services/sync.rs,agent-M5-04,M5-04,modified,2026-10-09T06:24:04Z,,M5-04 rotation UI; Flow variants boxed (clippy)
crates/sverb-sync/src/rotation.rs,agent-M5-04,M5-04,modified,2026-10-09T06:24:04Z,,M5-04 rotation; tests module moved last (clippy)
crates/sverb-proto/src/lib.rs,agent-M5-04,M5-04,released,2026-10-09T06:24:57Z,,orchestrator: complete
crates/sverb-proto/src/rotation.rs,agent-M5-04,M5-04,released,2026-10-09T06:24:57Z,,orchestrator: complete
crates/sverb-proto/src/sync.rs,agent-M5-04,M5-04,released,2026-10-09T06:24:57Z,,orchestrator: complete
crates/sverb-server/src/admin/gc.rs,agent-M5-04,M5-04,released,2026-10-09T06:24:57Z,,orchestrator: complete
crates/sverb-server/src/auth/store/mem.rs,agent-M5-04,M5-04,released,2026-10-09T06:24:57Z,,orchestrator: complete
crates/sverb-server/src/cli.rs,agent-M5-04,M5-04,released,2026-10-09T06:24:57Z,,orchestrator: complete
crates/sverb-server/src/routes/mod.rs,agent-M5-04,M5-04,released,2026-10-09T06:24:57Z,,orchestrator: complete
crates/sverb-server/src/routes/rotate.rs,agent-M5-04,M5-04,released,2026-10-09T06:24:57Z,,orchestrator: complete
crates/sverb-server/src/routes/vaults.rs,agent-M5-04,M5-04,released,2026-10-09T06:24:57Z,,orchestrator: complete
crates/sverb-server/src/sync/mem.rs,agent-M5-04,M5-04,released,2026-10-09T06:24:57Z,,orchestrator: complete
crates/sverb-server/src/sync/mod.rs,agent-M5-04,M5-04,released,2026-10-09T06:24:57Z,,orchestrator: complete
crates/sverb-server/src/sync/rotation.rs,agent-M5-04,M5-04,released,2026-10-09T06:24:57Z,,orchestrator: complete
crates/sverb-server/src/sync/shared.rs,agent-M5-04,M5-04,released,2026-10-09T06:24:57Z,,orchestrator: complete
crates/sverb-server/src/sync/vaults.rs,agent-M5-04,M5-04,released,2026-10-09T06:24:57Z,,orchestrator: complete
crates/sverb-sync/src/account/vaults.rs,agent-M5-04,M5-04,released,2026-10-09T06:24:57Z,,orchestrator: complete
crates/sverb-sync/src/engine.rs,agent-M5-04,M5-04,released,2026-10-09T06:24:57Z,,orchestrator: complete
crates/sverb-sync/src/http/rotation.rs,agent-M5-04,M5-04,released,2026-10-09T06:24:58Z,,orchestrator: complete
crates/sverb-sync/src/http.rs,agent-M5-04,M5-04,released,2026-10-09T06:24:58Z,,orchestrator: complete
crates/sverb-sync/src/lib.rs,agent-M5-04,M5-04,released,2026-10-09T06:24:58Z,,orchestrator: complete
crates/sverb-sync/src/pull.rs,agent-M5-04,M5-04,released,2026-10-09T06:24:58Z,,orchestrator: complete
crates/sverb-sync/src/rotation.rs,agent-M5-04,M5-04,released,2026-10-09T06:24:58Z,,orchestrator: complete
crates/sverb-sync/src/status.rs,agent-M5-04,M5-04,released,2026-10-09T06:24:58Z,,orchestrator: complete
crates/sverb-sync/tests/rotation.rs,agent-M5-04,M5-04,released,2026-10-09T06:24:58Z,,orchestrator: complete
crates/sverb-tui/src/app/sync.rs,agent-M5-04,M5-04,released,2026-10-09T06:24:58Z,,orchestrator: complete
crates/sverb-tui/src/app/sync_tests.rs,agent-M5-04,M5-04,released,2026-10-09T06:24:58Z,,orchestrator: complete
crates/sverb-tui/src/app/sync_ui.rs,agent-M5-04,M5-04,released,2026-10-09T06:24:58Z,,orchestrator: complete
crates/sverb-tui/src/app/sync/vaults.rs,agent-M5-04,M5-04,released,2026-10-09T06:24:58Z,,orchestrator: complete
crates/sverb-tui/src/services/sync.rs,agent-M5-04,M5-04,released,2026-10-09T06:24:58Z,,orchestrator: complete
crates/sverb-tui/src/services/sync/vaults.rs,agent-M5-04,M5-04,released,2026-10-09T06:24:58Z,,orchestrator: complete
crates/sverb-tui/src/services/vault/engine.rs,agent-M5-04,M5-04,released,2026-10-09T06:24:58Z,,orchestrator: complete
crates/sverb-tui/src/services/vault/shared.rs,agent-M5-04,M5-04,released,2026-10-09T06:24:58Z,,orchestrator: complete
crates/sverb-tui/src/views/dialogs/rotation.rs,agent-M5-04,M5-04,released,2026-10-09T06:24:58Z,,orchestrator: complete
crates/sverb-tui/src/views/dialogs.rs,agent-M5-04,M5-04,released,2026-10-09T06:24:58Z,,orchestrator: complete
crates/sverb-tui/src/views/settings/vaults.rs,agent-M5-04,M5-04,released,2026-10-09T06:24:58Z,,orchestrator: complete
Cargo.toml,agent-M7-05,M7-05,locked,2026-10-09T06:29:36Z,,unsafe_code forbid->deny; libc + windows-sys workspace deps; exclude fuzz
Cargo.toml,agent-M7-05,M7-05,modified,2026-10-09T06:29:36Z,,unsafe_code forbid->deny; libc + windows-sys workspace deps; exclude fuzz
scripts/check-unsafe.py,agent-M7-05,M7-05,locked,2026-10-09T06:29:36Z,,new: allow(unsafe_code) grep check
scripts/check-unsafe.py,agent-M7-05,M7-05,modified,2026-10-09T06:29:36Z,,new: allow(unsafe_code) grep check
crates/sverb-e2e/tests/forbid_unsafe.rs,agent-M7-05,M7-05,locked,2026-10-09T06:29:36Z,,deny instead of forbid; T-04 check-unsafe test
crates/sverb-e2e/tests/forbid_unsafe.rs,agent-M7-05,M7-05,modified,2026-10-09T06:29:36Z,,deny instead of forbid; T-04 check-unsafe test
crates/sverb-core/tests/compile_fail/unsafe_block.rs,agent-M7-05,M7-05,locked,2026-10-09T06:29:36Z,,doc: deny
crates/sverb-core/tests/compile_fail/unsafe_block.rs,agent-M7-05,M7-05,modified,2026-10-09T06:29:36Z,,doc: deny
README.md,agent-M7-05,M7-05,locked,2026-10-09T06:30:33Z,,unsafe_code deny note
README.md,agent-M7-05,M7-05,modified,2026-10-09T06:30:33Z,,unsafe_code deny note
crates/sverb-core/src/hardening/mod.rs,agent-M7-05,M7-05,locked,2026-10-09T06:31:36Z,,M7-05 process hardening
crates/sverb-core/src/hardening/mod.rs,agent-M7-05,M7-05,modified,2026-10-09T06:31:36Z,,M7-05 process hardening
crates/sverb-core/src/hardening/unix.rs,agent-M7-05,M7-05,locked,2026-10-09T06:31:37Z,,M7-05 process hardening
crates/sverb-core/src/hardening/unix.rs,agent-M7-05,M7-05,modified,2026-10-09T06:31:37Z,,M7-05 process hardening
crates/sverb-core/src/hardening/windows.rs,agent-M7-05,M7-05,locked,2026-10-09T06:31:37Z,,M7-05 process hardening
crates/sverb-core/src/hardening/windows.rs,agent-M7-05,M7-05,modified,2026-10-09T06:31:37Z,,M7-05 process hardening
crates/sverb-core/src/lib.rs,agent-M7-05,M7-05,locked,2026-10-09T06:31:37Z,,M7-05 process hardening
crates/sverb-core/src/lib.rs,agent-M7-05,M7-05,modified,2026-10-09T06:31:37Z,,M7-05 process hardening
crates/sverb-core/Cargo.toml,agent-M7-05,M7-05,locked,2026-10-09T06:31:37Z,,M7-05 process hardening
crates/sverb-core/Cargo.toml,agent-M7-05,M7-05,modified,2026-10-09T06:31:37Z,,M7-05 process hardening
crates/sverb-core/tests/hardening.rs,agent-M7-05,M7-05,locked,2026-10-09T06:31:37Z,,M7-05 process hardening
crates/sverb-core/tests/hardening.rs,agent-M7-05,M7-05,modified,2026-10-09T06:31:37Z,,M7-05 process hardening
crates/sverb-tui/src/services/vault/engine.rs,agent-M7-05,M7-05,locked,2026-10-09T06:34:19Z,,LMK/VK in mlocked pages (hardening::Locked)
crates/sverb-tui/src/services/vault/engine.rs,agent-M7-05,M7-05,modified,2026-10-09T06:34:19Z,,LMK/VK in mlocked pages (hardening::Locked)
crates/sverb/src/main.rs,agent-M7-05,M7-05,locked,2026-10-09T06:34:19Z,,harden_process at startup
crates/sverb/src/main.rs,agent-M7-05,M7-05,modified,2026-10-09T06:34:19Z,,harden_process at startup
crates/sverb/tests/hardening.rs,agent-M7-05,M7-05,locked,2026-10-09T06:35:05Z,,T-01 binary-level
crates/sverb/tests/hardening.rs,agent-M7-05,M7-05,modified,2026-10-09T06:35:05Z,,T-01 binary-level
crates/sverb-conn/src/agent/dacl_windows.rs,agent-M7-05,M7-05,locked,2026-10-09T06:36:24Z,,M7-05 Windows agent pipe DACL
crates/sverb-conn/src/agent/dacl_windows.rs,agent-M7-05,M7-05,modified,2026-10-09T06:36:24Z,,M7-05 Windows agent pipe DACL
crates/sverb-conn/src/agent/pipe_windows.rs,agent-M7-05,M7-05,locked,2026-10-09T06:36:24Z,,M7-05 Windows agent pipe DACL
crates/sverb-conn/src/agent/pipe_windows.rs,agent-M7-05,M7-05,modified,2026-10-09T06:36:24Z,,M7-05 Windows agent pipe DACL
crates/sverb-conn/src/agent/mod.rs,agent-M7-05,M7-05,locked,2026-10-09T06:36:24Z,,M7-05 Windows agent pipe DACL
crates/sverb-conn/src/agent/mod.rs,agent-M7-05,M7-05,modified,2026-10-09T06:36:24Z,,M7-05 Windows agent pipe DACL
crates/sverb-conn/Cargo.toml,agent-M7-05,M7-05,locked,2026-10-09T06:36:24Z,,M7-05 Windows agent pipe DACL
crates/sverb-conn/Cargo.toml,agent-M7-05,M7-05,modified,2026-10-09T06:36:24Z,,M7-05 Windows agent pipe DACL
crates/sverb/src/cli/agent.rs,agent-M7-05,M7-05,locked,2026-10-09T06:37:15Z,,doc: DACL done
crates/sverb/src/cli/agent.rs,agent-M7-05,M7-05,modified,2026-10-09T06:37:15Z,,doc: DACL done
crates/sverb-term/src/fuzz.rs,agent-M7-05,M7-05,locked,2026-10-09T06:37:57Z,,fuzz entry points
crates/sverb-term/src/fuzz.rs,agent-M7-05,M7-05,modified,2026-10-09T06:37:57Z,,fuzz entry points
crates/sverb-term/src/lib.rs,agent-M7-05,M7-05,locked,2026-10-09T06:37:57Z,,pub mod fuzz
crates/sverb-term/src/lib.rs,agent-M7-05,M7-05,modified,2026-10-09T06:37:57Z,,pub mod fuzz
crates/sverb-core/src/importers/backup.rs,agent-M7-05,M7-05,locked,2026-10-09T06:39:03Z,,fuzz_backup_decrypt entry point
crates/sverb-core/src/importers/backup.rs,agent-M7-05,M7-05,modified,2026-10-09T06:39:04Z,,fuzz_backup_decrypt entry point
crates/sverb-core/src/importers/tests.rs,agent-M7-05,M7-05,locked,2026-10-09T06:39:19Z,,backup_decrypt fuzz twin tests
crates/sverb-core/src/importers/tests.rs,agent-M7-05,M7-05,modified,2026-10-09T06:39:19Z,,backup_decrypt fuzz twin tests
crates/sverb-conn/src/proxy/http_connect.rs,agent-M7-05,M7-05,locked,2026-10-09T06:39:48Z,,fuzz_http_connect_response entry point
crates/sverb-conn/src/proxy/http_connect.rs,agent-M7-05,M7-05,modified,2026-10-09T06:39:48Z,,fuzz_http_connect_response entry point
fuzz/Cargo.toml,agent-M7-05,M7-05,locked,2026-10-09T06:41:26Z,,M7-05 fuzzing
fuzz/Cargo.toml,agent-M7-05,M7-05,modified,2026-10-09T06:41:26Z,,M7-05 fuzzing
fuzz/.gitignore,agent-M7-05,M7-05,locked,2026-10-09T06:41:26Z,,M7-05 fuzzing
fuzz/.gitignore,agent-M7-05,M7-05,modified,2026-10-09T06:41:26Z,,M7-05 fuzzing
fuzz/README.md,agent-M7-05,M7-05,locked,2026-10-09T06:41:27Z,,M7-05 fuzzing
fuzz/README.md,agent-M7-05,M7-05,modified,2026-10-09T06:41:27Z,,M7-05 fuzzing
fuzz/seed-corpus.sh,agent-M7-05,M7-05,locked,2026-10-09T06:41:27Z,,M7-05 fuzzing
fuzz/seed-corpus.sh,agent-M7-05,M7-05,modified,2026-10-09T06:41:27Z,,M7-05 fuzzing
fuzz/fuzz_targets/emulator_feed.rs,agent-M7-05,M7-05,locked,2026-10-09T06:41:27Z,,M7-05 fuzzing
fuzz/fuzz_targets/emulator_feed.rs,agent-M7-05,M7-05,modified,2026-10-09T06:41:27Z,,M7-05 fuzzing
fuzz/fuzz_targets/osc133_scan.rs,agent-M7-05,M7-05,locked,2026-10-09T06:41:27Z,,M7-05 fuzzing
fuzz/fuzz_targets/osc133_scan.rs,agent-M7-05,M7-05,modified,2026-10-09T06:41:27Z,,M7-05 fuzzing
fuzz/fuzz_targets/key_event_encode.rs,agent-M7-05,M7-05,locked,2026-10-09T06:41:27Z,,M7-05 fuzzing
fuzz/fuzz_targets/key_event_encode.rs,agent-M7-05,M7-05,modified,2026-10-09T06:41:27Z,,M7-05 fuzzing
fuzz/fuzz_targets/backup_decrypt.rs,agent-M7-05,M7-05,locked,2026-10-09T06:41:27Z,,M7-05 fuzzing
fuzz/fuzz_targets/backup_decrypt.rs,agent-M7-05,M7-05,modified,2026-10-09T06:41:27Z,,M7-05 fuzzing
fuzz/fuzz_targets/http_connect_response.rs,agent-M7-05,M7-05,locked,2026-10-09T06:41:27Z,,M7-05 fuzzing
fuzz/fuzz_targets/http_connect_response.rs,agent-M7-05,M7-05,modified,2026-10-09T06:41:27Z,,M7-05 fuzzing
.github/workflows/fuzz.yml,agent-M7-05,M7-05,locked,2026-10-09T06:41:27Z,,M7-05 fuzzing
.github/workflows/fuzz.yml,agent-M7-05,M7-05,modified,2026-10-09T06:41:27Z,,M7-05 fuzzing
.github/workflows/ci.yml,agent-M7-05,M7-05,locked,2026-10-09T06:41:27Z,,M7-05 fuzzing
.github/workflows/ci.yml,agent-M7-05,M7-05,modified,2026-10-09T06:41:27Z,,M7-05 fuzzing
scripts/canary-scan.sh,agent-M7-05,M7-05,locked,2026-10-09T06:44:25Z,,new: canary scan
scripts/canary-scan.sh,agent-M7-05,M7-05,modified,2026-10-09T06:44:25Z,,new: canary scan
crates/sverb/tests/canary.rs,agent-M7-05,M7-05,locked,2026-10-09T06:45:30Z,,canary fixture e2e test
crates/sverb/tests/canary.rs,agent-M7-05,M7-05,modified,2026-10-09T06:45:30Z,,canary fixture e2e test
crates/sverb-term/tests/security.rs,agent-M7-05,M7-05,locked,2026-10-09T06:48:08Z,,T-06 consolidated security tests
crates/sverb-term/tests/security.rs,agent-M7-05,M7-05,modified,2026-10-09T06:48:08Z,,T-06 consolidated security tests
crates/sverb-proto/src/auth.rs,agent-M7-05,M7-05,locked,2026-10-09T06:49:41Z,,redacting Debug for token fields (M7-05 audit)
crates/sverb-proto/src/auth.rs,agent-M7-05,M7-05,modified,2026-10-09T06:49:41Z,,redacting Debug for token fields (M7-05 audit)
crates/sverb-server/src/admin/invite.rs,agent-M7-05,M7-05,locked,2026-10-09T06:49:41Z,,redacting Debug for invite token
crates/sverb-server/src/admin/invite.rs,agent-M7-05,M7-05,modified,2026-10-09T06:49:42Z,,redacting Debug for invite token
crates/sverb-sync/src/trust.rs,agent-M7-05,M7-05,locked,2026-10-09T06:49:42Z,,redacting Debug for access token
crates/sverb-sync/src/trust.rs,agent-M7-05,M7-05,modified,2026-10-09T06:49:42Z,,redacting Debug for access token
CONTRIBUTING.md,agent-M7-05,M7-05,locked,2026-10-09T06:50:55Z,,canary conventions; unsafe; fuzzing
CONTRIBUTING.md,agent-M7-05,M7-05,modified,2026-10-09T06:50:55Z,,canary conventions; unsafe; fuzzing
docs/threat-model.md,agent-M7-05,M7-05,locked,2026-10-09T06:51:05Z,,full threat model (M7-05)
docs/threat-model.md,agent-M7-05,M7-05,modified,2026-10-09T06:51:05Z,,full threat model (M7-05)
crates/sverb-core/src/quick_connect.rs,agent-M7-05,M7-05,locked,2026-10-09T06:52:22Z,,rustdoc -D warnings fix
crates/sverb-core/src/quick_connect.rs,agent-M7-05,M7-05,modified,2026-10-09T06:52:22Z,,rustdoc -D warnings fix
crates/sverb-core/src/importers/ssh_config/mod.rs,agent-M7-05,M7-05,locked,2026-10-09T06:52:22Z,,rustdoc -D warnings fix
crates/sverb-core/src/importers/ssh_config/mod.rs,agent-M7-05,M7-05,modified,2026-10-09T06:52:22Z,,rustdoc -D warnings fix
crates/sverb-core/src/history/mod.rs,agent-M7-05,M7-05,locked,2026-10-09T06:52:22Z,,rustdoc -D warnings fix
crates/sverb-core/src/history/mod.rs,agent-M7-05,M7-05,modified,2026-10-09T06:52:22Z,,rustdoc -D warnings fix
crates/sverb-term/src/render.rs,agent-M7-05,M7-05,locked,2026-10-09T06:53:19Z,,rustdoc -D warnings fix
crates/sverb-term/src/render.rs,agent-M7-05,M7-05,modified,2026-10-09T06:53:19Z,,rustdoc -D warnings fix
crates/sverb-term/src/scheme/mod.rs,agent-M7-05,M7-05,locked,2026-10-09T06:53:19Z,,rustdoc -D warnings fix
crates/sverb-term/src/scheme/mod.rs,agent-M7-05,M7-05,modified,2026-10-09T06:53:19Z,,rustdoc -D warnings fix
crates/sverb-sync/src/account/mod.rs,agent-M7-05,M7-05,locked,2026-10-09T06:53:19Z,,rustdoc -D warnings fix
crates/sverb-sync/src/account/mod.rs,agent-M7-05,M7-05,modified,2026-10-09T06:53:19Z,,rustdoc -D warnings fix
crates/sverb-conn/src/agent/confirm.rs,agent-M7-05,M7-05,locked,2026-10-09T06:53:19Z,,rustdoc -D warnings fix
crates/sverb-conn/src/agent/confirm.rs,agent-M7-05,M7-05,modified,2026-10-09T06:53:19Z,,rustdoc -D warnings fix
crates/sverb-conn/src/forward/approval.rs,agent-M7-05,M7-05,locked,2026-10-09T06:53:19Z,,rustdoc -D warnings fix
crates/sverb-conn/src/forward/approval.rs,agent-M7-05,M7-05,modified,2026-10-09T06:53:19Z,,rustdoc -D warnings fix
crates/sverb-server/src/routes/vaults.rs,agent-M7-05,M7-05,locked,2026-10-09T06:53:19Z,,rustdoc -D warnings fix
crates/sverb-server/src/routes/vaults.rs,agent-M7-05,M7-05,modified,2026-10-09T06:53:19Z,,rustdoc -D warnings fix
crates/sverb-tui/src/app/keychain/install.rs,agent-M7-05,M7-05,locked,2026-10-09T06:53:19Z,,rustdoc -D warnings fix
crates/sverb-tui/src/app/keychain/install.rs,agent-M7-05,M7-05,modified,2026-10-09T06:53:19Z,,rustdoc -D warnings fix
crates/sverb-tui/src/app/snippets.rs,agent-M7-05,M7-05,locked,2026-10-09T06:53:19Z,,rustdoc -D warnings fix
crates/sverb-tui/src/app/snippets.rs,agent-M7-05,M7-05,modified,2026-10-09T06:53:19Z,,rustdoc -D warnings fix
crates/sverb-tui/src/app/palette.rs,agent-M7-05,M7-05,locked,2026-10-09T06:53:20Z,,rustdoc -D warnings fix
crates/sverb-tui/src/app/palette.rs,agent-M7-05,M7-05,modified,2026-10-09T06:53:20Z,,rustdoc -D warnings fix
crates/sverb-tui/src/app/workspaces.rs,agent-M7-05,M7-05,locked,2026-10-09T06:53:20Z,,rustdoc -D warnings fix
crates/sverb-tui/src/app/workspaces.rs,agent-M7-05,M7-05,modified,2026-10-09T06:53:20Z,,rustdoc -D warnings fix
crates/sverb-tui/src/services/share.rs,agent-M7-05,M7-05,locked,2026-10-09T06:53:20Z,,rustdoc -D warnings fix
crates/sverb-tui/src/services/share.rs,agent-M7-05,M7-05,modified,2026-10-09T06:53:20Z,,rustdoc -D warnings fix
crates/sverb-tui/src/app/input/remote_io.rs,agent-M7-05,M7-05,locked,2026-10-09T06:53:20Z,,rustdoc -D warnings fix
crates/sverb-tui/src/app/input/remote_io.rs,agent-M7-05,M7-05,modified,2026-10-09T06:53:20Z,,rustdoc -D warnings fix
crates/sverb-tui/src/app/copy.rs,agent-M7-05,M7-05,locked,2026-10-09T06:53:20Z,,rustdoc -D warnings fix
crates/sverb-tui/src/app/copy.rs,agent-M7-05,M7-05,modified,2026-10-09T06:53:20Z,,rustdoc -D warnings fix
crates/sverb-tui/src/app/broadcast.rs,agent-M7-05,M7-05,locked,2026-10-09T06:53:20Z,,rustdoc -D warnings fix
crates/sverb-tui/src/app/broadcast.rs,agent-M7-05,M7-05,modified,2026-10-09T06:53:20Z,,rustdoc -D warnings fix
crates/sverb-tui/src/app/hosts.rs,agent-M7-05,M7-05,locked,2026-10-09T06:53:20Z,,rustdoc -D warnings fix
crates/sverb-tui/src/app/hosts.rs,agent-M7-05,M7-05,modified,2026-10-09T06:53:20Z,,rustdoc -D warnings fix
crates/sverb-tui/src/views/dialogs/agent_confirm.rs,agent-M7-05,M7-05,locked,2026-10-09T06:53:20Z,,rustdoc -D warnings fix
crates/sverb-tui/src/views/dialogs/agent_confirm.rs,agent-M7-05,M7-05,modified,2026-10-09T06:53:20Z,,rustdoc -D warnings fix
crates/sverb-tui/src/views/dialogs.rs,agent-M7-05,M7-05,locked,2026-10-09T06:53:20Z,,rustdoc -D warnings fix
crates/sverb-tui/src/views/dialogs.rs,agent-M7-05,M7-05,modified,2026-10-09T06:53:20Z,,rustdoc -D warnings fix
crates/sverb-tui/src/views/keychain/import_dialog.rs,agent-M7-05,M7-05,locked,2026-10-09T06:53:20Z,,rustdoc -D warnings fix
crates/sverb-tui/src/views/keychain/import_dialog.rs,agent-M7-05,M7-05,modified,2026-10-09T06:53:20Z,,rustdoc -D warnings fix
crates/sverb-tui/src/views/palette.rs,agent-M7-05,M7-05,locked,2026-10-09T06:53:20Z,,rustdoc -D warnings fix
crates/sverb-tui/src/views/palette.rs,agent-M7-05,M7-05,modified,2026-10-09T06:53:20Z,,rustdoc -D warnings fix
crates/sverb-tui/src/widgets/confirm.rs,agent-M7-05,M7-05,locked,2026-10-09T06:53:20Z,,rustdoc -D warnings fix
crates/sverb-tui/src/widgets/confirm.rs,agent-M7-05,M7-05,modified,2026-10-09T06:53:20Z,,rustdoc -D warnings fix
crates/sverb-tui/src/widgets/auth_prompt.rs,agent-M7-05,M7-05,locked,2026-10-09T06:53:21Z,,rustdoc -D warnings fix
crates/sverb-tui/src/widgets/auth_prompt.rs,agent-M7-05,M7-05,modified,2026-10-09T06:53:21Z,,rustdoc -D warnings fix
crates/sverb/src/cli/doctor.rs,agent-M7-05,M7-05,locked,2026-10-09T06:53:21Z,,rustdoc -D warnings fix
crates/sverb/src/cli/doctor.rs,agent-M7-05,M7-05,modified,2026-10-09T06:53:21Z,,rustdoc -D warnings fix
crates/sverb/src/cli/hosts.rs,agent-M7-05,M7-05,locked,2026-10-09T06:53:21Z,,rustdoc -D warnings fix
crates/sverb/src/cli/hosts.rs,agent-M7-05,M7-05,modified,2026-10-09T06:53:21Z,,rustdoc -D warnings fix
crates/sverb-conn/src/ssh/auth_testing.rs,agent-M7-05,M7-05,locked,2026-10-09T06:54:14Z,,rustdoc -D warnings fix
crates/sverb-conn/src/ssh/auth_testing.rs,agent-M7-05,M7-05,modified,2026-10-09T06:54:14Z,,rustdoc -D warnings fix
crates/sverb-conn/src/forward/remote.rs,agent-M7-05,M7-05,locked,2026-10-09T06:54:14Z,,rustdoc -D warnings fix
crates/sverb-conn/src/forward/remote.rs,agent-M7-05,M7-05,modified,2026-10-09T06:54:14Z,,rustdoc -D warnings fix
crates/sverb-conn/src/forward/socks_server.rs,agent-M7-05,M7-05,locked,2026-10-09T06:54:14Z,,rustdoc -D warnings fix
crates/sverb-conn/src/forward/socks_server.rs,agent-M7-05,M7-05,modified,2026-10-09T06:54:14Z,,rustdoc -D warnings fix
crates/sverb-tui/src/app/local.rs,agent-M7-05,M7-05,locked,2026-10-09T06:54:14Z,,rustdoc -D warnings fix
crates/sverb-tui/src/app/local.rs,agent-M7-05,M7-05,modified,2026-10-09T06:54:14Z,,rustdoc -D warnings fix
crates/sverb-tui/src/app/auth.rs,agent-M7-05,M7-05,locked,2026-10-09T06:54:14Z,,rustdoc -D warnings fix
crates/sverb-tui/src/app/auth.rs,agent-M7-05,M7-05,modified,2026-10-09T06:54:14Z,,rustdoc -D warnings fix
fuzz/README.md,agent-M7-05,M7-05,released,2026-10-09T06:57:04Z,,not created (docs in CONTRIBUTING.md)
crates/sverb-conn/src/agent/dacl_windows.rs,agent-M7-05,M7-05,modified,2026-10-09T07:04:36Z,,cargo fmt (workspace pass)
crates/sverb-conn/src/proxy/http_connect.rs,agent-M7-05,M7-05,modified,2026-10-09T07:04:36Z,,cargo fmt (workspace pass)
crates/sverb-conn/src/ssh/tests.rs,agent-M7-05,M7-05,locked,2026-10-09T07:04:36Z,,cargo fmt (workspace pass)
crates/sverb-conn/src/ssh/tests.rs,agent-M7-05,M7-05,modified,2026-10-09T07:04:36Z,,cargo fmt (workspace pass)
crates/sverb-core/src/hardening/unix.rs,agent-M7-05,M7-05,modified,2026-10-09T07:04:36Z,,cargo fmt (workspace pass)
crates/sverb-core/src/hardening/windows.rs,agent-M7-05,M7-05,modified,2026-10-09T07:04:36Z,,cargo fmt (workspace pass)
crates/sverb-core/src/model/host.rs,agent-M7-05,M7-05,locked,2026-10-09T07:04:36Z,,cargo fmt (workspace pass)
crates/sverb-core/src/model/host.rs,agent-M7-05,M7-05,modified,2026-10-09T07:04:36Z,,cargo fmt (workspace pass)
crates/sverb-crypto/tests/envelope.rs,agent-M7-05,M7-05,locked,2026-10-09T07:04:36Z,,cargo fmt (workspace pass)
crates/sverb-crypto/tests/envelope.rs,agent-M7-05,M7-05,modified,2026-10-09T07:04:36Z,,cargo fmt (workspace pass)
crates/sverb-crypto/tests/fixtures.rs,agent-M7-05,M7-05,locked,2026-10-09T07:04:36Z,,cargo fmt (workspace pass)
crates/sverb-crypto/tests/fixtures.rs,agent-M7-05,M7-05,modified,2026-10-09T07:04:36Z,,cargo fmt (workspace pass)
crates/sverb-crypto/tests/kat.rs,agent-M7-05,M7-05,locked,2026-10-09T07:04:36Z,,cargo fmt (workspace pass)
crates/sverb-crypto/tests/kat.rs,agent-M7-05,M7-05,modified,2026-10-09T07:04:36Z,,cargo fmt (workspace pass)
crates/sverb-crypto/tests/primitives.rs,agent-M7-05,M7-05,locked,2026-10-09T07:04:36Z,,cargo fmt (workspace pass)
crates/sverb-crypto/tests/primitives.rs,agent-M7-05,M7-05,modified,2026-10-09T07:04:36Z,,cargo fmt (workspace pass)
crates/sverb-e2e/tests/forbid_unsafe.rs,agent-M7-05,M7-05,modified,2026-10-09T07:04:36Z,,cargo fmt (workspace pass)
crates/sverb-proto/src/auth.rs,agent-M7-05,M7-05,modified,2026-10-09T07:04:36Z,,cargo fmt (workspace pass)
crates/sverb-server/src/routes/vaults.rs,agent-M7-05,M7-05,modified,2026-10-09T07:04:36Z,,cargo fmt (workspace pass)
crates/sverb-server/tests/sync.rs,agent-M7-05,M7-05,locked,2026-10-09T07:04:36Z,,cargo fmt (workspace pass)
crates/sverb-server/tests/sync.rs,agent-M7-05,M7-05,modified,2026-10-09T07:04:36Z,,cargo fmt (workspace pass)
crates/sverb-sync/tests/common/mod.rs,agent-M7-05,M7-05,locked,2026-10-09T07:04:36Z,,cargo fmt (workspace pass)
crates/sverb-sync/tests/common/mod.rs,agent-M7-05,M7-05,modified,2026-10-09T07:04:36Z,,cargo fmt (workspace pass)
crates/sverb-term/tests/security.rs,agent-M7-05,M7-05,modified,2026-10-09T07:04:36Z,,cargo fmt (workspace pass)
crates/sverb/tests/canary.rs,agent-M7-05,M7-05,modified,2026-10-09T07:04:36Z,,cargo fmt (workspace pass)
crates/sverb/tests/hardening.rs,agent-M7-05,M7-05,modified,2026-10-09T07:04:36Z,,cargo fmt (workspace pass)
crates/sverb/tests/vault.rs,agent-M7-05,M7-05,locked,2026-10-09T07:04:36Z,,cargo fmt (workspace pass)
crates/sverb/tests/vault.rs,agent-M7-05,M7-05,modified,2026-10-09T07:04:36Z,,cargo fmt (workspace pass)
crates/sverb-tui/src/app/mod.rs,agent-M7-05,M7-05,locked,2026-10-09T07:04:36Z,,cargo fmt (workspace pass)
crates/sverb-tui/src/app/mod.rs,agent-M7-05,M7-05,modified,2026-10-09T07:04:36Z,,cargo fmt (workspace pass)
crates/sverb-tui/src/services/import.rs,agent-M7-05,M7-05,locked,2026-10-09T07:04:36Z,,cargo fmt (workspace pass)
crates/sverb-tui/src/services/import.rs,agent-M7-05,M7-05,modified,2026-10-09T07:04:36Z,,cargo fmt (workspace pass)
crates/sverb-tui/src/services/known_hosts.rs,agent-M7-05,M7-05,locked,2026-10-09T07:04:36Z,,cargo fmt (workspace pass)
crates/sverb-tui/src/services/known_hosts.rs,agent-M7-05,M7-05,modified,2026-10-09T07:04:36Z,,cargo fmt (workspace pass)
crates/sverb-tui/src/services/mod.rs,agent-M7-05,M7-05,locked,2026-10-09T07:04:36Z,,cargo fmt (workspace pass)
crates/sverb-tui/src/services/mod.rs,agent-M7-05,M7-05,modified,2026-10-09T07:04:37Z,,cargo fmt (workspace pass)
crates/sverb-tui/src/services/vault/engine.rs,agent-M7-05,M7-05,modified,2026-10-09T07:04:37Z,,cargo fmt (workspace pass)
crates/sverb-tui/src/testing.rs,agent-M7-05,M7-05,locked,2026-10-09T07:04:37Z,,cargo fmt (workspace pass)
crates/sverb-tui/src/testing.rs,agent-M7-05,M7-05,modified,2026-10-09T07:04:37Z,,cargo fmt (workspace pass)
crates/sverb-tui/src/views/first_run.rs,agent-M7-05,M7-05,locked,2026-10-09T07:04:37Z,,cargo fmt (workspace pass)
crates/sverb-tui/src/views/first_run.rs,agent-M7-05,M7-05,modified,2026-10-09T07:04:37Z,,cargo fmt (workspace pass)
crates/sverb-tui/src/views/hosts/mod.rs,agent-M7-05,M7-05,locked,2026-10-09T07:04:37Z,,cargo fmt (workspace pass)
crates/sverb-tui/src/views/hosts/mod.rs,agent-M7-05,M7-05,modified,2026-10-09T07:04:37Z,,cargo fmt (workspace pass)
crates/sverb-tui/src/views/hosts/tests.rs,agent-M7-05,M7-05,locked,2026-10-09T07:04:37Z,,cargo fmt (workspace pass)
crates/sverb-tui/src/views/hosts/tests.rs,agent-M7-05,M7-05,modified,2026-10-09T07:04:37Z,,cargo fmt (workspace pass)
crates/sverb-tui/src/views/lock_overlay.rs,agent-M7-05,M7-05,locked,2026-10-09T07:04:37Z,,cargo fmt (workspace pass)
crates/sverb-tui/src/views/lock_overlay.rs,agent-M7-05,M7-05,modified,2026-10-09T07:04:37Z,,cargo fmt (workspace pass)
crates/sverb-tui/src/views/unlock.rs,agent-M7-05,M7-05,locked,2026-10-09T07:04:37Z,,cargo fmt (workspace pass)
crates/sverb-tui/src/views/unlock.rs,agent-M7-05,M7-05,modified,2026-10-09T07:04:37Z,,cargo fmt (workspace pass)
crates/sverb-tui/tests/groups.rs,agent-M7-05,M7-05,locked,2026-10-09T07:04:37Z,,cargo fmt (workspace pass)
crates/sverb-tui/tests/groups.rs,agent-M7-05,M7-05,modified,2026-10-09T07:04:37Z,,cargo fmt (workspace pass)
crates/sverb-tui/tests/identities.rs,agent-M7-05,M7-05,locked,2026-10-09T07:04:37Z,,cargo fmt (workspace pass)
crates/sverb-tui/tests/identities.rs,agent-M7-05,M7-05,modified,2026-10-09T07:04:37Z,,cargo fmt (workspace pass)
crates/sverb-tui/tests/vault.rs,agent-M7-05,M7-05,locked,2026-10-09T07:04:37Z,,cargo fmt (workspace pass)
crates/sverb-tui/tests/vault.rs,agent-M7-05,M7-05,modified,2026-10-09T07:04:37Z,,cargo fmt (workspace pass)
Cargo.toml,agent-M7-05,M7-05,released,2026-10-09T07:21:45Z,,orchestrator: complete
CONTRIBUTING.md,agent-M7-05,M7-05,released,2026-10-09T07:21:45Z,,orchestrator: complete
crates/sverb-conn/Cargo.toml,agent-M7-05,M7-05,released,2026-10-09T07:21:45Z,,orchestrator: complete
crates/sverb-conn/src/agent/confirm.rs,agent-M7-05,M7-05,released,2026-10-09T07:21:45Z,,orchestrator: complete
crates/sverb-conn/src/agent/dacl_windows.rs,agent-M7-05,M7-05,released,2026-10-09T07:21:45Z,,orchestrator: complete
crates/sverb-conn/src/agent/mod.rs,agent-M7-05,M7-05,released,2026-10-09T07:21:45Z,,orchestrator: complete
crates/sverb-conn/src/agent/pipe_windows.rs,agent-M7-05,M7-05,released,2026-10-09T07:21:45Z,,orchestrator: complete
crates/sverb-conn/src/forward/approval.rs,agent-M7-05,M7-05,released,2026-10-09T07:21:45Z,,orchestrator: complete
crates/sverb-conn/src/forward/remote.rs,agent-M7-05,M7-05,released,2026-10-09T07:21:45Z,,orchestrator: complete
crates/sverb-conn/src/forward/socks_server.rs,agent-M7-05,M7-05,released,2026-10-09T07:21:45Z,,orchestrator: complete
crates/sverb-conn/src/proxy/http_connect.rs,agent-M7-05,M7-05,released,2026-10-09T07:21:45Z,,orchestrator: complete
crates/sverb-conn/src/ssh/auth_testing.rs,agent-M7-05,M7-05,released,2026-10-09T07:21:45Z,,orchestrator: complete
crates/sverb-conn/src/ssh/tests.rs,agent-M7-05,M7-05,released,2026-10-09T07:21:45Z,,orchestrator: complete
crates/sverb-core/Cargo.toml,agent-M7-05,M7-05,released,2026-10-09T07:21:45Z,,orchestrator: complete
crates/sverb-core/src/hardening/mod.rs,agent-M7-05,M7-05,released,2026-10-09T07:21:45Z,,orchestrator: complete
crates/sverb-core/src/hardening/unix.rs,agent-M7-05,M7-05,released,2026-10-09T07:21:45Z,,orchestrator: complete
crates/sverb-core/src/hardening/windows.rs,agent-M7-05,M7-05,released,2026-10-09T07:21:45Z,,orchestrator: complete
crates/sverb-core/src/history/mod.rs,agent-M7-05,M7-05,released,2026-10-09T07:21:45Z,,orchestrator: complete
crates/sverb-core/src/importers/backup.rs,agent-M7-05,M7-05,released,2026-10-09T07:21:45Z,,orchestrator: complete
crates/sverb-core/src/importers/ssh_config/mod.rs,agent-M7-05,M7-05,released,2026-10-09T07:21:45Z,,orchestrator: complete
crates/sverb-core/src/importers/tests.rs,agent-M7-05,M7-05,released,2026-10-09T07:21:45Z,,orchestrator: complete
crates/sverb-core/src/lib.rs,agent-M7-05,M7-05,released,2026-10-09T07:21:45Z,,orchestrator: complete
crates/sverb-core/src/model/host.rs,agent-M7-05,M7-05,released,2026-10-09T07:21:45Z,,orchestrator: complete
crates/sverb-core/src/quick_connect.rs,agent-M7-05,M7-05,released,2026-10-09T07:21:45Z,,orchestrator: complete
crates/sverb-core/tests/compile_fail/unsafe_block.rs,agent-M7-05,M7-05,released,2026-10-09T07:21:45Z,,orchestrator: complete
crates/sverb-core/tests/hardening.rs,agent-M7-05,M7-05,released,2026-10-09T07:21:45Z,,orchestrator: complete
crates/sverb-crypto/tests/envelope.rs,agent-M7-05,M7-05,released,2026-10-09T07:21:45Z,,orchestrator: complete
crates/sverb-crypto/tests/fixtures.rs,agent-M7-05,M7-05,released,2026-10-09T07:21:45Z,,orchestrator: complete
crates/sverb-crypto/tests/kat.rs,agent-M7-05,M7-05,released,2026-10-09T07:21:45Z,,orchestrator: complete
crates/sverb-crypto/tests/primitives.rs,agent-M7-05,M7-05,released,2026-10-09T07:21:45Z,,orchestrator: complete
crates/sverb-e2e/tests/forbid_unsafe.rs,agent-M7-05,M7-05,released,2026-10-09T07:21:45Z,,orchestrator: complete
crates/sverb-proto/src/auth.rs,agent-M7-05,M7-05,released,2026-10-09T07:21:45Z,,orchestrator: complete
crates/sverb-server/src/admin/invite.rs,agent-M7-05,M7-05,released,2026-10-09T07:21:45Z,,orchestrator: complete
crates/sverb-server/src/routes/vaults.rs,agent-M7-05,M7-05,released,2026-10-09T07:21:45Z,,orchestrator: complete
crates/sverb-server/tests/sync.rs,agent-M7-05,M7-05,released,2026-10-09T07:21:45Z,,orchestrator: complete
crates/sverb/src/cli/agent.rs,agent-M7-05,M7-05,released,2026-10-09T07:21:45Z,,orchestrator: complete
crates/sverb/src/cli/doctor.rs,agent-M7-05,M7-05,released,2026-10-09T07:21:46Z,,orchestrator: complete
crates/sverb/src/cli/hosts.rs,agent-M7-05,M7-05,released,2026-10-09T07:21:46Z,,orchestrator: complete
crates/sverb/src/main.rs,agent-M7-05,M7-05,released,2026-10-09T07:21:46Z,,orchestrator: complete
crates/sverb-sync/src/account/mod.rs,agent-M7-05,M7-05,released,2026-10-09T07:21:46Z,,orchestrator: complete
crates/sverb-sync/src/trust.rs,agent-M7-05,M7-05,released,2026-10-09T07:21:46Z,,orchestrator: complete
crates/sverb-sync/tests/common/mod.rs,agent-M7-05,M7-05,released,2026-10-09T07:21:46Z,,orchestrator: complete
crates/sverb-term/src/fuzz.rs,agent-M7-05,M7-05,released,2026-10-09T07:21:46Z,,orchestrator: complete
crates/sverb-term/src/lib.rs,agent-M7-05,M7-05,released,2026-10-09T07:21:46Z,,orchestrator: complete
crates/sverb-term/src/render.rs,agent-M7-05,M7-05,released,2026-10-09T07:21:46Z,,orchestrator: complete
crates/sverb-term/src/scheme/mod.rs,agent-M7-05,M7-05,released,2026-10-09T07:21:46Z,,orchestrator: complete
crates/sverb-term/tests/security.rs,agent-M7-05,M7-05,released,2026-10-09T07:21:46Z,,orchestrator: complete
crates/sverb/tests/canary.rs,agent-M7-05,M7-05,released,2026-10-09T07:21:46Z,,orchestrator: complete
crates/sverb/tests/hardening.rs,agent-M7-05,M7-05,released,2026-10-09T07:21:46Z,,orchestrator: complete
crates/sverb/tests/vault.rs,agent-M7-05,M7-05,released,2026-10-09T07:21:46Z,,orchestrator: complete
crates/sverb-tui/src/app/auth.rs,agent-M7-05,M7-05,released,2026-10-09T07:21:46Z,,orchestrator: complete
crates/sverb-tui/src/app/broadcast.rs,agent-M7-05,M7-05,released,2026-10-09T07:21:46Z,,orchestrator: complete
crates/sverb-tui/src/app/copy.rs,agent-M7-05,M7-05,released,2026-10-09T07:21:46Z,,orchestrator: complete
crates/sverb-tui/src/app/hosts.rs,agent-M7-05,M7-05,released,2026-10-09T07:21:46Z,,orchestrator: complete
crates/sverb-tui/src/app/input/remote_io.rs,agent-M7-05,M7-05,released,2026-10-09T07:21:46Z,,orchestrator: complete
crates/sverb-tui/src/app/keychain/install.rs,agent-M7-05,M7-05,released,2026-10-09T07:21:46Z,,orchestrator: complete
crates/sverb-tui/src/app/local.rs,agent-M7-05,M7-05,released,2026-10-09T07:21:46Z,,orchestrator: complete
crates/sverb-tui/src/app/mod.rs,agent-M7-05,M7-05,released,2026-10-09T07:21:46Z,,orchestrator: complete
crates/sverb-tui/src/app/palette.rs,agent-M7-05,M7-05,released,2026-10-09T07:21:46Z,,orchestrator: complete
crates/sverb-tui/src/app/snippets.rs,agent-M7-05,M7-05,released,2026-10-09T07:21:46Z,,orchestrator: complete
crates/sverb-tui/src/app/workspaces.rs,agent-M7-05,M7-05,released,2026-10-09T07:21:46Z,,orchestrator: complete
crates/sverb-tui/src/services/import.rs,agent-M7-05,M7-05,released,2026-10-09T07:21:46Z,,orchestrator: complete
crates/sverb-tui/src/services/known_hosts.rs,agent-M7-05,M7-05,released,2026-10-09T07:21:46Z,,orchestrator: complete
crates/sverb-tui/src/services/mod.rs,agent-M7-05,M7-05,released,2026-10-09T07:21:46Z,,orchestrator: complete
crates/sverb-tui/src/services/share.rs,agent-M7-05,M7-05,released,2026-10-09T07:21:46Z,,orchestrator: complete
crates/sverb-tui/src/services/vault/engine.rs,agent-M7-05,M7-05,released,2026-10-09T07:21:46Z,,orchestrator: complete
crates/sverb-tui/src/testing.rs,agent-M7-05,M7-05,released,2026-10-09T07:21:46Z,,orchestrator: complete
crates/sverb-tui/src/views/dialogs/agent_confirm.rs,agent-M7-05,M7-05,released,2026-10-09T07:21:46Z,,orchestrator: complete
crates/sverb-tui/src/views/dialogs.rs,agent-M7-05,M7-05,released,2026-10-09T07:21:46Z,,orchestrator: complete
crates/sverb-tui/src/views/first_run.rs,agent-M7-05,M7-05,released,2026-10-09T07:21:46Z,,orchestrator: complete
crates/sverb-tui/src/views/hosts/mod.rs,agent-M7-05,M7-05,released,2026-10-09T07:21:46Z,,orchestrator: complete
crates/sverb-tui/src/views/hosts/tests.rs,agent-M7-05,M7-05,released,2026-10-09T07:21:46Z,,orchestrator: complete
crates/sverb-tui/src/views/keychain/import_dialog.rs,agent-M7-05,M7-05,released,2026-10-09T07:21:46Z,,orchestrator: complete
crates/sverb-tui/src/views/lock_overlay.rs,agent-M7-05,M7-05,released,2026-10-09T07:21:46Z,,orchestrator: complete
crates/sverb-tui/src/views/palette.rs,agent-M7-05,M7-05,released,2026-10-09T07:21:46Z,,orchestrator: complete
crates/sverb-tui/src/views/unlock.rs,agent-M7-05,M7-05,released,2026-10-09T07:21:46Z,,orchestrator: complete
crates/sverb-tui/src/widgets/auth_prompt.rs,agent-M7-05,M7-05,released,2026-10-09T07:21:46Z,,orchestrator: complete
crates/sverb-tui/src/widgets/confirm.rs,agent-M7-05,M7-05,released,2026-10-09T07:21:46Z,,orchestrator: complete
crates/sverb-tui/tests/groups.rs,agent-M7-05,M7-05,released,2026-10-09T07:21:46Z,,orchestrator: complete
crates/sverb-tui/tests/identities.rs,agent-M7-05,M7-05,released,2026-10-09T07:21:46Z,,orchestrator: complete
crates/sverb-tui/tests/vault.rs,agent-M7-05,M7-05,released,2026-10-09T07:21:46Z,,orchestrator: complete
docs/threat-model.md,agent-M7-05,M7-05,released,2026-10-09T07:21:46Z,,orchestrator: complete
fuzz/Cargo.toml,agent-M7-05,M7-05,released,2026-10-09T07:21:46Z,,orchestrator: complete
fuzz/fuzz_targets/backup_decrypt.rs,agent-M7-05,M7-05,released,2026-10-09T07:21:46Z,,orchestrator: complete
fuzz/fuzz_targets/emulator_feed.rs,agent-M7-05,M7-05,released,2026-10-09T07:21:46Z,,orchestrator: complete
fuzz/fuzz_targets/http_connect_response.rs,agent-M7-05,M7-05,released,2026-10-09T07:21:46Z,,orchestrator: complete
fuzz/fuzz_targets/key_event_encode.rs,agent-M7-05,M7-05,released,2026-10-09T07:21:46Z,,orchestrator: complete
fuzz/fuzz_targets/osc133_scan.rs,agent-M7-05,M7-05,released,2026-10-09T07:21:46Z,,orchestrator: complete
fuzz/.gitignore,agent-M7-05,M7-05,released,2026-10-09T07:21:46Z,,orchestrator: complete
fuzz/seed-corpus.sh,agent-M7-05,M7-05,released,2026-10-09T07:21:46Z,,orchestrator: complete
.github/workflows/ci.yml,agent-M7-05,M7-05,released,2026-10-09T07:21:46Z,,orchestrator: complete
.github/workflows/fuzz.yml,agent-M7-05,M7-05,released,2026-10-09T07:21:46Z,,orchestrator: complete
README.md,agent-M7-05,M7-05,released,2026-10-09T07:21:46Z,,orchestrator: complete
scripts/canary-scan.sh,agent-M7-05,M7-05,released,2026-10-09T07:21:46Z,,orchestrator: complete
scripts/check-unsafe.py,agent-M7-05,M7-05,released,2026-10-09T07:21:46Z,,orchestrator: complete
Cargo.toml,agent-M7-07,M7-07,locked,2026-10-09T07:27:15Z,,workspace dependency pins
crates/sverb-conn/Cargo.toml,agent-M7-07,M7-07,locked,2026-10-09T07:27:15Z,,workspace dependency pins
crates/sverb-core/Cargo.toml,agent-M7-07,M7-07,locked,2026-10-09T07:27:15Z,,workspace dependency pins
crates/sverb-sync/Cargo.toml,agent-M7-07,M7-07,locked,2026-10-09T07:27:15Z,,workspace dependency pins
crates/sverb-tui/Cargo.toml,agent-M7-07,M7-07,locked,2026-10-09T07:27:15Z,,workspace dependency pins
crates/sverb-store/Cargo.toml,agent-M7-07,M7-07,locked,2026-10-09T07:27:15Z,,workspace dependency pins
crates/sverb-server/Cargo.toml,agent-M7-07,M7-07,locked,2026-10-09T07:27:15Z,,workspace dependency pins
Cargo.toml,agent-M7-07,M7-07,modified,2026-10-09T07:28:23Z,,crate-local pins moved to workspace.dependencies (versions unchanged)
crates/sverb-conn/Cargo.toml,agent-M7-07,M7-07,modified,2026-10-09T07:28:23Z,,crate-local pins moved to workspace.dependencies (versions unchanged)
crates/sverb-core/Cargo.toml,agent-M7-07,M7-07,modified,2026-10-09T07:28:23Z,,crate-local pins moved to workspace.dependencies (versions unchanged)
crates/sverb-sync/Cargo.toml,agent-M7-07,M7-07,modified,2026-10-09T07:28:23Z,,crate-local pins moved to workspace.dependencies (versions unchanged)
crates/sverb-tui/Cargo.toml,agent-M7-07,M7-07,modified,2026-10-09T07:28:23Z,,crate-local pins moved to workspace.dependencies (versions unchanged)
crates/sverb-store/Cargo.toml,agent-M7-07,M7-07,modified,2026-10-09T07:28:23Z,,crate-local pins moved to workspace.dependencies (versions unchanged)
crates/sverb-server/Cargo.toml,agent-M7-07,M7-07,modified,2026-10-09T07:28:23Z,,crate-local pins moved to workspace.dependencies (versions unchanged)
fuzz/fuzz_targets/bundle_open.rs,agent-M7-07,M7-07,locked,2026-10-09T07:28:35Z,,stale fuzz comments
fuzz/fuzz_targets/envelope_open.rs,agent-M7-07,M7-07,locked,2026-10-09T07:28:35Z,,stale fuzz comments
fuzz/fuzz_targets/grant_open.rs,agent-M7-07,M7-07,locked,2026-10-09T07:28:35Z,,stale fuzz comments
fuzz/fuzz_targets/known_hosts_parse.rs,agent-M7-07,M7-07,locked,2026-10-09T07:28:35Z,,stale fuzz comments
fuzz/fuzz_targets/ppk_parse.rs,agent-M7-07,M7-07,locked,2026-10-09T07:28:35Z,,stale fuzz comments
fuzz/fuzz_targets/share_frame_decode.rs,agent-M7-07,M7-07,locked,2026-10-09T07:28:35Z,,stale fuzz comments
fuzz/fuzz_targets/socks5_request.rs,agent-M7-07,M7-07,locked,2026-10-09T07:28:35Z,,stale fuzz comments
fuzz/fuzz_targets/ssh_config_parse.rs,agent-M7-07,M7-07,locked,2026-10-09T07:28:35Z,,stale fuzz comments
fuzz/fuzz_targets/bundle_open.rs,agent-M7-07,M7-07,modified,2026-10-09T07:28:35Z,,stale 'fuzz/Cargo.toml is created in M7-05' comments fixed
fuzz/fuzz_targets/envelope_open.rs,agent-M7-07,M7-07,modified,2026-10-09T07:28:35Z,,stale 'fuzz/Cargo.toml is created in M7-05' comments fixed
fuzz/fuzz_targets/grant_open.rs,agent-M7-07,M7-07,modified,2026-10-09T07:28:35Z,,stale 'fuzz/Cargo.toml is created in M7-05' comments fixed
fuzz/fuzz_targets/known_hosts_parse.rs,agent-M7-07,M7-07,modified,2026-10-09T07:28:35Z,,stale 'fuzz/Cargo.toml is created in M7-05' comments fixed
fuzz/fuzz_targets/ppk_parse.rs,agent-M7-07,M7-07,modified,2026-10-09T07:28:35Z,,stale 'fuzz/Cargo.toml is created in M7-05' comments fixed
fuzz/fuzz_targets/share_frame_decode.rs,agent-M7-07,M7-07,modified,2026-10-09T07:28:35Z,,stale 'fuzz/Cargo.toml is created in M7-05' comments fixed
fuzz/fuzz_targets/socks5_request.rs,agent-M7-07,M7-07,modified,2026-10-09T07:28:35Z,,stale 'fuzz/Cargo.toml is created in M7-05' comments fixed
fuzz/fuzz_targets/ssh_config_parse.rs,agent-M7-07,M7-07,modified,2026-10-09T07:28:35Z,,stale 'fuzz/Cargo.toml is created in M7-05' comments fixed
crates/sverb-core/src/config/model.rs,agent-M7-07,M7-07,locked,2026-10-09T07:28:51Z,,ui.ascii and ui.reduce_motion (spec additions)
crates/sverb-core/src/config/default_config.toml,agent-M7-07,M7-07,locked,2026-10-09T07:28:51Z,,ui.ascii and ui.reduce_motion (spec additions)
crates/sverb-core/src/config/tests.rs,agent-M7-07,M7-07,locked,2026-10-09T07:28:51Z,,ui.ascii and ui.reduce_motion (spec additions)
docs/config.schema.json,agent-M7-07,M7-07,locked,2026-10-09T07:28:51Z,,ui.ascii and ui.reduce_motion (spec additions)
crates/sverb-core/src/config/model.rs,agent-M7-07,M7-07,modified,2026-10-09T07:29:26Z,,ui.ascii + ui.reduce_motion (spec additions)
crates/sverb-core/src/config/default_config.toml,agent-M7-07,M7-07,modified,2026-10-09T07:29:26Z,,ui.ascii + ui.reduce_motion (spec additions)
crates/sverb-core/src/config/tests.rs,agent-M7-07,M7-07,modified,2026-10-09T07:29:26Z,,ui.ascii + ui.reduce_motion (spec additions)
docs/config.schema.json,agent-M7-07,M7-07,modified,2026-10-09T07:29:26Z,,ui.ascii + ui.reduce_motion (spec additions)
crates/sverb-core/src/config/schema.rs,agent-M7-07,M7-07,locked,2026-10-09T07:29:38Z,,docs/config.md generated from the schema
docs/config.md,agent-M7-07,M7-07,locked,2026-10-09T07:29:38Z,,docs/config.md generated from the schema
crates/sverb-core/src/config/schema.rs,agent-M7-07,M7-07,modified,2026-10-09T07:30:40Z,,docs/config.md generator + freshness test
docs/config.md,agent-M7-07,M7-07,modified,2026-10-09T07:30:40Z,,docs/config.md generator + freshness test
crates/sverb-tui/src/theme/mod.rs,agent-M7-07,M7-07,locked,2026-10-09T07:31:55Z,,accessibility: ascii glyphs + reduce_motion
crates/sverb-tui/src/theme/glyphs.rs,agent-M7-07,M7-07,locked,2026-10-09T07:31:55Z,,accessibility: ascii glyphs + reduce_motion
crates/sverb-tui/src/runtime/capabilities.rs,agent-M7-07,M7-07,locked,2026-10-09T07:31:55Z,,accessibility: ascii glyphs + reduce_motion
crates/sverb-tui/src/runtime/mod.rs,agent-M7-07,M7-07,locked,2026-10-09T07:31:55Z,,accessibility: ascii glyphs + reduce_motion
crates/sverb-tui/src/app/mod.rs,agent-M7-07,M7-07,locked,2026-10-09T07:31:55Z,,accessibility: ascii glyphs + reduce_motion
crates/sverb-tui/src/app/shell.rs,agent-M7-07,M7-07,locked,2026-10-09T07:31:55Z,,accessibility: ascii glyphs + reduce_motion
crates/sverb-tui/src/widgets/terminal_pane.rs,agent-M7-07,M7-07,locked,2026-10-09T07:31:55Z,,accessibility: ascii glyphs + reduce_motion
crates/sverb-tui/src/app/a11y_tests.rs,agent-M7-07,M7-07,locked,2026-10-09T07:31:55Z,,accessibility: ascii glyphs + reduce_motion
crates/sverb-tui/src/app/snapshots/sverb_tui__app__a11y_tests__t06_broadcast_no_color_ascii.snap,agent-M7-07,M7-07,locked,2026-10-09T07:35:44Z,,T-06 snapshots
crates/sverb-tui/src/app/snapshots/sverb_tui__app__a11y_tests__t06_hosts_toasts_no_color_ascii.snap,agent-M7-07,M7-07,locked,2026-10-09T07:35:44Z,,T-06 snapshots
crates/sverb-tui/src/theme/mod.rs,agent-M7-07,M7-07,modified,2026-10-09T07:35:44Z,,M7-07 accessibility: ui.ascii fallback; reduce_motion; T-06 tests
crates/sverb-tui/src/theme/glyphs.rs,agent-M7-07,M7-07,modified,2026-10-09T07:35:44Z,,M7-07 accessibility: ui.ascii fallback; reduce_motion; T-06 tests
crates/sverb-tui/src/runtime/capabilities.rs,agent-M7-07,M7-07,modified,2026-10-09T07:35:44Z,,M7-07 accessibility: ui.ascii fallback; reduce_motion; T-06 tests
crates/sverb-tui/src/runtime/mod.rs,agent-M7-07,M7-07,modified,2026-10-09T07:35:44Z,,M7-07 accessibility: ui.ascii fallback; reduce_motion; T-06 tests
crates/sverb-tui/src/app/mod.rs,agent-M7-07,M7-07,modified,2026-10-09T07:35:44Z,,M7-07 accessibility: ui.ascii fallback; reduce_motion; T-06 tests
crates/sverb-tui/src/app/shell.rs,agent-M7-07,M7-07,modified,2026-10-09T07:35:44Z,,M7-07 accessibility: ui.ascii fallback; reduce_motion; T-06 tests
crates/sverb-tui/src/widgets/terminal_pane.rs,agent-M7-07,M7-07,modified,2026-10-09T07:35:44Z,,M7-07 accessibility: ui.ascii fallback; reduce_motion; T-06 tests
crates/sverb-tui/src/app/a11y_tests.rs,agent-M7-07,M7-07,modified,2026-10-09T07:35:44Z,,M7-07 accessibility: ui.ascii fallback; reduce_motion; T-06 tests
crates/sverb-tui/src/app/snapshots/sverb_tui__app__a11y_tests__t06_broadcast_no_color_ascii.snap,agent-M7-07,M7-07,modified,2026-10-09T07:35:44Z,,M7-07 accessibility: ui.ascii fallback; reduce_motion; T-06 tests
crates/sverb-tui/src/app/snapshots/sverb_tui__app__a11y_tests__t06_hosts_toasts_no_color_ascii.snap,agent-M7-07,M7-07,modified,2026-10-09T07:35:44Z,,M7-07 accessibility: ui.ascii fallback; reduce_motion; T-06 tests
crates/sverb-tui/src/keymap/dump.rs,agent-M7-07,M7-07,locked,2026-10-09T07:36:13Z,,view keys (Hosts V/M/C/O; Settings Vaults) in keybindings docs
docs/keybindings.md,agent-M7-07,M7-07,locked,2026-10-09T07:36:13Z,,view keys (Hosts V/M/C/O; Settings Vaults) in keybindings docs
tasks/03-KEYBINDINGS.md,agent-M7-07,M7-07,locked,2026-10-09T07:36:13Z,,view keys (Hosts V/M/C/O; Settings Vaults) in keybindings docs
crates/sverb-tui/src/keymap/dump.rs,agent-M7-07,M7-07,modified,2026-10-09T07:36:43Z,,view keys sections (Hosts V/M/C/O etc; Settings Vaults)
docs/keybindings.md,agent-M7-07,M7-07,modified,2026-10-09T07:36:43Z,,view keys sections (Hosts V/M/C/O etc; Settings Vaults)
tasks/03-KEYBINDINGS.md,agent-M7-07,M7-07,modified,2026-10-09T07:36:43Z,,view keys sections (Hosts V/M/C/O etc; Settings Vaults)
crates/sverb/src/cli/generate.rs,agent-M7-07,M7-07,locked,2026-10-09T07:38:48Z,,man page + completions (hidden generate command)
crates/sverb/src/cli/mod.rs,agent-M7-07,M7-07,locked,2026-10-09T07:38:48Z,,man page + completions (hidden generate command)
crates/sverb/src/cli/snapshots/sverb__cli__generate__tests__man_local.snap,agent-M7-07,M7-07,locked,2026-10-09T07:41:37Z,,man snapshots
crates/sverb/src/cli/snapshots/sverb__cli__generate__tests__man_sync.snap,agent-M7-07,M7-07,locked,2026-10-09T07:41:37Z,,man snapshots
crates/sverb/src/cli/generate.rs,agent-M7-07,M7-07,modified,2026-10-09T07:41:37Z,,M7-07 hidden generate command (man page + completions) and T-05 snapshots
crates/sverb/src/cli/mod.rs,agent-M7-07,M7-07,modified,2026-10-09T07:41:37Z,,M7-07 hidden generate command (man page + completions) and T-05 snapshots
crates/sverb/src/cli/snapshots/sverb__cli__generate__tests__man_local.snap,agent-M7-07,M7-07,modified,2026-10-09T07:41:37Z,,M7-07 hidden generate command (man page + completions) and T-05 snapshots
crates/sverb/src/cli/snapshots/sverb__cli__generate__tests__man_sync.snap,agent-M7-07,M7-07,modified,2026-10-09T07:41:37Z,,M7-07 hidden generate command (man page + completions) and T-05 snapshots
crates/sverb-server/src/db.rs,agent-M7-07,M7-07,locked,2026-10-09T07:42:31Z,,move include_str sources into the crates (cargo package)
crates/sverb-core/src/snippet/builtin/shell_integration.rs,agent-M7-07,M7-07,locked,2026-10-09T07:42:32Z,,move include_str sources into the crates (cargo package)
migrations/server/0001_init.sql,agent-M7-07,M7-07,locked,2026-10-09T07:42:32Z,,move include_str sources into the crates (cargo package)
crates/sverb-server/migrations/0001_init.sql,agent-M7-07,M7-07,locked,2026-10-09T07:42:32Z,,move include_str sources into the crates (cargo package)
migrations/server/0002_login_states.sql,agent-M7-07,M7-07,locked,2026-10-09T07:42:32Z,,move include_str sources into the crates (cargo package)
crates/sverb-server/migrations/0002_login_states.sql,agent-M7-07,M7-07,locked,2026-10-09T07:42:32Z,,move include_str sources into the crates (cargo package)
migrations/server/0003_sync.sql,agent-M7-07,M7-07,locked,2026-10-09T07:42:32Z,,move include_str sources into the crates (cargo package)
crates/sverb-server/migrations/0003_sync.sql,agent-M7-07,M7-07,locked,2026-10-09T07:42:32Z,,move include_str sources into the crates (cargo package)
migrations/server/0004_share.sql,agent-M7-07,M7-07,locked,2026-10-09T07:42:32Z,,move include_str sources into the crates (cargo package)
crates/sverb-server/migrations/0004_share.sql,agent-M7-07,M7-07,locked,2026-10-09T07:42:32Z,,move include_str sources into the crates (cargo package)
assets/shell-integration/bash,agent-M7-07,M7-07,locked,2026-10-09T07:42:32Z,,move include_str sources into the crates (cargo package)
crates/sverb-core/assets/shell-integration/bash,agent-M7-07,M7-07,locked,2026-10-09T07:42:32Z,,move include_str sources into the crates (cargo package)
assets/shell-integration/zsh,agent-M7-07,M7-07,locked,2026-10-09T07:42:32Z,,move include_str sources into the crates (cargo package)
crates/sverb-core/assets/shell-integration/zsh,agent-M7-07,M7-07,locked,2026-10-09T07:42:32Z,,move include_str sources into the crates (cargo package)
assets/shell-integration/fish,agent-M7-07,M7-07,locked,2026-10-09T07:42:32Z,,move include_str sources into the crates (cargo package)
crates/sverb-core/assets/shell-integration/fish,agent-M7-07,M7-07,locked,2026-10-09T07:42:32Z,,move include_str sources into the crates (cargo package)
crates/sverb-server/src/db.rs,agent-M7-07,M7-07,modified,2026-10-09T07:42:32Z,,moved into the crate (root path is now a symlink) so cargo package works
crates/sverb-core/src/snippet/builtin/shell_integration.rs,agent-M7-07,M7-07,modified,2026-10-09T07:42:32Z,,moved into the crate (root path is now a symlink) so cargo package works
migrations/server/0001_init.sql,agent-M7-07,M7-07,modified,2026-10-09T07:42:32Z,,moved into the crate (root path is now a symlink) so cargo package works
crates/sverb-server/migrations/0001_init.sql,agent-M7-07,M7-07,modified,2026-10-09T07:42:32Z,,moved into the crate (root path is now a symlink) so cargo package works
migrations/server/0002_login_states.sql,agent-M7-07,M7-07,modified,2026-10-09T07:42:32Z,,moved into the crate (root path is now a symlink) so cargo package works
crates/sverb-server/migrations/0002_login_states.sql,agent-M7-07,M7-07,modified,2026-10-09T07:42:32Z,,moved into the crate (root path is now a symlink) so cargo package works
migrations/server/0003_sync.sql,agent-M7-07,M7-07,modified,2026-10-09T07:42:32Z,,moved into the crate (root path is now a symlink) so cargo package works
crates/sverb-server/migrations/0003_sync.sql,agent-M7-07,M7-07,modified,2026-10-09T07:42:32Z,,moved into the crate (root path is now a symlink) so cargo package works
migrations/server/0004_share.sql,agent-M7-07,M7-07,modified,2026-10-09T07:42:32Z,,moved into the crate (root path is now a symlink) so cargo package works
crates/sverb-server/migrations/0004_share.sql,agent-M7-07,M7-07,modified,2026-10-09T07:42:32Z,,moved into the crate (root path is now a symlink) so cargo package works
assets/shell-integration/bash,agent-M7-07,M7-07,modified,2026-10-09T07:42:32Z,,moved into the crate (root path is now a symlink) so cargo package works
crates/sverb-core/assets/shell-integration/bash,agent-M7-07,M7-07,modified,2026-10-09T07:42:32Z,,moved into the crate (root path is now a symlink) so cargo package works
assets/shell-integration/zsh,agent-M7-07,M7-07,modified,2026-10-09T07:42:32Z,,moved into the crate (root path is now a symlink) so cargo package works
crates/sverb-core/assets/shell-integration/zsh,agent-M7-07,M7-07,modified,2026-10-09T07:42:32Z,,moved into the crate (root path is now a symlink) so cargo package works
assets/shell-integration/fish,agent-M7-07,M7-07,modified,2026-10-09T07:42:32Z,,moved into the crate (root path is now a symlink) so cargo package works
crates/sverb-core/assets/shell-integration/fish,agent-M7-07,M7-07,modified,2026-10-09T07:42:32Z,,moved into the crate (root path is now a symlink) so cargo package works
crates/sverb/Cargo.toml,agent-M7-07,M7-07,locked,2026-10-09T07:42:46Z,,crates.io metadata
crates/sverb/Cargo.toml,agent-M7-07,M7-07,modified,2026-10-09T07:42:46Z,,crates.io metadata; internal dep versions; db.rs doc
Cargo.toml,agent-M7-07,M7-07,modified,2026-10-09T07:42:46Z,,crates.io metadata; internal dep versions; db.rs doc
crates/sverb-server/src/db.rs,agent-M7-07,M7-07,modified,2026-10-09T07:42:46Z,,crates.io metadata; internal dep versions; db.rs doc
crates/sverb-conn/Cargo.toml,agent-M7-07,M7-07,modified,2026-10-09T07:43:24Z,,self dev-dep path-only for cargo publish
scripts/release-package.sh,agent-M7-07,M7-07,locked,2026-10-09T07:43:49Z,,release automation + packaging
scripts/update-packaging.py,agent-M7-07,M7-07,locked,2026-10-09T07:43:49Z,,release automation + packaging
.github/workflows/cd.yml,agent-M7-07,M7-07,locked,2026-10-09T07:43:50Z,,release automation + packaging
.github/workflows/release-plz.yml,agent-M7-07,M7-07,locked,2026-10-09T07:43:50Z,,release automation + packaging
release-plz.toml,agent-M7-07,M7-07,locked,2026-10-09T07:43:50Z,,release automation + packaging
packaging/aur/sverb/PKGBUILD,agent-M7-07,M7-07,locked,2026-10-09T07:43:50Z,,release automation + packaging
packaging/aur/sverb-bin/PKGBUILD,agent-M7-07,M7-07,locked,2026-10-09T07:43:50Z,,release automation + packaging
packaging/homebrew/sverb.rb,agent-M7-07,M7-07,locked,2026-10-09T07:43:50Z,,release automation + packaging
packaging/scoop/sverb.json,agent-M7-07,M7-07,locked,2026-10-09T07:43:50Z,,release automation + packaging
packaging/README.md,agent-M7-07,M7-07,locked,2026-10-09T07:43:50Z,,release automation + packaging
flake.nix,agent-M7-07,M7-07,locked,2026-10-09T07:43:50Z,,release automation + packaging
deploy/Dockerfile.server,agent-M7-07,M7-07,locked,2026-10-09T07:43:50Z,,release automation + packaging
deploy/Dockerfile.server.release,agent-M7-07,M7-07,locked,2026-10-09T07:43:50Z,,release automation + packaging
.github/workflows/ci.yml,agent-M7-07,M7-07,locked,2026-10-09T07:43:50Z,,release automation + packaging
packaging/aur/sverb/.SRCINFO,agent-M7-07,M7-07,locked,2026-10-09T07:46:42Z,,aur srcinfo
packaging/aur/sverb-bin/.SRCINFO,agent-M7-07,M7-07,locked,2026-10-09T07:46:42Z,,aur srcinfo
release-plz-changelog.toml,agent-M7-07,M7-07,locked,2026-10-09T07:50:08Z,,release-plz changelog config
release-plz-changelog.toml,agent-M7-07,M7-07,released,2026-10-09T07:50:18Z,,not created (folded into release-plz.toml)
scripts/release-package.sh,agent-M7-07,M7-07,modified,2026-10-09T07:50:33Z,,M7-07 release automation and package channels
scripts/update-packaging.py,agent-M7-07,M7-07,modified,2026-10-09T07:50:33Z,,M7-07 release automation and package channels
.github/workflows/cd.yml,agent-M7-07,M7-07,modified,2026-10-09T07:50:33Z,,M7-07 release automation and package channels
.github/workflows/release-plz.yml,agent-M7-07,M7-07,modified,2026-10-09T07:50:33Z,,M7-07 release automation and package channels
release-plz.toml,agent-M7-07,M7-07,modified,2026-10-09T07:50:33Z,,M7-07 release automation and package channels
packaging/aur/sverb/PKGBUILD,agent-M7-07,M7-07,modified,2026-10-09T07:50:33Z,,M7-07 release automation and package channels
packaging/aur/sverb-bin/PKGBUILD,agent-M7-07,M7-07,modified,2026-10-09T07:50:33Z,,M7-07 release automation and package channels
packaging/aur/sverb/.SRCINFO,agent-M7-07,M7-07,modified,2026-10-09T07:50:33Z,,M7-07 release automation and package channels
packaging/aur/sverb-bin/.SRCINFO,agent-M7-07,M7-07,modified,2026-10-09T07:50:33Z,,M7-07 release automation and package channels
packaging/homebrew/sverb.rb,agent-M7-07,M7-07,modified,2026-10-09T07:50:33Z,,M7-07 release automation and package channels
packaging/scoop/sverb.json,agent-M7-07,M7-07,modified,2026-10-09T07:50:33Z,,M7-07 release automation and package channels
flake.nix,agent-M7-07,M7-07,modified,2026-10-09T07:50:33Z,,M7-07 release automation and package channels
deploy/Dockerfile.server,agent-M7-07,M7-07,modified,2026-10-09T07:50:33Z,,M7-07 release automation and package channels
deploy/Dockerfile.server.release,agent-M7-07,M7-07,modified,2026-10-09T07:50:33Z,,M7-07 release automation and package channels
.github/workflows/ci.yml,agent-M7-07,M7-07,modified,2026-10-09T07:50:33Z,,M7-07 release automation and package channels
packaging/README.md,agent-M7-07,M7-07,released,2026-10-09T07:50:40Z,,not created (docs/release.md instead)
docs/data-model.md,agent-M7-07,M7-07,locked,2026-10-09T07:51:06Z,,docs: workspace encoding; backup format
docs/data-model.md,agent-M7-07,M7-07,modified,2026-10-09T07:51:06Z,,workspace encoding + backup format sections
crates/sverb-core/src/config/validate.rs,agent-M7-07,M7-07,locked,2026-10-09T07:51:42Z,,warn on not-yet-effective keys
crates/sverb-core/src/config/validate.rs,agent-M7-07,M7-07,modified,2026-10-09T07:52:11Z,,warnings for ssh.read_ssh_config / terminal.bell (not implemented)
crates/sverb-core/src/config/model.rs,agent-M7-07,M7-07,modified,2026-10-09T07:52:11Z,,warnings for ssh.read_ssh_config / terminal.bell (not implemented)
crates/sverb-core/src/config/tests.rs,agent-M7-07,M7-07,modified,2026-10-09T07:52:11Z,,warnings for ssh.read_ssh_config / terminal.bell (not implemented)
docs/config.schema.json,agent-M7-07,M7-07,modified,2026-10-09T07:52:11Z,,warnings for ssh.read_ssh_config / terminal.bell (not implemented)
docs/config.md,agent-M7-07,M7-07,modified,2026-10-09T07:52:11Z,,warnings for ssh.read_ssh_config / terminal.bell (not implemented)
crates/sverb/src/cli/tests.rs,agent-M7-07,M7-07,locked,2026-10-09T07:52:42Z,,help snapshots + stub coverage for generate
crates/sverb/src/cli/snapshots/help@sync.snap,agent-M7-07,M7-07,locked,2026-10-09T07:52:42Z,,help snapshots + stub coverage for generate
crates/sverb/src/cli/snapshots/help@local.snap,agent-M7-07,M7-07,locked,2026-10-09T07:52:42Z,,help snapshots + stub coverage for generate
crates/sverb/src/cli/tests.rs,agent-M7-07,M7-07,modified,2026-10-09T07:53:11Z,,help snapshots (new description + hidden generate); stub coverage
crates/sverb/src/cli/snapshots/help@sync.snap,agent-M7-07,M7-07,modified,2026-10-09T07:53:11Z,,help snapshots (new description + hidden generate); stub coverage
crates/sverb/src/cli/snapshots/help@local.snap,agent-M7-07,M7-07,modified,2026-10-09T07:53:11Z,,help snapshots (new description + hidden generate); stub coverage
crates/sverb/src/cli/generate.rs,agent-M7-07,M7-07,modified,2026-10-09T07:53:11Z,,help snapshots (new description + hidden generate); stub coverage
SPEC.md,agent-M7-07,M7-07,locked,2026-10-09T07:53:28Z,,record decisions and spec additions before 1.0
SPEC.md,agent-M7-07,M7-07,modified,2026-10-09T07:54:56Z,,decisions log; §22 resolved; §10.4 endpoints/close codes; §13.2 rotation; §15/§16/§17/§20; Appendix B
README.md,agent-M7-07,M7-07,locked,2026-10-09T07:55:14Z,,1.0 docs
docs/faq.md,agent-M7-07,M7-07,locked,2026-10-09T07:55:14Z,,1.0 docs
docs/accessibility.md,agent-M7-07,M7-07,locked,2026-10-09T07:55:14Z,,1.0 docs
docs/release.md,agent-M7-07,M7-07,locked,2026-10-09T07:55:14Z,,1.0 docs
CHANGELOG.md,agent-M7-07,M7-07,locked,2026-10-09T07:55:14Z,,1.0 docs
docs/self-hosting.md,agent-M7-07,M7-07,locked,2026-10-09T07:55:14Z,,1.0 docs
CONTRIBUTING.md,agent-M7-07,M7-07,locked,2026-10-09T07:55:14Z,,1.0 docs
README.md,agent-M7-07,M7-07,modified,2026-10-09T07:58:23Z,,1.0 docs: README rewrite; FAQ; accessibility; release guide; CHANGELOG; published image
docs/faq.md,agent-M7-07,M7-07,modified,2026-10-09T07:58:23Z,,1.0 docs: README rewrite; FAQ; accessibility; release guide; CHANGELOG; published image
docs/accessibility.md,agent-M7-07,M7-07,modified,2026-10-09T07:58:23Z,,1.0 docs: README rewrite; FAQ; accessibility; release guide; CHANGELOG; published image
docs/release.md,agent-M7-07,M7-07,modified,2026-10-09T07:58:23Z,,1.0 docs: README rewrite; FAQ; accessibility; release guide; CHANGELOG; published image
CHANGELOG.md,agent-M7-07,M7-07,modified,2026-10-09T07:58:23Z,,1.0 docs: README rewrite; FAQ; accessibility; release guide; CHANGELOG; published image
docs/self-hosting.md,agent-M7-07,M7-07,modified,2026-10-09T07:58:23Z,,1.0 docs: README rewrite; FAQ; accessibility; release guide; CHANGELOG; published image
CONTRIBUTING.md,agent-M7-07,M7-07,modified,2026-10-09T07:58:23Z,,1.0 docs: README rewrite; FAQ; accessibility; release guide; CHANGELOG; published image
assets/shell-integration/bash,agent-M7-07,M7-07,released,2026-10-09T08:09:02Z,,orchestrator: complete
assets/shell-integration/fish,agent-M7-07,M7-07,released,2026-10-09T08:09:02Z,,orchestrator: complete
assets/shell-integration/zsh,agent-M7-07,M7-07,released,2026-10-09T08:09:02Z,,orchestrator: complete
Cargo.toml,agent-M7-07,M7-07,released,2026-10-09T08:09:02Z,,orchestrator: complete
CHANGELOG.md,agent-M7-07,M7-07,released,2026-10-09T08:09:02Z,,orchestrator: complete
CONTRIBUTING.md,agent-M7-07,M7-07,released,2026-10-09T08:09:02Z,,orchestrator: complete
crates/sverb/Cargo.toml,agent-M7-07,M7-07,released,2026-10-09T08:09:02Z,,orchestrator: complete
crates/sverb-conn/Cargo.toml,agent-M7-07,M7-07,released,2026-10-09T08:09:02Z,,orchestrator: complete
crates/sverb-core/assets/shell-integration/bash,agent-M7-07,M7-07,released,2026-10-09T08:09:02Z,,orchestrator: complete
crates/sverb-core/assets/shell-integration/fish,agent-M7-07,M7-07,released,2026-10-09T08:09:02Z,,orchestrator: complete
crates/sverb-core/assets/shell-integration/zsh,agent-M7-07,M7-07,released,2026-10-09T08:09:02Z,,orchestrator: complete
crates/sverb-core/Cargo.toml,agent-M7-07,M7-07,released,2026-10-09T08:09:02Z,,orchestrator: complete
crates/sverb-core/src/config/default_config.toml,agent-M7-07,M7-07,released,2026-10-09T08:09:02Z,,orchestrator: complete
crates/sverb-core/src/config/model.rs,agent-M7-07,M7-07,released,2026-10-09T08:09:02Z,,orchestrator: complete
crates/sverb-core/src/config/schema.rs,agent-M7-07,M7-07,released,2026-10-09T08:09:02Z,,orchestrator: complete
crates/sverb-core/src/config/tests.rs,agent-M7-07,M7-07,released,2026-10-09T08:09:02Z,,orchestrator: complete
crates/sverb-core/src/config/validate.rs,agent-M7-07,M7-07,released,2026-10-09T08:09:02Z,,orchestrator: complete
crates/sverb-core/src/snippet/builtin/shell_integration.rs,agent-M7-07,M7-07,released,2026-10-09T08:09:02Z,,orchestrator: complete
crates/sverb-server/Cargo.toml,agent-M7-07,M7-07,released,2026-10-09T08:09:02Z,,orchestrator: complete
crates/sverb-server/migrations/0001_init.sql,agent-M7-07,M7-07,released,2026-10-09T08:09:02Z,,orchestrator: complete
crates/sverb-server/migrations/0002_login_states.sql,agent-M7-07,M7-07,released,2026-10-09T08:09:02Z,,orchestrator: complete
crates/sverb-server/migrations/0003_sync.sql,agent-M7-07,M7-07,released,2026-10-09T08:09:02Z,,orchestrator: complete
crates/sverb-server/migrations/0004_share.sql,agent-M7-07,M7-07,released,2026-10-09T08:09:02Z,,orchestrator: complete
crates/sverb-server/src/db.rs,agent-M7-07,M7-07,released,2026-10-09T08:09:02Z,,orchestrator: complete
crates/sverb/src/cli/generate.rs,agent-M7-07,M7-07,released,2026-10-09T08:09:02Z,,orchestrator: complete
crates/sverb/src/cli/mod.rs,agent-M7-07,M7-07,released,2026-10-09T08:09:02Z,,orchestrator: complete
crates/sverb/src/cli/snapshots/help@local.snap,agent-M7-07,M7-07,released,2026-10-09T08:09:02Z,,orchestrator: complete
crates/sverb/src/cli/snapshots/help@sync.snap,agent-M7-07,M7-07,released,2026-10-09T08:09:02Z,,orchestrator: complete
crates/sverb/src/cli/snapshots/sverb__cli__generate__tests__man_local.snap,agent-M7-07,M7-07,released,2026-10-09T08:09:02Z,,orchestrator: complete
crates/sverb/src/cli/snapshots/sverb__cli__generate__tests__man_sync.snap,agent-M7-07,M7-07,released,2026-10-09T08:09:02Z,,orchestrator: complete
crates/sverb/src/cli/tests.rs,agent-M7-07,M7-07,released,2026-10-09T08:09:02Z,,orchestrator: complete
crates/sverb-store/Cargo.toml,agent-M7-07,M7-07,released,2026-10-09T08:09:02Z,,orchestrator: complete
crates/sverb-sync/Cargo.toml,agent-M7-07,M7-07,released,2026-10-09T08:09:02Z,,orchestrator: complete
crates/sverb-tui/Cargo.toml,agent-M7-07,M7-07,released,2026-10-09T08:09:02Z,,orchestrator: complete
crates/sverb-tui/src/app/a11y_tests.rs,agent-M7-07,M7-07,released,2026-10-09T08:09:02Z,,orchestrator: complete
crates/sverb-tui/src/app/mod.rs,agent-M7-07,M7-07,released,2026-10-09T08:09:02Z,,orchestrator: complete
crates/sverb-tui/src/app/shell.rs,agent-M7-07,M7-07,released,2026-10-09T08:09:02Z,,orchestrator: complete
crates/sverb-tui/src/app/snapshots/sverb_tui__app__a11y_tests__t06_broadcast_no_color_ascii.snap,agent-M7-07,M7-07,released,2026-10-09T08:09:02Z,,orchestrator: complete
crates/sverb-tui/src/app/snapshots/sverb_tui__app__a11y_tests__t06_hosts_toasts_no_color_ascii.snap,agent-M7-07,M7-07,released,2026-10-09T08:09:02Z,,orchestrator: complete
crates/sverb-tui/src/keymap/dump.rs,agent-M7-07,M7-07,released,2026-10-09T08:09:02Z,,orchestrator: complete
crates/sverb-tui/src/runtime/capabilities.rs,agent-M7-07,M7-07,released,2026-10-09T08:09:02Z,,orchestrator: complete
crates/sverb-tui/src/runtime/mod.rs,agent-M7-07,M7-07,released,2026-10-09T08:09:02Z,,orchestrator: complete
crates/sverb-tui/src/theme/glyphs.rs,agent-M7-07,M7-07,released,2026-10-09T08:09:02Z,,orchestrator: complete
crates/sverb-tui/src/theme/mod.rs,agent-M7-07,M7-07,released,2026-10-09T08:09:02Z,,orchestrator: complete
crates/sverb-tui/src/widgets/terminal_pane.rs,agent-M7-07,M7-07,released,2026-10-09T08:09:02Z,,orchestrator: complete
deploy/Dockerfile.server,agent-M7-07,M7-07,released,2026-10-09T08:09:02Z,,orchestrator: complete
deploy/Dockerfile.server.release,agent-M7-07,M7-07,released,2026-10-09T08:09:02Z,,orchestrator: complete
docs/accessibility.md,agent-M7-07,M7-07,released,2026-10-09T08:09:02Z,,orchestrator: complete
docs/config.md,agent-M7-07,M7-07,released,2026-10-09T08:09:02Z,,orchestrator: complete
docs/config.schema.json,agent-M7-07,M7-07,released,2026-10-09T08:09:02Z,,orchestrator: complete
docs/data-model.md,agent-M7-07,M7-07,released,2026-10-09T08:09:02Z,,orchestrator: complete
docs/faq.md,agent-M7-07,M7-07,released,2026-10-09T08:09:02Z,,orchestrator: complete
docs/keybindings.md,agent-M7-07,M7-07,released,2026-10-09T08:09:02Z,,orchestrator: complete
docs/release.md,agent-M7-07,M7-07,released,2026-10-09T08:09:02Z,,orchestrator: complete
docs/self-hosting.md,agent-M7-07,M7-07,released,2026-10-09T08:09:02Z,,orchestrator: complete
flake.nix,agent-M7-07,M7-07,released,2026-10-09T08:09:02Z,,orchestrator: complete
fuzz/fuzz_targets/bundle_open.rs,agent-M7-07,M7-07,released,2026-10-09T08:09:02Z,,orchestrator: complete
fuzz/fuzz_targets/envelope_open.rs,agent-M7-07,M7-07,released,2026-10-09T08:09:02Z,,orchestrator: complete
fuzz/fuzz_targets/grant_open.rs,agent-M7-07,M7-07,released,2026-10-09T08:09:02Z,,orchestrator: complete
fuzz/fuzz_targets/known_hosts_parse.rs,agent-M7-07,M7-07,released,2026-10-09T08:09:02Z,,orchestrator: complete
fuzz/fuzz_targets/ppk_parse.rs,agent-M7-07,M7-07,released,2026-10-09T08:09:02Z,,orchestrator: complete
fuzz/fuzz_targets/share_frame_decode.rs,agent-M7-07,M7-07,released,2026-10-09T08:09:02Z,,orchestrator: complete
fuzz/fuzz_targets/socks5_request.rs,agent-M7-07,M7-07,released,2026-10-09T08:09:02Z,,orchestrator: complete
fuzz/fuzz_targets/ssh_config_parse.rs,agent-M7-07,M7-07,released,2026-10-09T08:09:02Z,,orchestrator: complete
.github/workflows/cd.yml,agent-M7-07,M7-07,released,2026-10-09T08:09:02Z,,orchestrator: complete
.github/workflows/ci.yml,agent-M7-07,M7-07,released,2026-10-09T08:09:02Z,,orchestrator: complete
.github/workflows/release-plz.yml,agent-M7-07,M7-07,released,2026-10-09T08:09:02Z,,orchestrator: complete
migrations/server/0001_init.sql,agent-M7-07,M7-07,released,2026-10-09T08:09:02Z,,orchestrator: complete
migrations/server/0002_login_states.sql,agent-M7-07,M7-07,released,2026-10-09T08:09:02Z,,orchestrator: complete
migrations/server/0003_sync.sql,agent-M7-07,M7-07,released,2026-10-09T08:09:02Z,,orchestrator: complete
migrations/server/0004_share.sql,agent-M7-07,M7-07,released,2026-10-09T08:09:02Z,,orchestrator: complete
packaging/aur/sverb-bin/PKGBUILD,agent-M7-07,M7-07,released,2026-10-09T08:09:02Z,,orchestrator: complete
packaging/aur/sverb-bin/.SRCINFO,agent-M7-07,M7-07,released,2026-10-09T08:09:02Z,,orchestrator: complete
packaging/aur/sverb/PKGBUILD,agent-M7-07,M7-07,released,2026-10-09T08:09:02Z,,orchestrator: complete
packaging/aur/sverb/.SRCINFO,agent-M7-07,M7-07,released,2026-10-09T08:09:02Z,,orchestrator: complete
packaging/homebrew/sverb.rb,agent-M7-07,M7-07,released,2026-10-09T08:09:02Z,,orchestrator: complete
packaging/scoop/sverb.json,agent-M7-07,M7-07,released,2026-10-09T08:09:02Z,,orchestrator: complete
README.md,agent-M7-07,M7-07,released,2026-10-09T08:09:02Z,,orchestrator: complete
release-plz.toml,agent-M7-07,M7-07,released,2026-10-09T08:09:02Z,,orchestrator: complete
scripts/release-package.sh,agent-M7-07,M7-07,released,2026-10-09T08:09:02Z,,orchestrator: complete
scripts/update-packaging.py,agent-M7-07,M7-07,released,2026-10-09T08:09:02Z,,orchestrator: complete
SPEC.md,agent-M7-07,M7-07,released,2026-10-09T08:09:02Z,,orchestrator: complete
tasks/03-KEYBINDINGS.md,agent-M7-07,M7-07,released,2026-10-09T08:09:02Z,,orchestrator: complete
crates/sverb-term/src/render.rs,orchestrator,FIX-TAB,locked,2026-10-09T08:27:51Z,,control chars in rendered cells
crates/sverb-term/src/fuzz.rs,orchestrator,FIX-TAB,locked,2026-10-09T08:27:51Z,,control chars in rendered cells
crates/sverb-term/tests/render_controls.rs,orchestrator,FIX-TAB,locked,2026-10-09T08:27:51Z,,control chars in rendered cells
crates/sverb-tui/src/app/copy_tests.rs,orchestrator,FIX-TAB,locked,2026-10-09T08:30:19Z,,tab regression test
crates/sverb-term/src/fuzz.rs,orchestrator,FIX-TAB,released,2026-10-09T08:33:18Z,,tab crash fix + tests
crates/sverb-term/src/render.rs,orchestrator,FIX-TAB,released,2026-10-09T08:33:18Z,,tab crash fix + tests
crates/sverb-term/tests/render_controls.rs,orchestrator,FIX-TAB,released,2026-10-09T08:33:18Z,,tab crash fix + tests
crates/sverb-tui/src/app/copy_tests.rs,orchestrator,FIX-TAB,released,2026-10-09T08:33:18Z,,tab crash fix + tests
crates/sverb-tui/src/app/hosts_tests.rs,orchestrator,FIX-SIZE,locked,2026-10-09T08:37:20Z,,pty size probe/test
crates/sverb-tui/src/app/hosts_tests.rs,orchestrator,FIX-SIZE,released,2026-10-09T08:38:29Z,,probe removed
crates/sverb-tui/src/runtime/mod.rs,orchestrator,FIX-SIZE,locked,2026-10-09T08:40:44Z,,initial terminal size
crates/sverb-tui/src/runtime/tests.rs,orchestrator,FIX-SIZE,locked,2026-10-09T08:40:44Z,,initial terminal size
crates/sverb-tui/src/runtime/mod.rs,orchestrator,FIX-SIZE,released,2026-10-09T08:43:48Z,,initial terminal size fix + tests
crates/sverb-tui/src/runtime/tests.rs,orchestrator,FIX-SIZE,released,2026-10-09T08:43:48Z,,initial terminal size fix + tests
crates/sverb-tui/src/shell_tests.rs,orchestrator,FIX-FOCUS,locked,2026-10-09T08:49:41Z,,sidebar focus probe/tests
crates/sverb-tui/src/shell_tests.rs,orchestrator,FIX-FOCUS,released,2026-10-09T08:50:29Z,,probe removed
crates/sverb-tui/src/runtime/tests.rs,orchestrator,FIX-FOCUS,locked,2026-10-09T08:50:29Z,,sidebar focus regression test
crates/sverb-tui/src/runtime/tests.rs,orchestrator,FIX-FOCUS,released,2026-10-09T08:51:09Z,,done
